series_key,series_label,date,actual_value,model_name,model_origin,model_family,forecast_value,forecast_type,horizon_days,forecast_start_date,run_id,source_artifact,is_baseline,is_challenger,is_deferred,is_selected_champion,risk_status,lower_bound,upper_bound,interval_level
APC-Dedicated,APC-Dedicated,2025-05-03,2427.007518,FixedGrowth_1_5,baseline,growth_baseline,2428.13071863,backtest,1,2025-05-02,full_baseline_20260611_103953,outputs/model_lab/full_baseline/full_baseline_forecasts.csv,True,False,False,False,ok,,,
APC-Dedicated,APC-Dedicated,2025-05-04,2427.007518,FixedGrowth_1_5,baseline,growth_baseline,2429.3441772600004,backtest,2,2025-05-02,full_baseline_20260611_103953,outputs/model_lab/full_baseline/full_baseline_forecasts.csv,True,False,False,False,ok,,,
APC-Dedicated,APC-Dedicated,2025-05-05,2427.007518,FixedGrowth_1_5,baseline,growth_baseline,2430.5576358900003,backtest,3,2025-05-02,full_baseline_20260611_103953,outputs/model_lab/full_baseline/full_baseline_forecasts.csv,True,False,False,False,ok,,,
APC-Dedicated,APC-Dedicated,2025-05-06,2428.8771770000003,FixedGrowth_1_5,baseline,growth_baseline,2431.77109452,backtest,4,2025-05-02,full_baseline_20260611_103953,outputs/model_lab/full_baseline/full_baseline_forecasts.csv,True,False,False,False,ok,,,
APC-Dedicated,APC-Dedicated,2025-05-07,2422.13321,FixedGrowth_1_5,baseline,growth_baseline,2432.98455315,backtest,5,2025-05-02,full_baseline_20260611_103953,outputs/model_lab/full_baseline/full_baseline_forecasts.csv,True,False,False,False,ok,,,
APC-Dedicated,APC-Dedicated,2025-05-08,2400.190447,FixedGrowth_1_5,baseline,growth_baseline,2434.1980117800003,backtest,6,2025-05-02,full_baseline_20260611_103953,outputs/model_lab/full_baseline/full_baseline_forecasts.csv,True,False,False,False,ok,,,
APC-Dedicated,APC-Dedicated,2025-05-09,2255.473239,FixedGrowth_1_5,baseline,growth_baseline,2435.41147041,backtest,7,2025-05-02,full_baseline_20260611_103953,outputs/model_lab/full_baseline/full_baseline_forecasts.csv,True,False,False,False,ok,,,
APC-Dedicated,APC-Dedicated,2025-05-10,2235.911894,FixedGrowth_1_5,baseline,growth_baseline,2436.62492904,backtest,8,2025-05-02,full_baseline_20260611_103953,outputs/model_lab/full_baseline/full_baseline_forecasts.csv,True,False,False,False,ok,,,
APC-Dedicated,APC-Dedicated,2025-05-11,2233.157972,FixedGrowth_1_5,baseline,growth_baseline,2437.83838767,backtest,9,2025-05-02,full_baseline_20260611_103953,outputs/model_lab/full_baseline/full_baseline_forecasts.csv,True,False,False,False,ok,,,
APC-Dedicated,APC-Dedicated,2025-05-12,2233.157972,FixedGrowth_1_5,baseline,growth_baseline,2439.0518463000003,backtest,10,2025-05-02,full_baseline_20260611_103953,outputs/model_lab/full_baseline/full_baseline_forecasts.csv,True,False,False,False,ok,,,
APC-Dedicated,APC-Dedicated,2025-05-13,2234.5702570000003,FixedGrowth_1_5,baseline,growth_baseline,2440.26530493,backtest,11,2025-05-02,full_baseline_20260611_103953,outputs/model_lab/full_baseline/full_baseline_forecasts.csv,True,False,False,False,ok,,,
APC-Dedicated,APC-Dedicated,2025-05-14,2235.965829,FixedGrowth_1_5,baseline,growth_baseline,2441.47876356,backtest,12,2025-05-02,full_baseline_20260611_103953,outputs/model_lab/full_baseline/full_baseline_forecasts.csv,True,False,False,False,ok,,,
APC-Dedicated,APC-Dedicated,2025-05-15,2238.141524,FixedGrowth_1_5,baseline,growth_baseline,2442.6922221900004,backtest,13,2025-05-02,full_baseline_20260611_103953,outputs/model_lab/full_baseline/full_baseline_forecasts.csv,True,False,False,False,ok,,,
APC-Dedicated,APC-Dedicated,2025-05-16,2240.079121,FixedGrowth_1_5,baseline,growth_baseline,2443.9056808200003,backtest,14,2025-05-02,full_baseline_20260611_103953,outputs/model_lab/full_baseline/full_baseline_forecasts.csv,True,False,False,False,ok,,,
APC-Dedicated,APC-Dedicated,2025-05-17,2240.643129,FixedGrowth_1_5,baseline,growth_baseline,2445.11913945,backtest,15,2025-05-02,full_baseline_20260611_103953,outputs/model_lab/full_baseline/full_baseline_forecasts.csv,True,False,False,False,ok,,,
APC-Dedicated,APC-Dedicated,2025-05-18,2240.828675,FixedGrowth_1_5,baseline,growth_baseline,2446.33259808,backtest,16,2025-05-02,full_baseline_20260611_103953,outputs/model_lab/full_baseline/full_baseline_forecasts.csv,True,False,False,False,ok,,,
APC-Dedicated,APC-Dedicated,2025-05-19,2242.609074,FixedGrowth_1_5,baseline,growth_baseline,2447.5460567100004,backtest,17,2025-05-02,full_baseline_20260611_103953,outputs/model_lab/full_baseline/full_baseline_forecasts.csv,True,False,False,False,ok,,,
APC-Dedicated,APC-Dedicated,2025-05-20,2244.5632920000003,FixedGrowth_1_5,baseline,growth_baseline,2448.75951534,backtest,18,2025-05-02,full_baseline_20260611_103953,outputs/model_lab/full_baseline/full_baseline_forecasts.csv,True,False,False,False,ok,,,
APC-Dedicated,APC-Dedicated,2025-05-21,2246.551058,FixedGrowth_1_5,baseline,growth_baseline,2449.97297397,backtest,19,2025-05-02,full_baseline_20260611_103953,outputs/model_lab/full_baseline/full_baseline_forecasts.csv,True,False,False,False,ok,,,
APC-Dedicated,APC-Dedicated,2025-05-22,2248.2515120000003,FixedGrowth_1_5,baseline,growth_baseline,2451.1864326,backtest,20,2025-05-02,full_baseline_20260611_103953,outputs/model_lab/full_baseline/full_baseline_forecasts.csv,True,False,False,False,ok,,,
APC-Dedicated,APC-Dedicated,2025-05-23,2250.541422,FixedGrowth_1_5,baseline,growth_baseline,2452.3998912300003,backtest,21,2025-05-02,full_baseline_20260611_103953,outputs/model_lab/full_baseline/full_baseline_forecasts.csv,True,False,False,False,ok,,,
APC-Dedicated,APC-Dedicated,2025-05-24,2251.014411,FixedGrowth_1_5,baseline,growth_baseline,2453.61334986,backtest,22,2025-05-02,full_baseline_20260611_103953,outputs/model_lab/full_baseline/full_baseline_forecasts.csv,True,False,False,False,ok,,,
APC-Dedicated,APC-Dedicated,2025-05-25,2251.348703,FixedGrowth_1_5,baseline,growth_baseline,2454.82680849,backtest,23,2025-05-02,full_baseline_20260611_103953,outputs/model_lab/full_baseline/full_baseline_forecasts.csv,True,False,False,False,ok,,,
APC-Dedicated,APC-Dedicated,2025-05-26,2251.348703,FixedGrowth_1_5,baseline,growth_baseline,2456.04026712,backtest,24,2025-05-02,full_baseline_20260611_103953,outputs/model_lab/full_baseline/full_baseline_forecasts.csv,True,False,False,False,ok,,,
APC-Dedicated,APC-Dedicated,2025-05-27,2239.516276,FixedGrowth_1_5,baseline,growth_baseline,2457.2537257500003,backtest,25,2025-05-02,full_baseline_20260611_103953,outputs/model_lab/full_baseline/full_baseline_forecasts.csv,True,False,False,False,ok,,,
APC-Dedicated,APC-Dedicated,2025-05-28,2201.490081,FixedGrowth_1_5,baseline,growth_baseline,2458.46718438,backtest,26,2025-05-02,full_baseline_20260611_103953,outputs/model_lab/full_baseline/full_baseline_forecasts.csv,True,False,False,False,ok,,,
APC-Dedicated,APC-Dedicated,2025-05-29,2196.6965520000003,FixedGrowth_1_5,baseline,growth_baseline,2459.68064301,backtest,27,2025-05-02,full_baseline_20260611_103953,outputs/model_lab/full_baseline/full_baseline_forecasts.csv,True,False,False,False,ok,,,
APC-Dedicated,APC-Dedicated,2025-05-30,2195.314518,FixedGrowth_1_5,baseline,growth_baseline,2460.8941016400004,backtest,28,2025-05-02,full_baseline_20260611_103953,outputs/model_lab/full_baseline/full_baseline_forecasts.csv,True,False,False,False,ok,,,
APC-Dedicated,APC-Dedicated,2025-05-31,2191.670809,FixedGrowth_1_5,baseline,growth_baseline,2462.10756027,backtest,29,2025-05-02,full_baseline_20260611_103953,outputs/model_lab/full_baseline/full_baseline_forecasts.csv,True,False,False,False,ok,,,
APC-Dedicated,APC-Dedicated,2025-06-01,2187.022625,FixedGrowth_1_5,baseline,growth_baseline,2463.3210189,backtest,30,2025-05-02,full_baseline_20260611_103953,outputs/model_lab/full_baseline/full_baseline_forecasts.csv,True,False,False,False,ok,,,
APC-Dedicated,APC-Dedicated,2025-06-02,2184.020518,FixedGrowth_1_5,baseline,growth_baseline,2188.1161363125,backtest,1,2025-06-01,full_baseline_20260611_103953,outputs/model_lab/full_baseline/full_baseline_forecasts.csv,True,False,False,False,ok,,,
APC-Dedicated,APC-Dedicated,2025-06-03,2182.370942,FixedGrowth_1_5,baseline,growth_baseline,2189.209647625,backtest,2,2025-06-01,full_baseline_20260611_103953,outputs/model_lab/full_baseline/full_baseline_forecasts.csv,True,False,False,False,ok,,,
APC-Dedicated,APC-Dedicated,2025-06-04,2166.200666,FixedGrowth_1_5,baseline,growth_baseline,2190.3031589375,backtest,3,2025-06-01,full_baseline_20260611_103953,outputs/model_lab/full_baseline/full_baseline_forecasts.csv,True,False,False,False,ok,,,
APC-Dedicated,APC-Dedicated,2025-06-05,2134.843964,FixedGrowth_1_5,baseline,growth_baseline,2191.39667025,backtest,4,2025-06-01,full_baseline_20260611_103953,outputs/model_lab/full_baseline/full_baseline_forecasts.csv,True,False,False,False,ok,,,
APC-Dedicated,APC-Dedicated,2025-06-06,2120.254292,FixedGrowth_1_5,baseline,growth_baseline,2192.4901815625,backtest,5,2025-06-01,full_baseline_20260611_103953,outputs/model_lab/full_baseline/full_baseline_forecasts.csv,True,False,False,False,ok,,,
APC-Dedicated,APC-Dedicated,2025-06-07,2114.710938,FixedGrowth_1_5,baseline,growth_baseline,2193.583692875,backtest,6,2025-06-01,full_baseline_20260611_103953,outputs/model_lab/full_baseline/full_baseline_forecasts.csv,True,False,False,False,ok,,,
APC-Dedicated,APC-Dedicated,2025-06-08,2109.059312,FixedGrowth_1_5,baseline,growth_baseline,2194.6772041875,backtest,7,2025-06-01,full_baseline_20260611_103953,outputs/model_lab/full_baseline/full_baseline_forecasts.csv,True,False,False,False,ok,,,
APC-Dedicated,APC-Dedicated,2025-06-09,2106.354733,FixedGrowth_1_5,baseline,growth_baseline,2195.7707155000003,backtest,8,2025-06-01,full_baseline_20260611_103953,outputs/model_lab/full_baseline/full_baseline_forecasts.csv,True,False,False,False,ok,,,
APC-Dedicated,APC-Dedicated,2025-06-10,2097.740968,FixedGrowth_1_5,baseline,growth_baseline,2196.8642268125,backtest,9,2025-06-01,full_baseline_20260611_103953,outputs/model_lab/full_baseline/full_baseline_forecasts.csv,True,False,False,False,ok,,,
APC-Dedicated,APC-Dedicated,2025-06-11,2089.000023,FixedGrowth_1_5,baseline,growth_baseline,2197.957738125,backtest,10,2025-06-01,full_baseline_20260611_103953,outputs/model_lab/full_baseline/full_baseline_forecasts.csv,True,False,False,False,ok,,,
APC-Dedicated,APC-Dedicated,2025-06-12,2077.79025,FixedGrowth_1_5,baseline,growth_baseline,2199.0512494375,backtest,11,2025-06-01,full_baseline_20260611_103953,outputs/model_lab/full_baseline/full_baseline_forecasts.csv,True,False,False,False,ok,,,
APC-Dedicated,APC-Dedicated,2025-06-13,2049.2127020000003,FixedGrowth_1_5,baseline,growth_baseline,2200.14476075,backtest,12,2025-06-01,full_baseline_20260611_103953,outputs/model_lab/full_baseline/full_baseline_forecasts.csv,True,False,False,False,ok,,,
APC-Dedicated,APC-Dedicated,2025-06-14,2014.064224,FixedGrowth_1_5,baseline,growth_baseline,2201.2382720625,backtest,13,2025-06-01,full_baseline_20260611_103953,outputs/model_lab/full_baseline/full_baseline_forecasts.csv,True,False,False,False,ok,,,
APC-Dedicated,APC-Dedicated,2025-06-15,1973.819672,FixedGrowth_1_5,baseline,growth_baseline,2202.331783375,backtest,14,2025-06-01,full_baseline_20260611_103953,outputs/model_lab/full_baseline/full_baseline_forecasts.csv,True,False,False,False,ok,,,
APC-Dedicated,APC-Dedicated,2025-06-16,1938.249986,FixedGrowth_1_5,baseline,growth_baseline,2203.4252946875,backtest,15,2025-06-01,full_baseline_20260611_103953,outputs/model_lab/full_baseline/full_baseline_forecasts.csv,True,False,False,False,ok,,,
APC-Dedicated,APC-Dedicated,2025-06-17,1894.574424,FixedGrowth_1_5,baseline,growth_baseline,2204.518806,backtest,16,2025-06-01,full_baseline_20260611_103953,outputs/model_lab/full_baseline/full_baseline_forecasts.csv,True,False,False,False,ok,,,
APC-Dedicated,APC-Dedicated,2025-06-18,1829.314011,FixedGrowth_1_5,baseline,growth_baseline,2205.6123173125,backtest,17,2025-06-01,full_baseline_20260611_103953,outputs/model_lab/full_baseline/full_baseline_forecasts.csv,True,False,False,False,ok,,,
APC-Dedicated,APC-Dedicated,2025-06-19,1717.936553,FixedGrowth_1_5,baseline,growth_baseline,2206.705828625,backtest,18,2025-06-01,full_baseline_20260611_103953,outputs/model_lab/full_baseline/full_baseline_forecasts.csv,True,False,False,False,ok,,,
APC-Dedicated,APC-Dedicated,2025-06-20,1584.741247,FixedGrowth_1_5,baseline,growth_baseline,2207.7993399375,backtest,19,2025-06-01,full_baseline_20260611_103953,outputs/model_lab/full_baseline/full_baseline_forecasts.csv,True,False,False,False,ok,,,
APC-Dedicated,APC-Dedicated,2025-06-21,1456.73439,FixedGrowth_1_5,baseline,growth_baseline,2208.89285125,backtest,20,2025-06-01,full_baseline_20260611_103953,outputs/model_lab/full_baseline/full_baseline_forecasts.csv,True,False,False,False,ok,,,
APC-Dedicated,APC-Dedicated,2025-06-22,1397.339285,FixedGrowth_1_5,baseline,growth_baseline,2209.9863625625003,backtest,21,2025-06-01,full_baseline_20260611_103953,outputs/model_lab/full_baseline/full_baseline_forecasts.csv,True,False,False,False,ok,,,
APC-Dedicated,APC-Dedicated,2025-06-23,1372.861677,FixedGrowth_1_5,baseline,growth_baseline,2211.079873875,backtest,22,2025-06-01,full_baseline_20260611_103953,outputs/model_lab/full_baseline/full_baseline_forecasts.csv,True,False,False,False,ok,,,
APC-Dedicated,APC-Dedicated,2025-06-24,1368.984671,FixedGrowth_1_5,baseline,growth_baseline,2212.1733851875,backtest,23,2025-06-01,full_baseline_20260611_103953,outputs/model_lab/full_baseline/full_baseline_forecasts.csv,True,False,False,False,ok,,,
APC-Dedicated,APC-Dedicated,2025-06-25,1366.851151,FixedGrowth_1_5,baseline,growth_baseline,2213.2668965000003,backtest,24,2025-06-01,full_baseline_20260611_103953,outputs/model_lab/full_baseline/full_baseline_forecasts.csv,True,False,False,False,ok,,,
APC-Dedicated,APC-Dedicated,2025-06-26,1365.036197,FixedGrowth_1_5,baseline,growth_baseline,2214.3604078125,backtest,25,2025-06-01,full_baseline_20260611_103953,outputs/model_lab/full_baseline/full_baseline_forecasts.csv,True,False,False,False,ok,,,
APC-Dedicated,APC-Dedicated,2025-06-27,1363.31205,FixedGrowth_1_5,baseline,growth_baseline,2215.453919125,backtest,26,2025-06-01,full_baseline_20260611_103953,outputs/model_lab/full_baseline/full_baseline_forecasts.csv,True,False,False,False,ok,,,
APC-Dedicated,APC-Dedicated,2025-06-28,1358.835817,FixedGrowth_1_5,baseline,growth_baseline,2216.5474304375,backtest,27,2025-06-01,full_baseline_20260611_103953,outputs/model_lab/full_baseline/full_baseline_forecasts.csv,True,False,False,False,ok,,,
APC-Dedicated,APC-Dedicated,2025-06-29,1347.996706,FixedGrowth_1_5,baseline,growth_baseline,2217.64094175,backtest,28,2025-06-01,full_baseline_20260611_103953,outputs/model_lab/full_baseline/full_baseline_forecasts.csv,True,False,False,False,ok,,,
APC-Dedicated,APC-Dedicated,2025-06-30,1332.869394,FixedGrowth_1_5,baseline,growth_baseline,2218.7344530625,backtest,29,2025-06-01,full_baseline_20260611_103953,outputs/model_lab/full_baseline/full_baseline_forecasts.csv,True,False,False,False,ok,,,
APC-Dedicated,APC-Dedicated,2025-07-01,1317.257829,FixedGrowth_1_5,baseline,growth_baseline,2219.827964375,backtest,30,2025-06-01,full_baseline_20260611_103953,outputs/model_lab/full_baseline/full_baseline_forecasts.csv,True,False,False,False,ok,,,
APC-Dedicated,APC-Dedicated,2025-07-02,1304.021445,FixedGrowth_1_5,baseline,growth_baseline,1317.9164579145,backtest,1,2025-07-01,full_baseline_20260611_103953,outputs/model_lab/full_baseline/full_baseline_forecasts.csv,True,False,False,False,ok,,,
APC-Dedicated,APC-Dedicated,2025-07-03,1293.5440070000002,FixedGrowth_1_5,baseline,growth_baseline,1318.575086829,backtest,2,2025-07-01,full_baseline_20260611_103953,outputs/model_lab/full_baseline/full_baseline_forecasts.csv,True,False,False,False,ok,,,
APC-Dedicated,APC-Dedicated,2025-07-04,1286.729426,FixedGrowth_1_5,baseline,growth_baseline,1319.2337157435,backtest,3,2025-07-01,full_baseline_20260611_103953,outputs/model_lab/full_baseline/full_baseline_forecasts.csv,True,False,False,False,ok,,,
APC-Dedicated,APC-Dedicated,2025-07-05,1283.6117379999998,FixedGrowth_1_5,baseline,growth_baseline,1319.892344658,backtest,4,2025-07-01,full_baseline_20260611_103953,outputs/model_lab/full_baseline/full_baseline_forecasts.csv,True,False,False,False,ok,,,
APC-Dedicated,APC-Dedicated,2025-07-06,1280.422182,FixedGrowth_1_5,baseline,growth_baseline,1320.5509735725,backtest,5,2025-07-01,full_baseline_20260611_103953,outputs/model_lab/full_baseline/full_baseline_forecasts.csv,True,False,False,False,ok,,,
APC-Dedicated,APC-Dedicated,2025-07-07,1279.079191,FixedGrowth_1_5,baseline,growth_baseline,1321.209602487,backtest,6,2025-07-01,full_baseline_20260611_103953,outputs/model_lab/full_baseline/full_baseline_forecasts.csv,True,False,False,False,ok,,,
APC-Dedicated,APC-Dedicated,2025-07-08,1279.079191,FixedGrowth_1_5,baseline,growth_baseline,1321.8682314015,backtest,7,2025-07-01,full_baseline_20260611_103953,outputs/model_lab/full_baseline/full_baseline_forecasts.csv,True,False,False,False,ok,,,
APC-Dedicated,APC-Dedicated,2025-07-09,1279.5696180000002,FixedGrowth_1_5,baseline,growth_baseline,1322.526860316,backtest,8,2025-07-01,full_baseline_20260611_103953,outputs/model_lab/full_baseline/full_baseline_forecasts.csv,True,False,False,False,ok,,,
APC-Dedicated,APC-Dedicated,2025-07-10,1279.867849,FixedGrowth_1_5,baseline,growth_baseline,1323.1854892304998,backtest,9,2025-07-01,full_baseline_20260611_103953,outputs/model_lab/full_baseline/full_baseline_forecasts.csv,True,False,False,False,ok,,,
APC-Dedicated,APC-Dedicated,2025-07-11,1280.257714,FixedGrowth_1_5,baseline,growth_baseline,1323.8441181449998,backtest,10,2025-07-01,full_baseline_20260611_103953,outputs/model_lab/full_baseline/full_baseline_forecasts.csv,True,False,False,False,ok,,,
APC-Dedicated,APC-Dedicated,2025-07-12,1280.257714,FixedGrowth_1_5,baseline,growth_baseline,1324.5027470594998,backtest,11,2025-07-01,full_baseline_20260611_103953,outputs/model_lab/full_baseline/full_baseline_forecasts.csv,True,False,False,False,ok,,,
APC-Dedicated,APC-Dedicated,2025-07-13,1280.257714,FixedGrowth_1_5,baseline,growth_baseline,1325.1613759739998,backtest,12,2025-07-01,full_baseline_20260611_103953,outputs/model_lab/full_baseline/full_baseline_forecasts.csv,True,False,False,False,ok,,,
APC-Dedicated,APC-Dedicated,2025-07-14,1280.014829,FixedGrowth_1_5,baseline,growth_baseline,1325.8200048885,backtest,13,2025-07-01,full_baseline_20260611_103953,outputs/model_lab/full_baseline/full_baseline_forecasts.csv,True,False,False,False,ok,,,
APC-Dedicated,APC-Dedicated,2025-07-15,1278.8787510000002,FixedGrowth_1_5,baseline,growth_baseline,1326.478633803,backtest,14,2025-07-01,full_baseline_20260611_103953,outputs/model_lab/full_baseline/full_baseline_forecasts.csv,True,False,False,False,ok,,,
APC-Dedicated,APC-Dedicated,2025-07-16,1274.707513,FixedGrowth_1_5,baseline,growth_baseline,1327.1372627175,backtest,15,2025-07-01,full_baseline_20260611_103953,outputs/model_lab/full_baseline/full_baseline_forecasts.csv,True,False,False,False,ok,,,
APC-Dedicated,APC-Dedicated,2025-07-17,1274.200147,FixedGrowth_1_5,baseline,growth_baseline,1327.795891632,backtest,16,2025-07-01,full_baseline_20260611_103953,outputs/model_lab/full_baseline/full_baseline_forecasts.csv,True,False,False,False,ok,,,
APC-Dedicated,APC-Dedicated,2025-07-18,1274.120194,FixedGrowth_1_5,baseline,growth_baseline,1328.4545205465,backtest,17,2025-07-01,full_baseline_20260611_103953,outputs/model_lab/full_baseline/full_baseline_forecasts.csv,True,False,False,False,ok,,,
APC-Dedicated,APC-Dedicated,2025-07-19,1274.153127,FixedGrowth_1_5,baseline,growth_baseline,1329.113149461,backtest,18,2025-07-01,full_baseline_20260611_103953,outputs/model_lab/full_baseline/full_baseline_forecasts.csv,True,False,False,False,ok,,,
APC-Dedicated,APC-Dedicated,2025-07-20,1274.153127,FixedGrowth_1_5,baseline,growth_baseline,1329.7717783755,backtest,19,2025-07-01,full_baseline_20260611_103953,outputs/model_lab/full_baseline/full_baseline_forecasts.csv,True,False,False,False,ok,,,
APC-Dedicated,APC-Dedicated,2025-07-21,1274.8003480000002,FixedGrowth_1_5,baseline,growth_baseline,1330.43040729,backtest,20,2025-07-01,full_baseline_20260611_103953,outputs/model_lab/full_baseline/full_baseline_forecasts.csv,True,False,False,False,ok,,,
APC-Dedicated,APC-Dedicated,2025-07-22,1275.3239179999998,FixedGrowth_1_5,baseline,growth_baseline,1331.0890362045,backtest,21,2025-07-01,full_baseline_20260611_103953,outputs/model_lab/full_baseline/full_baseline_forecasts.csv,True,False,False,False,ok,,,
APC-Dedicated,APC-Dedicated,2025-07-23,1276.04455,FixedGrowth_1_5,baseline,growth_baseline,1331.747665119,backtest,22,2025-07-01,full_baseline_20260611_103953,outputs/model_lab/full_baseline/full_baseline_forecasts.csv,True,False,False,False,ok,,,
APC-Dedicated,APC-Dedicated,2025-07-24,1276.794671,FixedGrowth_1_5,baseline,growth_baseline,1332.4062940335,backtest,23,2025-07-01,full_baseline_20260611_103953,outputs/model_lab/full_baseline/full_baseline_forecasts.csv,True,False,False,False,ok,,,
APC-Dedicated,APC-Dedicated,2025-07-25,1277.4117749999998,FixedGrowth_1_5,baseline,growth_baseline,1333.064922948,backtest,24,2025-07-01,full_baseline_20260611_103953,outputs/model_lab/full_baseline/full_baseline_forecasts.csv,True,False,False,False,ok,,,
APC-Dedicated,APC-Dedicated,2025-07-26,1277.80956,FixedGrowth_1_5,baseline,growth_baseline,1333.7235518624998,backtest,25,2025-07-01,full_baseline_20260611_103953,outputs/model_lab/full_baseline/full_baseline_forecasts.csv,True,False,False,False,ok,,,
APC-Dedicated,APC-Dedicated,2025-07-27,1277.975718,FixedGrowth_1_5,baseline,growth_baseline,1334.3821807769998,backtest,26,2025-07-01,full_baseline_20260611_103953,outputs/model_lab/full_baseline/full_baseline_forecasts.csv,True,False,False,False,ok,,,
APC-Dedicated,APC-Dedicated,2025-07-28,1278.5566479999998,FixedGrowth_1_5,baseline,growth_baseline,1335.0408096914998,backtest,27,2025-07-01,full_baseline_20260611_103953,outputs/model_lab/full_baseline/full_baseline_forecasts.csv,True,False,False,False,ok,,,
APC-Dedicated,APC-Dedicated,2025-07-29,1279.197878,FixedGrowth_1_5,baseline,growth_baseline,1335.6994386059998,backtest,28,2025-07-01,full_baseline_20260611_103953,outputs/model_lab/full_baseline/full_baseline_forecasts.csv,True,False,False,False,ok,,,
APC-Dedicated,APC-Dedicated,2025-07-30,1279.608687,FixedGrowth_1_5,baseline,growth_baseline,1336.3580675204998,backtest,29,2025-07-01,full_baseline_20260611_103953,outputs/model_lab/full_baseline/full_baseline_forecasts.csv,True,False,False,False,ok,,,
APC-Dedicated,APC-Dedicated,2025-07-31,1280.3603830000002,FixedGrowth_1_5,baseline,growth_baseline,1337.016696435,backtest,30,2025-07-01,full_baseline_20260611_103953,outputs/model_lab/full_baseline/full_baseline_forecasts.csv,True,False,False,False,ok,,,
APC-Dedicated,APC-Dedicated,2025-08-01,1280.843396,FixedGrowth_1_5,baseline,growth_baseline,1281.0005631915,backtest,1,2025-07-31,full_baseline_20260611_103953,outputs/model_lab/full_baseline/full_baseline_forecasts.csv,True,False,False,False,ok,,,
APC-Dedicated,APC-Dedicated,2025-08-02,1280.9292199999998,FixedGrowth_1_5,baseline,growth_baseline,1281.6407433830002,backtest,2,2025-07-31,full_baseline_20260611_103953,outputs/model_lab/full_baseline/full_baseline_forecasts.csv,True,False,False,False,ok,,,
APC-Dedicated,APC-Dedicated,2025-08-03,1281.004963,FixedGrowth_1_5,baseline,growth_baseline,1282.2809235745,backtest,3,2025-07-31,full_baseline_20260611_103953,outputs/model_lab/full_baseline/full_baseline_forecasts.csv,True,False,False,False,ok,,,
APC-Dedicated,APC-Dedicated,2025-08-04,1281.004963,FixedGrowth_1_5,baseline,growth_baseline,1282.9211037660002,backtest,4,2025-07-31,full_baseline_20260611_103953,outputs/model_lab/full_baseline/full_baseline_forecasts.csv,True,False,False,False,ok,,,
APC-Dedicated,APC-Dedicated,2025-08-05,1278.2396930000002,FixedGrowth_1_5,baseline,growth_baseline,1283.5612839575,backtest,5,2025-07-31,full_baseline_20260611_103953,outputs/model_lab/full_baseline/full_baseline_forecasts.csv,True,False,False,False,ok,,,
APC-Dedicated,APC-Dedicated,2025-08-06,1277.780786,FixedGrowth_1_5,baseline,growth_baseline,1284.2014641490002,backtest,6,2025-07-31,full_baseline_20260611_103953,outputs/model_lab/full_baseline/full_baseline_forecasts.csv,True,False,False,False,ok,,,
APC-Dedicated,APC-Dedicated,2025-08-07,1277.780786,FixedGrowth_1_5,baseline,growth_baseline,1284.8416443405,backtest,7,2025-07-31,full_baseline_20260611_103953,outputs/model_lab/full_baseline/full_baseline_forecasts.csv,True,False,False,False,ok,,,
APC-Dedicated,APC-Dedicated,2025-08-08,1279.417889,FixedGrowth_1_5,baseline,growth_baseline,1285.4818245320002,backtest,8,2025-07-31,full_baseline_20260611_103953,outputs/model_lab/full_baseline/full_baseline_forecasts.csv,True,False,False,False,ok,,,
APC-Dedicated,APC-Dedicated,2025-08-09,1280.599419,FixedGrowth_1_5,baseline,growth_baseline,1286.1220047235,backtest,9,2025-07-31,full_baseline_20260611_103953,outputs/model_lab/full_baseline/full_baseline_forecasts.csv,True,False,False,False,ok,,,
APC-Dedicated,APC-Dedicated,2025-08-10,1281.075032,FixedGrowth_1_5,baseline,growth_baseline,1286.7621849150005,backtest,10,2025-07-31,full_baseline_20260611_103953,outputs/model_lab/full_baseline/full_baseline_forecasts.csv,True,False,False,False,ok,,,
APC-Dedicated,APC-Dedicated,2025-08-11,1282.104502,FixedGrowth_1_5,baseline,growth_baseline,1287.4023651065002,backtest,11,2025-07-31,full_baseline_20260611_103953,outputs/model_lab/full_baseline/full_baseline_forecasts.csv,True,False,False,False,ok,,,
APC-Dedicated,APC-Dedicated,2025-08-12,1282.980376,FixedGrowth_1_5,baseline,growth_baseline,1288.0425452980005,backtest,12,2025-07-31,full_baseline_20260611_103953,outputs/model_lab/full_baseline/full_baseline_forecasts.csv,True,False,False,False,ok,,,
APC-Dedicated,APC-Dedicated,2025-08-13,1283.827668,FixedGrowth_1_5,baseline,growth_baseline,1288.6827254895002,backtest,13,2025-07-31,full_baseline_20260611_103953,outputs/model_lab/full_baseline/full_baseline_forecasts.csv,True,False,False,False,ok,,,
APC-Dedicated,APC-Dedicated,2025-08-14,1284.4939829999998,FixedGrowth_1_5,baseline,growth_baseline,1289.3229056810003,backtest,14,2025-07-31,full_baseline_20260611_103953,outputs/model_lab/full_baseline/full_baseline_forecasts.csv,True,False,False,False,ok,,,
APC-Dedicated,APC-Dedicated,2025-08-15,1285.0588830000002,FixedGrowth_1_5,baseline,growth_baseline,1289.9630858725002,backtest,15,2025-07-31,full_baseline_20260611_103953,outputs/model_lab/full_baseline/full_baseline_forecasts.csv,True,False,False,False,ok,,,
APC-Dedicated,APC-Dedicated,2025-08-16,1285.194566,FixedGrowth_1_5,baseline,growth_baseline,1290.603266064,backtest,16,2025-07-31,full_baseline_20260611_103953,outputs/model_lab/full_baseline/full_baseline_forecasts.csv,True,False,False,False,ok,,,
APC-Dedicated,APC-Dedicated,2025-08-17,1285.225519,FixedGrowth_1_5,baseline,growth_baseline,1291.2434462555002,backtest,17,2025-07-31,full_baseline_20260611_103953,outputs/model_lab/full_baseline/full_baseline_forecasts.csv,True,False,False,False,ok,,,
APC-Dedicated,APC-Dedicated,2025-08-18,1285.689448,FixedGrowth_1_5,baseline,growth_baseline,1291.883626447,backtest,18,2025-07-31,full_baseline_20260611_103953,outputs/model_lab/full_baseline/full_baseline_forecasts.csv,True,False,False,False,ok,,,
APC-Dedicated,APC-Dedicated,2025-08-19,1286.317368,FixedGrowth_1_5,baseline,growth_baseline,1292.5238066385002,backtest,19,2025-07-31,full_baseline_20260611_103953,outputs/model_lab/full_baseline/full_baseline_forecasts.csv,True,False,False,False,ok,,,
APC-Dedicated,APC-Dedicated,2025-08-20,1286.981815,FixedGrowth_1_5,baseline,growth_baseline,1293.16398683,backtest,20,2025-07-31,full_baseline_20260611_103953,outputs/model_lab/full_baseline/full_baseline_forecasts.csv,True,False,False,False,ok,,,
APC-Dedicated,APC-Dedicated,2025-08-21,1287.4911550000002,FixedGrowth_1_5,baseline,growth_baseline,1293.8041670215002,backtest,21,2025-07-31,full_baseline_20260611_103953,outputs/model_lab/full_baseline/full_baseline_forecasts.csv,True,False,False,False,ok,,,
APC-Dedicated,APC-Dedicated,2025-08-22,1287.523419,FixedGrowth_1_5,baseline,growth_baseline,1294.444347213,backtest,22,2025-07-31,full_baseline_20260611_103953,outputs/model_lab/full_baseline/full_baseline_forecasts.csv,True,False,False,False,ok,,,
APC-Dedicated,APC-Dedicated,2025-08-23,1287.595583,FixedGrowth_1_5,baseline,growth_baseline,1295.0845274045002,backtest,23,2025-07-31,full_baseline_20260611_103953,outputs/model_lab/full_baseline/full_baseline_forecasts.csv,True,False,False,False,ok,,,
APC-Dedicated,APC-Dedicated,2025-08-24,1287.595583,FixedGrowth_1_5,baseline,growth_baseline,1295.724707596,backtest,24,2025-07-31,full_baseline_20260611_103953,outputs/model_lab/full_baseline/full_baseline_forecasts.csv,True,False,False,False,ok,,,
APC-Dedicated,APC-Dedicated,2025-08-25,1288.144352,FixedGrowth_1_5,baseline,growth_baseline,1296.3648877875005,backtest,25,2025-07-31,full_baseline_20260611_103953,outputs/model_lab/full_baseline/full_baseline_forecasts.csv,True,False,False,False,ok,,,
APC-Dedicated,APC-Dedicated,2025-08-26,1288.7518040000002,FixedGrowth_1_5,baseline,growth_baseline,1297.0050679790002,backtest,26,2025-07-31,full_baseline_20260611_103953,outputs/model_lab/full_baseline/full_baseline_forecasts.csv,True,False,False,False,ok,,,
APC-Dedicated,APC-Dedicated,2025-08-27,1289.3174239999998,FixedGrowth_1_5,baseline,growth_baseline,1297.6452481705005,backtest,27,2025-07-31,full_baseline_20260611_103953,outputs/model_lab/full_baseline/full_baseline_forecasts.csv,True,False,False,False,ok,,,
APC-Dedicated,APC-Dedicated,2025-08-28,1289.321357,FixedGrowth_1_5,baseline,growth_baseline,1298.2854283620002,backtest,28,2025-07-31,full_baseline_20260611_103953,outputs/model_lab/full_baseline/full_baseline_forecasts.csv,True,False,False,False,ok,,,
APC-Dedicated,APC-Dedicated,2025-08-29,1289.3174239999998,FixedGrowth_1_5,baseline,growth_baseline,1298.9256085535003,backtest,29,2025-07-31,full_baseline_20260611_103953,outputs/model_lab/full_baseline/full_baseline_forecasts.csv,True,False,False,False,ok,,,
APC-Dedicated,APC-Dedicated,2025-08-30,1289.1612759999998,FixedGrowth_1_5,baseline,growth_baseline,1299.5657887450002,backtest,30,2025-07-31,full_baseline_20260611_103953,outputs/model_lab/full_baseline/full_baseline_forecasts.csv,True,False,False,False,ok,,,
APC-Dedicated,APC-Dedicated,2025-08-31,1289.1612759999998,FixedGrowth_1_5,baseline,growth_baseline,1289.8058566379998,backtest,1,2025-08-30,full_baseline_20260611_103953,outputs/model_lab/full_baseline/full_baseline_forecasts.csv,True,False,False,False,ok,,,
APC-Dedicated,APC-Dedicated,2025-09-01,1289.3976549999998,FixedGrowth_1_5,baseline,growth_baseline,1290.4504372759998,backtest,2,2025-08-30,full_baseline_20260611_103953,outputs/model_lab/full_baseline/full_baseline_forecasts.csv,True,False,False,False,ok,,,
APC-Dedicated,APC-Dedicated,2025-09-02,1289.3976549999998,FixedGrowth_1_5,baseline,growth_baseline,1291.0950179139998,backtest,3,2025-08-30,full_baseline_20260611_103953,outputs/model_lab/full_baseline/full_baseline_forecasts.csv,True,False,False,False,ok,,,
APC-Dedicated,APC-Dedicated,2025-09-03,1290.019903,FixedGrowth_1_5,baseline,growth_baseline,1291.7395985519995,backtest,4,2025-08-30,full_baseline_20260611_103953,outputs/model_lab/full_baseline/full_baseline_forecasts.csv,True,False,False,False,ok,,,
APC-Dedicated,APC-Dedicated,2025-09-04,1291.252891,FixedGrowth_1_5,baseline,growth_baseline,1292.3841791899997,backtest,5,2025-08-30,full_baseline_20260611_103953,outputs/model_lab/full_baseline/full_baseline_forecasts.csv,True,False,False,False,ok,,,
APC-Dedicated,APC-Dedicated,2025-09-05,1291.517755,FixedGrowth_1_5,baseline,growth_baseline,1293.028759828,backtest,6,2025-08-30,full_baseline_20260611_103953,outputs/model_lab/full_baseline/full_baseline_forecasts.csv,True,False,False,False,ok,,,
APC-Dedicated,APC-Dedicated,2025-09-06,1291.517755,FixedGrowth_1_5,baseline,growth_baseline,1293.673340466,backtest,7,2025-08-30,full_baseline_20260611_103953,outputs/model_lab/full_baseline/full_baseline_forecasts.csv,True,False,False,False,ok,,,
APC-Dedicated,APC-Dedicated,2025-09-07,1291.517755,FixedGrowth_1_5,baseline,growth_baseline,1294.317921104,backtest,8,2025-08-30,full_baseline_20260611_103953,outputs/model_lab/full_baseline/full_baseline_forecasts.csv,True,False,False,False,ok,,,
APC-Dedicated,APC-Dedicated,2025-09-08,1291.695073,FixedGrowth_1_5,baseline,growth_baseline,1294.962501742,backtest,9,2025-08-30,full_baseline_20260611_103953,outputs/model_lab/full_baseline/full_baseline_forecasts.csv,True,False,False,False,ok,,,
APC-Dedicated,APC-Dedicated,2025-09-09,1292.270352,FixedGrowth_1_5,baseline,growth_baseline,1295.6070823799998,backtest,10,2025-08-30,full_baseline_20260611_103953,outputs/model_lab/full_baseline/full_baseline_forecasts.csv,True,False,False,False,ok,,,
APC-Dedicated,APC-Dedicated,2025-09-10,1292.933041,FixedGrowth_1_5,baseline,growth_baseline,1296.2516630179998,backtest,11,2025-08-30,full_baseline_20260611_103953,outputs/model_lab/full_baseline/full_baseline_forecasts.csv,True,False,False,False,ok,,,
APC-Dedicated,APC-Dedicated,2025-09-11,1293.48106,FixedGrowth_1_5,baseline,growth_baseline,1296.8962436559998,backtest,12,2025-08-30,full_baseline_20260611_103953,outputs/model_lab/full_baseline/full_baseline_forecasts.csv,True,False,False,False,ok,,,
APC-Dedicated,APC-Dedicated,2025-09-12,1293.7696609999998,FixedGrowth_1_5,baseline,growth_baseline,1297.5408242939998,backtest,13,2025-08-30,full_baseline_20260611_103953,outputs/model_lab/full_baseline/full_baseline_forecasts.csv,True,False,False,False,ok,,,
APC-Dedicated,APC-Dedicated,2025-09-13,1293.785223,FixedGrowth_1_5,baseline,growth_baseline,1298.1854049319998,backtest,14,2025-08-30,full_baseline_20260611_103953,outputs/model_lab/full_baseline/full_baseline_forecasts.csv,True,False,False,False,ok,,,
APC-Dedicated,APC-Dedicated,2025-09-14,1293.785223,FixedGrowth_1_5,baseline,growth_baseline,1298.8299855699995,backtest,15,2025-08-30,full_baseline_20260611_103953,outputs/model_lab/full_baseline/full_baseline_forecasts.csv,True,False,False,False,ok,,,
APC-Dedicated,APC-Dedicated,2025-09-15,1294.378565,FixedGrowth_1_5,baseline,growth_baseline,1299.4745662079995,backtest,16,2025-08-30,full_baseline_20260611_103953,outputs/model_lab/full_baseline/full_baseline_forecasts.csv,True,False,False,False,ok,,,
APC-Dedicated,APC-Dedicated,2025-09-16,1294.870555,FixedGrowth_1_5,baseline,growth_baseline,1300.119146846,backtest,17,2025-08-30,full_baseline_20260611_103953,outputs/model_lab/full_baseline/full_baseline_forecasts.csv,True,False,False,False,ok,,,
APC-Dedicated,APC-Dedicated,2025-09-17,1295.540617,FixedGrowth_1_5,baseline,growth_baseline,1300.763727484,backtest,18,2025-08-30,full_baseline_20260611_103953,outputs/model_lab/full_baseline/full_baseline_forecasts.csv,True,False,False,False,ok,,,
APC-Dedicated,APC-Dedicated,2025-09-18,1296.1662970000002,FixedGrowth_1_5,baseline,growth_baseline,1301.408308122,backtest,19,2025-08-30,full_baseline_20260611_103953,outputs/model_lab/full_baseline/full_baseline_forecasts.csv,True,False,False,False,ok,,,
APC-Dedicated,APC-Dedicated,2025-09-19,1296.9867319999998,FixedGrowth_1_5,baseline,growth_baseline,1302.05288876,backtest,20,2025-08-30,full_baseline_20260611_103953,outputs/model_lab/full_baseline/full_baseline_forecasts.csv,True,False,False,False,ok,,,
APC-Dedicated,APC-Dedicated,2025-09-20,1297.342146,FixedGrowth_1_5,baseline,growth_baseline,1302.6974693979998,backtest,21,2025-08-30,full_baseline_20260611_103953,outputs/model_lab/full_baseline/full_baseline_forecasts.csv,True,False,False,False,ok,,,
APC-Dedicated,APC-Dedicated,2025-09-21,1297.374104,FixedGrowth_1_5,baseline,growth_baseline,1303.3420500359998,backtest,22,2025-08-30,full_baseline_20260611_103953,outputs/model_lab/full_baseline/full_baseline_forecasts.csv,True,False,False,False,ok,,,
APC-Dedicated,APC-Dedicated,2025-09-22,1298.006812,FixedGrowth_1_5,baseline,growth_baseline,1303.9866306739998,backtest,23,2025-08-30,full_baseline_20260611_103953,outputs/model_lab/full_baseline/full_baseline_forecasts.csv,True,False,False,False,ok,,,
APC-Dedicated,APC-Dedicated,2025-09-23,1298.460047,FixedGrowth_1_5,baseline,growth_baseline,1304.6312113119998,backtest,24,2025-08-30,full_baseline_20260611_103953,outputs/model_lab/full_baseline/full_baseline_forecasts.csv,True,False,False,False,ok,,,
APC-Dedicated,APC-Dedicated,2025-09-24,1298.957379,FixedGrowth_1_5,baseline,growth_baseline,1305.2757919499998,backtest,25,2025-08-30,full_baseline_20260611_103953,outputs/model_lab/full_baseline/full_baseline_forecasts.csv,True,False,False,False,ok,,,
APC-Dedicated,APC-Dedicated,2025-09-25,1299.395549,FixedGrowth_1_5,baseline,growth_baseline,1305.9203725879995,backtest,26,2025-08-30,full_baseline_20260611_103953,outputs/model_lab/full_baseline/full_baseline_forecasts.csv,True,False,False,False,ok,,,
APC-Dedicated,APC-Dedicated,2025-09-26,1300.167637,FixedGrowth_1_5,baseline,growth_baseline,1306.5649532259995,backtest,27,2025-08-30,full_baseline_20260611_103953,outputs/model_lab/full_baseline/full_baseline_forecasts.csv,True,False,False,False,ok,,,
APC-Dedicated,APC-Dedicated,2025-09-27,1300.406772,FixedGrowth_1_5,baseline,growth_baseline,1307.209533864,backtest,28,2025-08-30,full_baseline_20260611_103953,outputs/model_lab/full_baseline/full_baseline_forecasts.csv,True,False,False,False,ok,,,
APC-Dedicated,APC-Dedicated,2025-09-28,1300.4494989999998,FixedGrowth_1_5,baseline,growth_baseline,1307.854114502,backtest,29,2025-08-30,full_baseline_20260611_103953,outputs/model_lab/full_baseline/full_baseline_forecasts.csv,True,False,False,False,ok,,,
APC-Dedicated,APC-Dedicated,2025-09-29,1301.119941,FixedGrowth_1_5,baseline,growth_baseline,1308.49869514,backtest,30,2025-08-30,full_baseline_20260611_103953,outputs/model_lab/full_baseline/full_baseline_forecasts.csv,True,False,False,False,ok,,,
APC-Dedicated,APC-Dedicated,2025-09-30,1301.693698,FixedGrowth_1_5,baseline,growth_baseline,1301.7705009704998,backtest,1,2025-09-29,full_baseline_20260611_103953,outputs/model_lab/full_baseline/full_baseline_forecasts.csv,True,False,False,False,ok,,,
APC-Dedicated,APC-Dedicated,2025-10-01,1301.958854,FixedGrowth_1_5,baseline,growth_baseline,1302.421060941,backtest,2,2025-09-29,full_baseline_20260611_103953,outputs/model_lab/full_baseline/full_baseline_forecasts.csv,True,False,False,False,ok,,,
APC-Dedicated,APC-Dedicated,2025-10-02,1302.6545359999998,FixedGrowth_1_5,baseline,growth_baseline,1303.0716209114998,backtest,3,2025-09-29,full_baseline_20260611_103953,outputs/model_lab/full_baseline/full_baseline_forecasts.csv,True,False,False,False,ok,,,
APC-Dedicated,APC-Dedicated,2025-10-03,1303.089978,FixedGrowth_1_5,baseline,growth_baseline,1303.722180882,backtest,4,2025-09-29,full_baseline_20260611_103953,outputs/model_lab/full_baseline/full_baseline_forecasts.csv,True,False,False,False,ok,,,
APC-Dedicated,APC-Dedicated,2025-10-04,1303.114994,FixedGrowth_1_5,baseline,growth_baseline,1304.3727408525,backtest,5,2025-09-29,full_baseline_20260611_103953,outputs/model_lab/full_baseline/full_baseline_forecasts.csv,True,False,False,False,ok,,,
APC-Dedicated,APC-Dedicated,2025-10-05,1303.536203,FixedGrowth_1_5,baseline,growth_baseline,1305.023300823,backtest,6,2025-09-29,full_baseline_20260611_103953,outputs/model_lab/full_baseline/full_baseline_forecasts.csv,True,False,False,False,ok,,,
APC-Dedicated,APC-Dedicated,2025-10-06,1304.1975200000002,FixedGrowth_1_5,baseline,growth_baseline,1305.6738607935,backtest,7,2025-09-29,full_baseline_20260611_103953,outputs/model_lab/full_baseline/full_baseline_forecasts.csv,True,False,False,False,ok,,,
APC-Dedicated,APC-Dedicated,2025-10-07,1304.686838,FixedGrowth_1_5,baseline,growth_baseline,1306.324420764,backtest,8,2025-09-29,full_baseline_20260611_103953,outputs/model_lab/full_baseline/full_baseline_forecasts.csv,True,False,False,False,ok,,,
APC-Dedicated,APC-Dedicated,2025-10-08,1305.286602,FixedGrowth_1_5,baseline,growth_baseline,1306.9749807345,backtest,9,2025-09-29,full_baseline_20260611_103953,outputs/model_lab/full_baseline/full_baseline_forecasts.csv,True,False,False,False,ok,,,
APC-Dedicated,APC-Dedicated,2025-10-09,1305.6741289999998,FixedGrowth_1_5,baseline,growth_baseline,1307.6255407049998,backtest,10,2025-09-29,full_baseline_20260611_103953,outputs/model_lab/full_baseline/full_baseline_forecasts.csv,True,False,False,False,ok,,,
APC-Dedicated,APC-Dedicated,2025-10-10,1306.253612,FixedGrowth_1_5,baseline,growth_baseline,1308.2761006755,backtest,11,2025-09-29,full_baseline_20260611_103953,outputs/model_lab/full_baseline/full_baseline_forecasts.csv,True,False,False,False,ok,,,
APC-Dedicated,APC-Dedicated,2025-10-11,1306.4725239999998,FixedGrowth_1_5,baseline,growth_baseline,1308.9266606459998,backtest,12,2025-09-29,full_baseline_20260611_103953,outputs/model_lab/full_baseline/full_baseline_forecasts.csv,True,False,False,False,ok,,,
APC-Dedicated,APC-Dedicated,2025-10-12,1306.5927129999998,FixedGrowth_1_5,baseline,growth_baseline,1309.5772206165,backtest,13,2025-09-29,full_baseline_20260611_103953,outputs/model_lab/full_baseline/full_baseline_forecasts.csv,True,False,False,False,ok,,,
APC-Dedicated,APC-Dedicated,2025-10-13,1307.173604,FixedGrowth_1_5,baseline,growth_baseline,1310.227780587,backtest,14,2025-09-29,full_baseline_20260611_103953,outputs/model_lab/full_baseline/full_baseline_forecasts.csv,True,False,False,False,ok,,,
APC-Dedicated,APC-Dedicated,2025-10-14,1307.6793609999995,FixedGrowth_1_5,baseline,growth_baseline,1310.8783405575,backtest,15,2025-09-29,full_baseline_20260611_103953,outputs/model_lab/full_baseline/full_baseline_forecasts.csv,True,False,False,False,ok,,,
APC-Dedicated,APC-Dedicated,2025-10-15,1308.256189,FixedGrowth_1_5,baseline,growth_baseline,1311.528900528,backtest,16,2025-09-29,full_baseline_20260611_103953,outputs/model_lab/full_baseline/full_baseline_forecasts.csv,True,False,False,False,ok,,,
APC-Dedicated,APC-Dedicated,2025-10-16,1308.838997,FixedGrowth_1_5,baseline,growth_baseline,1312.1794604985,backtest,17,2025-09-29,full_baseline_20260611_103953,outputs/model_lab/full_baseline/full_baseline_forecasts.csv,True,False,False,False,ok,,,
APC-Dedicated,APC-Dedicated,2025-10-17,1309.4338289999998,FixedGrowth_1_5,baseline,growth_baseline,1312.830020469,backtest,18,2025-09-29,full_baseline_20260611_103953,outputs/model_lab/full_baseline/full_baseline_forecasts.csv,True,False,False,False,ok,,,
APC-Dedicated,APC-Dedicated,2025-10-18,1309.5434159999998,FixedGrowth_1_5,baseline,growth_baseline,1313.4805804394998,backtest,19,2025-09-29,full_baseline_20260611_103953,outputs/model_lab/full_baseline/full_baseline_forecasts.csv,True,False,False,False,ok,,,
APC-Dedicated,APC-Dedicated,2025-10-19,1309.574656,FixedGrowth_1_5,baseline,growth_baseline,1314.13114041,backtest,20,2025-09-29,full_baseline_20260611_103953,outputs/model_lab/full_baseline/full_baseline_forecasts.csv,True,False,False,False,ok,,,
APC-Dedicated,APC-Dedicated,2025-10-20,1309.961925,FixedGrowth_1_5,baseline,growth_baseline,1314.7817003804998,backtest,21,2025-09-29,full_baseline_20260611_103953,outputs/model_lab/full_baseline/full_baseline_forecasts.csv,True,False,False,False,ok,,,
APC-Dedicated,APC-Dedicated,2025-10-21,1310.445615,FixedGrowth_1_5,baseline,growth_baseline,1315.432260351,backtest,22,2025-09-29,full_baseline_20260611_103953,outputs/model_lab/full_baseline/full_baseline_forecasts.csv,True,False,False,False,ok,,,
APC-Dedicated,APC-Dedicated,2025-10-22,1311.065647,FixedGrowth_1_5,baseline,growth_baseline,1316.0828203215,backtest,23,2025-09-29,full_baseline_20260611_103953,outputs/model_lab/full_baseline/full_baseline_forecasts.csv,True,False,False,False,ok,,,
APC-Dedicated,APC-Dedicated,2025-10-23,1311.74814,FixedGrowth_1_5,baseline,growth_baseline,1316.733380292,backtest,24,2025-09-29,full_baseline_20260611_103953,outputs/model_lab/full_baseline/full_baseline_forecasts.csv,True,False,False,False,ok,,,
APC-Dedicated,APC-Dedicated,2025-10-24,1312.424382,FixedGrowth_1_5,baseline,growth_baseline,1317.3839402625,backtest,25,2025-09-29,full_baseline_20260611_103953,outputs/model_lab/full_baseline/full_baseline_forecasts.csv,True,False,False,False,ok,,,
APC-Dedicated,APC-Dedicated,2025-10-25,1312.5084970000005,FixedGrowth_1_5,baseline,growth_baseline,1318.034500233,backtest,26,2025-09-29,full_baseline_20260611_103953,outputs/model_lab/full_baseline/full_baseline_forecasts.csv,True,False,False,False,ok,,,
APC-Dedicated,APC-Dedicated,2025-10-26,1312.623493,FixedGrowth_1_5,baseline,growth_baseline,1318.6850602035,backtest,27,2025-09-29,full_baseline_20260611_103953,outputs/model_lab/full_baseline/full_baseline_forecasts.csv,True,False,False,False,ok,,,
APC-Dedicated,APC-Dedicated,2025-10-27,1313.288275,FixedGrowth_1_5,baseline,growth_baseline,1319.3356201739998,backtest,28,2025-09-29,full_baseline_20260611_103953,outputs/model_lab/full_baseline/full_baseline_forecasts.csv,True,False,False,False,ok,,,
APC-Dedicated,APC-Dedicated,2025-10-28,1313.932212,FixedGrowth_1_5,baseline,growth_baseline,1319.9861801445,backtest,29,2025-09-29,full_baseline_20260611_103953,outputs/model_lab/full_baseline/full_baseline_forecasts.csv,True,False,False,False,ok,,,
APC-Dedicated,APC-Dedicated,2025-10-29,1314.476041,FixedGrowth_1_5,baseline,growth_baseline,1320.6367401149998,backtest,30,2025-09-29,full_baseline_20260611_103953,outputs/model_lab/full_baseline/full_baseline_forecasts.csv,True,False,False,False,ok,,,
APC-Dedicated,APC-Dedicated,2025-10-30,1314.717896,FixedGrowth_1_5,baseline,growth_baseline,1315.1332790205,backtest,1,2025-10-29,full_baseline_20260611_103953,outputs/model_lab/full_baseline/full_baseline_forecasts.csv,True,False,False,False,ok,,,
APC-Dedicated,APC-Dedicated,2025-10-31,1314.717896,FixedGrowth_1_5,baseline,growth_baseline,1315.790517041,backtest,2,2025-10-29,full_baseline_20260611_103953,outputs/model_lab/full_baseline/full_baseline_forecasts.csv,True,False,False,False,ok,,,
APC-Dedicated,APC-Dedicated,2025-11-01,1315.047935,FixedGrowth_1_5,baseline,growth_baseline,1316.4477550615,backtest,3,2025-10-29,full_baseline_20260611_103953,outputs/model_lab/full_baseline/full_baseline_forecasts.csv,True,False,False,False,ok,,,
APC-Dedicated,APC-Dedicated,2025-11-02,1315.3326899999995,FixedGrowth_1_5,baseline,growth_baseline,1317.104993082,backtest,4,2025-10-29,full_baseline_20260611_103953,outputs/model_lab/full_baseline/full_baseline_forecasts.csv,True,False,False,False,ok,,,
APC-Dedicated,APC-Dedicated,2025-11-03,1316.087495,FixedGrowth_1_5,baseline,growth_baseline,1317.7622311025,backtest,5,2025-10-29,full_baseline_20260611_103953,outputs/model_lab/full_baseline/full_baseline_forecasts.csv,True,False,False,False,ok,,,
APC-Dedicated,APC-Dedicated,2025-11-04,1316.842636,FixedGrowth_1_5,baseline,growth_baseline,1318.419469123,backtest,6,2025-10-29,full_baseline_20260611_103953,outputs/model_lab/full_baseline/full_baseline_forecasts.csv,True,False,False,False,ok,,,
APC-Dedicated,APC-Dedicated,2025-11-05,1317.450364,FixedGrowth_1_5,baseline,growth_baseline,1319.0767071434998,backtest,7,2025-10-29,full_baseline_20260611_103953,outputs/model_lab/full_baseline/full_baseline_forecasts.csv,True,False,False,False,ok,,,
APC-Dedicated,APC-Dedicated,2025-11-06,1318.0838139999998,FixedGrowth_1_5,baseline,growth_baseline,1319.7339451639998,backtest,8,2025-10-29,full_baseline_20260611_103953,outputs/model_lab/full_baseline/full_baseline_forecasts.csv,True,False,False,False,ok,,,
APC-Dedicated,APC-Dedicated,2025-11-07,1318.497978,FixedGrowth_1_5,baseline,growth_baseline,1320.3911831844998,backtest,9,2025-10-29,full_baseline_20260611_103953,outputs/model_lab/full_baseline/full_baseline_forecasts.csv,True,False,False,False,ok,,,
APC-Dedicated,APC-Dedicated,2025-11-08,1318.583043,FixedGrowth_1_5,baseline,growth_baseline,1321.0484212049998,backtest,10,2025-10-29,full_baseline_20260611_103953,outputs/model_lab/full_baseline/full_baseline_forecasts.csv,True,False,False,False,ok,,,
APC-Dedicated,APC-Dedicated,2025-11-09,1318.7150310000002,FixedGrowth_1_5,baseline,growth_baseline,1321.7056592255,backtest,11,2025-10-29,full_baseline_20260611_103953,outputs/model_lab/full_baseline/full_baseline_forecasts.csv,True,False,False,False,ok,,,
APC-Dedicated,APC-Dedicated,2025-11-10,1319.465433,FixedGrowth_1_5,baseline,growth_baseline,1322.362897246,backtest,12,2025-10-29,full_baseline_20260611_103953,outputs/model_lab/full_baseline/full_baseline_forecasts.csv,True,False,False,False,ok,,,
APC-Dedicated,APC-Dedicated,2025-11-11,1320.208432,FixedGrowth_1_5,baseline,growth_baseline,1323.0201352665,backtest,13,2025-10-29,full_baseline_20260611_103953,outputs/model_lab/full_baseline/full_baseline_forecasts.csv,True,False,False,False,ok,,,
APC-Dedicated,APC-Dedicated,2025-11-12,1320.953708,FixedGrowth_1_5,baseline,growth_baseline,1323.677373287,backtest,14,2025-10-29,full_baseline_20260611_103953,outputs/model_lab/full_baseline/full_baseline_forecasts.csv,True,False,False,False,ok,,,
APC-Dedicated,APC-Dedicated,2025-11-13,1321.6588740000002,FixedGrowth_1_5,baseline,growth_baseline,1324.3346113075,backtest,15,2025-10-29,full_baseline_20260611_103953,outputs/model_lab/full_baseline/full_baseline_forecasts.csv,True,False,False,False,ok,,,
APC-Dedicated,APC-Dedicated,2025-11-14,1322.00064,FixedGrowth_1_5,baseline,growth_baseline,1324.991849328,backtest,16,2025-10-29,full_baseline_20260611_103953,outputs/model_lab/full_baseline/full_baseline_forecasts.csv,True,False,False,False,ok,,,
APC-Dedicated,APC-Dedicated,2025-11-15,1322.016433,FixedGrowth_1_5,baseline,growth_baseline,1325.6490873485,backtest,17,2025-10-29,full_baseline_20260611_103953,outputs/model_lab/full_baseline/full_baseline_forecasts.csv,True,False,False,False,ok,,,
APC-Dedicated,APC-Dedicated,2025-11-16,1322.016433,FixedGrowth_1_5,baseline,growth_baseline,1326.306325369,backtest,18,2025-10-29,full_baseline_20260611_103953,outputs/model_lab/full_baseline/full_baseline_forecasts.csv,True,False,False,False,ok,,,
APC-Dedicated,APC-Dedicated,2025-11-17,1322.696011,FixedGrowth_1_5,baseline,growth_baseline,1326.9635633895,backtest,19,2025-10-29,full_baseline_20260611_103953,outputs/model_lab/full_baseline/full_baseline_forecasts.csv,True,False,False,False,ok,,,
APC-Dedicated,APC-Dedicated,2025-11-18,1323.308211,FixedGrowth_1_5,baseline,growth_baseline,1327.6208014099998,backtest,20,2025-10-29,full_baseline_20260611_103953,outputs/model_lab/full_baseline/full_baseline_forecasts.csv,True,False,False,False,ok,,,
