contract_row_id,series_id,metric,valid_filter_path,key_axis_status,viewer_visible,forecast_visible,champion_visible,champion_model_name,champion_validity,signal_quality_status,caveat_badge,product_status,forecast_type,forecast_steps,median_wape
NAV_0001,CPU__Consumed__Region__APC-Multitenant,CPU,CPU|UNKNOWN_SOURCE_DOES_NOT_CARRY_DBTYPE|Consumed|NOT_APPLICABLE|Region|APC-Multitenant,ROUTING_VALUE_REGION,TRUE,TRUE,TRUE,FixedGrowth_1_5,MEANINGFUL_ACCURACY_RANKING,SIGNAL_PRESENT,NEGATIVE_BACKTEST_PREDICTIONS_PRESENT|EXTREME_BACKTEST_RATIO_PRESENT,AVAILABLE_WITH_CAVEAT,GOVERNED_30_STEP_DAILY_FORECAST,30,0.042640030964846865
NAV_0002,CPU__Consumed__Region__ARE-Go-Local,CPU,CPU|UNKNOWN_SOURCE_DOES_NOT_CARRY_DBTYPE|Consumed|NOT_APPLICABLE|Region|ARE-Go Local,ROUTING_VALUE_REGION,TRUE,TRUE,TRUE,AutoARIMA,MEANINGFUL_ACCURACY_RANKING,SIGNAL_PRESENT,NEGATIVE_BACKTEST_PREDICTIONS_PRESENT,AVAILABLE_WITH_CAVEAT,GOVERNED_30_STEP_DAILY_FORECAST,30,0.041852951739247586
NAV_0021,HDD__Basilisk__NA__Forest__apcp150,HDD,HDD|Basilisk|NOT_APPLICABLE|NOT_APPLICABLE|Forest|apcp150,IDENTIFIER_VALUE_FOREST,TRUE,TRUE,FALSE,ETS Explicit,NOT_MEANINGFUL_NO_SIGNAL,NO_SIGNAL_ALL_ZERO_ACTUALS,NO_SIGNAL|CHAMPION_NOT_MEANINGFUL,AVAILABLE_WITH_CAVEAT,GOVERNED_30_STEP_DAILY_FORECAST,30,nan
NAV_0022,HDD__Basilisk__NA__Forest__chnpr01,HDD,HDD|Basilisk|NOT_APPLICABLE|NOT_APPLICABLE|Forest|chnpr01,IDENTIFIER_VALUE_FOREST,TRUE,TRUE,FALSE,ETS Explicit,NOT_MEANINGFUL_NO_SIGNAL,NO_SIGNAL_ALL_ZERO_ACTUALS,NO_SIGNAL|CHAMPION_NOT_MEANINGFUL,AVAILABLE_WITH_CAVEAT,GOVERNED_30_STEP_DAILY_FORECAST,30,nan
NAV_0071,IOPS__Consumed__Region__APC-Multitenant,IOPS,IOPS|NOT_APPLICABLE|Consumed|NOT_APPLICABLE|Region|APC-Multitenant,ROUTING_VALUE_REGION,TRUE,TRUE,TRUE,XGBoost,MEANINGFUL_ACCURACY_RANKING,SIGNAL_PRESENT,NEGATIVE_BACKTEST_PREDICTIONS_PRESENT,AVAILABLE_WITH_CAVEAT,GOVERNED_30_STEP_DAILY_FORECAST,30,0.07182311919732898
NAV_0072,IOPS__Consumed__Region__ARE-Go-Local,IOPS,IOPS|NOT_APPLICABLE|Consumed|NOT_APPLICABLE|Region|ARE-Go Local,ROUTING_VALUE_REGION,TRUE,TRUE,TRUE,FixedGrowth_1_5,MEANINGFUL_ACCURACY_RANKING,SIGNAL_PRESENT,NEGATIVE_BACKTEST_PREDICTIONS_PRESENT|EXTREME_BACKTEST_RATIO_PRESENT,AVAILABLE_WITH_CAVEAT,GOVERNED_30_STEP_DAILY_FORECAST,30,0.06281259291103325
NAV_0091,SSD__Phoenix__Forest__APCP150,SSD,SSD|Phoenix|NOT_APPLICABLE|NOT_APPLICABLE|Forest|APCP150,IDENTIFIER_VALUE_FOREST,TRUE,TRUE,TRUE,ETS Explicit,MEANINGFUL_ACCURACY_RANKING,SIGNAL_PRESENT,NEGATIVE_BACKTEST_PREDICTIONS_PRESENT|EXTREME_BACKTEST_RATIO_PRESENT|NEGATIVE_FORECAST_PRESENT,AVAILABLE_WITH_CAVEAT,GOVERNED_30_STEP_DAILY_FORECAST,30,0.11997519164212193
NAV_0092,SSD__Phoenix__Forest__APCPRD01,SSD,SSD|Phoenix|NOT_APPLICABLE|NOT_APPLICABLE|Forest|APCPRD01,IDENTIFIER_VALUE_FOREST,TRUE,TRUE,TRUE,FixedGrowth_6,MEANINGFUL_ACCURACY_RANKING,SIGNAL_PRESENT,NEGATIVE_BACKTEST_PREDICTIONS_PRESENT,AVAILABLE_WITH_CAVEAT,GOVERNED_30_STEP_DAILY_FORECAST,30,0.06750233738830771
NAV_0113,SSD__Phoenix__Forest__GBRP267,SSD,SSD|Phoenix|NOT_APPLICABLE|NOT_APPLICABLE|Forest|GBRP267,IDENTIFIER_VALUE_FOREST,TRUE,TRUE,TRUE,FixedGrowth_1_5,MEANINGFUL_ACCURACY_RANKING,TRAILING_ZERO_LATEST_ACTUAL,TRAILING_ZERO_LATEST_ACTUAL|LOW_CONFIDENCE_BACKTEST_WINDOW_ZERO|NEGATIVE_BACKTEST_PREDICTIONS_PRESENT|NEGATIVE_FORECAST_PRESENT,AVAILABLE_WITH_CAVEAT,GOVERNED_30_STEP_DAILY_FORECAST,30,nan
