metric,scenario_ui_label,granularity,key
HDD - EDB,Enterprise,Region,EUR-Go Local
HDD - EDB,Enterprise,Region,DNK-Go Local
HDD - EDB,Enterprise,Region,NAM-ITAR DoD
HDD - EDB,Enterprise,Region,KOR-Go Local
HDD - EDB,Enterprise,Region,SGP-Go Local
HDD - EDB,Enterprise,Region,BRA-Go Local
HDD - EDB,Enterprise,Region,ARE-Go Local
HDD - EDB,Enterprise,Region,EUR-Dedicated
HDD - EDB,Enterprise,Region,NOR-Go Local
HDD - EDB,Enterprise,Region,LAM-Multitenant
HDD - EDB,Enterprise,Region,AUS-Go Local
HDD - EDB,Enterprise,Region,ITA-Go Local
HDD - EDB,Enterprise,Region,NZL-Go Local
HDD - EDB,Enterprise,Region,ZAF-Go Local
HDD - EDB,Enterprise,Region,EUR-MSIT
HDD - EDB,Enterprise,Region,IND-Go Local
HDD - EDB,Enterprise,Region,MEX-Go Local
HDD - EDB,Enterprise,Region,APC-MSIT
HDD - EDB,Enterprise,Region,SWE-Go Local
HDD - EDB,Enterprise,Region,AUT-Go Local
HDD - EDB,Enterprise,Region,CAN-Go Local
HDD - EDB,Enterprise,Region,NAM-Dedicated
HDD - EDB,Enterprise,Region,MYS-Go Local
HDD - EDB,Enterprise,Region,POL-Go Local
HDD - EDB,Enterprise,Region,ISR-Go Local
HDD - EDB,Enterprise,Region,NAM-Multitenant
HDD - EDB,Enterprise,Region,NAM-SDF
HDD - EDB,Enterprise,Region,APC-Dedicated
HDD - EDB,Enterprise,Region,QAT-Go Local
HDD - EDB,Enterprise,Region,NAM-MSIT
HDD - EDB,Enterprise,Region,APC-Multitenant
HDD - EDB,Enterprise,Region,CHL-Go Local
HDD - EDB,Enterprise,Region,CHE-Go Local
HDD - EDB,Enterprise,Region,NAM-TDF
HDD - EDB,Enterprise,Region,EUR-Multitenant
HDD - EDB,Enterprise,Region,JPN-Go Local
HDD - EDB,Enterprise,Region,ESP-Go Local
HDD - EDB,Enterprise,Region,DEU-Go Local
HDD - EDB,Enterprise,Region,NAM-GCC Low
HDD - EDB,Enterprise,Region,NAM-ITAR GCCH
HDD - EDB,Enterprise,Region,GBR-Go Local
HDD - EDB,Enterprise,Region,IDN-Go Local
HDD - EDB,Enterprise,Region,GBR-Dedicated
HDD - EDB,Enterprise,Region,FRA-Go Local
HDD - EDB,Enterprise,Region,TWN-Go Local
HDD - EDB,Consumer,Region,NAM-GCC Low
HDD - EDB,Consumer,Region,APC-MSIT
HDD - EDB,Consumer,Region,MEX-Go Local
HDD - EDB,Consumer,Region,EUR-MSIT
HDD - EDB,Consumer,Region,QAT-Go Local
HDD - EDB,Consumer,Region,NAM-MSIT
HDD - EDB,Consumer,Region,EUR-Dedicated
HDD - EDB,Consumer,Region,IDN-Go Local
HDD - EDB,Consumer,Region,GBR-Dedicated
HDD - EDB,Consumer,Region,NAM-ITAR GCCH
HDD - EDB,Consumer,Region,NAM-ITAR DoD
HDD - EDB,Consumer,Region,DNK-Go Local
HDD - EDB,Consumer,Region,ARE-Go Local
HDD - EDB,Consumer,Region,NAM-Dedicated
HDD - EDB,Consumer,Region,ZAF-Go Local
HDD - EDB,Consumer,Region,SGP-Go Local
HDD - EDB,Consumer,Region,NAM-SDF
HDD - EDB,Consumer,Region,AUS-Go Local
HDD - EDB,Consumer,Region,ITA-Go Local
HDD - EDB,Consumer,Region,SWE-Go Local
HDD - EDB,Consumer,Region,NAM-TDF
HDD - EDB,Consumer,Region,LAM-Multitenant
HDD - EDB,Consumer,Region,APC-Dedicated
HDD - EDB,Consumer,Region,POL-Go Local
HDD - EDB,Consumer,Region,ISR-Go Local
HDD - EDB,Consumer,Region,IND-Go Local
HDD - EDB,Consumer,Region,GBR-Go Local
HDD - EDB,Consumer,Region,FRA-Go Local
HDD - EDB,Consumer,Region,APC-Multitenant
HDD - EDB,Consumer,Region,ESP-Go Local
HDD - EDB,Consumer,Region,CHE-Go Local
HDD - EDB,Consumer,Region,EUR-Go Local
HDD - EDB,Consumer,Region,KOR-Go Local
HDD - EDB,Consumer,Region,JPN-Go Local
HDD - EDB,Consumer,Region,DEU-Go Local
HDD - EDB,Consumer,Region,EUR-Multitenant
HDD - EDB,Consumer,Region,NZL-Go Local
HDD - EDB,Consumer,Region,CHL-Go Local
HDD - EDB,Consumer,Region,AUT-Go Local
HDD - EDB,Consumer,Region,MYS-Go Local
HDD - EDB,Consumer,Region,NOR-Go Local
HDD - EDB,Consumer,Region,TWN-Go Local
HDD - EDB,Consumer,Region,BRA-Go Local
HDD - EDB,Consumer,Region,NAM-Multitenant
HDD - EDB,Consumer,Region,CAN-Go Local
HDD - Basilisk,Basilisk,Region,lam-Multitenant
HDD - Basilisk,Basilisk,Region,DNK-Go Local
HDD - Basilisk,Basilisk,Region,apc-Dedicated
HDD - Basilisk,Basilisk,Region,twn-Go Local
HDD - Basilisk,Basilisk,Region,chn-Gallatin
HDD - Basilisk,Basilisk,Region,ISR-Go Local
HDD - Basilisk,Basilisk,Region,idn-Go Local
HDD - Basilisk,Basilisk,Region,nam-TDF
HDD - Basilisk,Basilisk,Region,nam-GCC Low
HDD - Basilisk,Basilisk,Region,sgp-Go Local
HDD - Basilisk,Basilisk,Region,GBR-Go Local
HDD - Basilisk,Basilisk,Region,nam-SDF
HDD - Basilisk,Basilisk,Region,apc-Multitenant
HDD - Basilisk,Basilisk,Region,aus-Go Local
HDD - Basilisk,Basilisk,Region,nam-Multitenant
HDD - Basilisk,Basilisk,Region,ESP-Go Local
HDD - Basilisk,Basilisk,Region,nam-ITAR GCCH
HDD - Basilisk,Basilisk,Region,mys-Go Local
HDD - Basilisk,Basilisk,Region,chl-Go Local
HDD - Basilisk,Basilisk,Region,qat-Go Local
HDD - Basilisk,Basilisk,Region,swe-Go Local
HDD - Basilisk,Basilisk,Region,EUR-Go Local
HDD - Basilisk,Basilisk,Region,aut-Go Local
HDD - Basilisk,Basilisk,Region,MEX-Go Local
HDD - Basilisk,Basilisk,Region,gbr-Dedicated
HDD - Basilisk,Basilisk,Region,ITA-Go Local
HDD - Basilisk,Basilisk,Region,nzl-Go Local
HDD - Basilisk,Basilisk,Region,POL-Go Local
HDD - Basilisk,Basilisk,Region,nam-ITAR DoD
HDD - Basilisk,Basilisk,Region,can-Go Local
HDD - Basilisk,Basilisk,Region,nor-Go Local
HDD - Basilisk,Basilisk,Region,bra-Go Local
HDD - Basilisk,Basilisk,Region,kor-Go Local
HDD - Basilisk,Basilisk,Region,che-Go Local
HDD - Basilisk,Basilisk,Region,deu-Go Local
HDD - Basilisk,Basilisk,Region,ind-Go Local
HDD - Basilisk,Basilisk,Region,are-Go Local
HDD - Basilisk,Basilisk,Region,zaf-Go Local
HDD - Basilisk,Basilisk,Region,apc-MSIT
HDD - Basilisk,Basilisk,Region,gbr-Go Local
HDD - Basilisk,Basilisk,Region,eur-Multitenant
HDD - Basilisk,Basilisk,Region,fra-Go Local
HDD - Basilisk,Basilisk,Region,eur-Dedicated
HDD - Basilisk,Basilisk,Region,jpn-Go Local
HDD - Basilisk,Basilisk,Region,nam-Dedicated
HDD - Basilisk,Basilisk,Region,nam-MSIT
HDD - Basilisk,Basilisk,Region,eur-MSIT
HDD - EDB,Enterprise,Forest,NAMP154
HDD - EDB,Enterprise,Forest,CHNPR01
HDD - EDB,Enterprise,Forest,EURP119
HDD - EDB,Enterprise,Forest,LAMP215
HDD - EDB,Enterprise,Forest,NAMPRD20
HDD - EDB,Enterprise,Forest,NAMPRD19
HDD - EDB,Enterprise,Forest,NAMPRD06
HDD - EDB,Enterprise,Forest,NAMPRD04
HDD - EDB,Enterprise,Forest,DNKP307
HDD - EDB,Enterprise,Forest,EURP195
HDD - EDB,Enterprise,Forest,NAMP101
HDD - EDB,Enterprise,Forest,SGPP274
HDD - EDB,Enterprise,Forest,EURPRD03
HDD - EDB,Enterprise,Forest,NAMP222
HDD - EDB,Enterprise,Forest,ISRP290
HDD - EDB,Enterprise,Forest,EURPRD09
HDD - EDB,Enterprise,Forest,NAMP163
HDD - EDB,Enterprise,Forest,NAMP125
HDD - EDB,Enterprise,Forest,CHEP278
HDD - EDB,Enterprise,Forest,JPNP301
HDD - EDB,Enterprise,Forest,ZAFP275
HDD - EDB,Enterprise,Forest,NAMP106
HDD - EDB,Enterprise,Forest,LAMPRD80
HDD - EDB,Enterprise,Forest,NAMPRD08
HDD - EDB,Enterprise,Forest,CANP288
HDD - EDB,Enterprise,Forest,NAMPRD85
HDD - EDB,Enterprise,Forest,EURPRD07
HDD - EDB,Enterprise,Forest,NAMPRD11
HDD - EDB,Enterprise,Forest,AUSPRD01
HDD - EDB,Enterprise,Forest,NAMP114
HDD - EDB,Enterprise,Forest,LAMP152
HDD - EDB,Enterprise,Forest,EURPRD08
HDD - EDB,Enterprise,Forest,NAMPRD22
HDD - EDB,Enterprise,Forest,EURPRD01
HDD - EDB,Enterprise,Forest,APCPRD04
HDD - EDB,Enterprise,Forest,AUSP282
HDD - EDB,Enterprise,Forest,EURP309
HDD - EDB,Enterprise,Forest,KORP216
HDD - EDB,Enterprise,Forest,NAMPRD03
HDD - EDB,Enterprise,Forest,SWEP280
HDD - EDB,Enterprise,Forest,NAMP113
HDD - EDB,Enterprise,Forest,EURP194
HDD - EDB,Enterprise,Forest,NAMP128
HDD - EDB,Enterprise,Forest,EURPRD02
HDD - EDB,Enterprise,Forest,EURP122
HDD - EDB,Enterprise,Forest,NAMPRD18
HDD - EDB,Enterprise,Forest,JPNPRD01
HDD - EDB,Enterprise,Forest,EURP250
HDD - EDB,Enterprise,Forest,NAMP108
HDD - EDB,Enterprise,Forest,NAMP134
HDD - EDB,Enterprise,Forest,NAMPRD15
HDD - EDB,Enterprise,Forest,EURPRD05
HDD - EDB,Enterprise,Forest,NAMPRD01
HDD - EDB,Enterprise,Forest,GBRP265
HDD - EDB,Enterprise,Forest,EURP193
HDD - EDB,Enterprise,Forest,APCPRD03
HDD - EDB,Enterprise,Forest,DEUP281
HDD - EDB,Enterprise,Forest,AUSP300
HDD - EDB,Enterprise,Forest,CHLP298
HDD - EDB,Enterprise,Forest,NAMP162
HDD - EDB,Enterprise,Forest,NORP279
HDD - EDB,Enterprise,Forest,EURPRD04
HDD - EDB,Enterprise,Forest,NAMPRD05
HDD - EDB,Enterprise,Forest,EURP191
HDD - EDB,Enterprise,Forest,APCP150
HDD - EDB,Enterprise,Forest,NAMP166
HDD - EDB,Enterprise,Forest,EURP121
HDD - EDB,Enterprise,Forest,EURP107
HDD - EDB,Enterprise,Forest,NAMP109
HDD - EDB,Enterprise,Forest,NAMPRD09
HDD - EDB,Enterprise,Forest,QATP289
HDD - EDB,Enterprise,Forest,BRAP284
HDD - EDB,Enterprise,Forest,APCPRD06
HDD - EDB,Enterprise,Forest,MYSP306
HDD - EDB,Enterprise,Forest,EURP189
HDD - EDB,Enterprise,Forest,EURP178
HDD - EDB,Enterprise,Forest,POLP291
HDD - EDB,Enterprise,Forest,GBRP123
HDD - EDB,Enterprise,Forest,AUTP296
HDD - EDB,Enterprise,Forest,CANPRD01
HDD - EDB,Enterprise,Forest,EURPRD06
HDD - EDB,Enterprise,Forest,APCP153
HDD - EDB,Enterprise,Forest,NAMPRD21
HDD - EDB,Enterprise,Forest,JPNP286
HDD - EDB,Enterprise,Forest,MEXP297
HDD - EDB,Enterprise,Forest,ITAP293
HDD - EDB,Enterprise,Forest,NAMP132
HDD - EDB,Enterprise,Forest,NAMPRD12
HDD - EDB,Enterprise,Forest,INDP287
HDD - EDB,Enterprise,Forest,EURPRD83
HDD - EDB,Enterprise,Forest,NAMPRD07
HDD - EDB,Enterprise,Forest,EURPRD10
HDD - EDB,Enterprise,Forest,NAMP161
HDD - EDB,Enterprise,Forest,NAMPRD10
HDD - EDB,Enterprise,Forest,NAMPRD16
HDD - EDB,Enterprise,Forest,NAMP221
HDD - EDB,Enterprise,Forest,NZLP299
HDD - EDB,Enterprise,Forest,EURP192
HDD - EDB,Enterprise,Forest,APCPRD02
HDD - EDB,Enterprise,Forest,TWNP295
HDD - EDB,Enterprise,Forest,NAMPRD14
HDD - EDB,Enterprise,Forest,INDPRD01
HDD - EDB,Enterprise,Forest,NAMP220
HDD - EDB,Enterprise,Forest,NAMP223
HDD - EDB,Enterprise,Forest,EURP180
HDD - EDB,Enterprise,Forest,EURP251
HDD - EDB,Enterprise,Forest,AREP273
HDD - EDB,Enterprise,Forest,NAMP116
HDD - EDB,Enterprise,Forest,APCPRD01
HDD - EDB,Enterprise,Forest,ESPP292
HDD - EDB,Enterprise,Forest,NAMPRD13
HDD - EDB,Enterprise,Forest,NAMP133
HDD - EDB,Enterprise,Forest,FRAP264
HDD - EDB,Enterprise,Forest,IDNP305
HDD - EDB,Enterprise,Forest,EURP137
HDD - EDB,Enterprise,Forest,GBRP267
HDD - EDB,Enterprise,Forest,EURP190
HDD - EDB,Enterprise,Forest,EURP176
HDD - EDB,Enterprise,Forest,NAMP105
HDD - EDB,Enterprise,Forest,NAMP171
HDD - EDB,Enterprise,Forest,EURP138
HDD - EDB,Enterprise,Forest,NAMP167
HDD - EDB,Enterprise,Forest,NAMP129
HDD - EDB,Enterprise,Forest,NAMPRD17
HDD - EDB,Enterprise,Forest,NAMP100
HDD - EDB,Enterprise,Forest,NAMP131
HDD - EDB,Enterprise,Forest,NAMP169
HDD - EDB,Enterprise,Forest,NAMPRD00
HDD - EDB,Enterprise,Forest,NAMP283
HDD - EDB,Enterprise,Forest,EURP179
HDD - EDB,Enterprise,Forest,NAMP197
HDD - EDB,Enterprise,Forest,NAMPRD84
HDD - EDB,Enterprise,Forest,NAMP172
HDD - EDB,Enterprise,Forest,NAMP135
HDD - EDB,Enterprise,Forest,NAMP173
HDD - EDB,Enterprise,Forest,NAMPRD02
HDD - EDB,Enterprise,Forest,NAMP170
HDD - EDB,Enterprise,Forest,NAMP157
HDD - EDB,Enterprise,Forest,NAMP104
HDD - EDB,Enterprise,Forest,EURP175
HDD - EDB,Enterprise,Forest,EURP177
HDD - EDB,Enterprise,Forest,GBRP302
HDD - EDB,Enterprise,Forest,NAMP115
HDD - EDB,Enterprise,Forest,NAMP126
HDD - EDB,Enterprise,Forest,NAMP130
HDD - EDB,Enterprise,Forest,NAMP103
HDD - EDB,Enterprise,Forest,NAMP136
HDD - EDB,Enterprise,Forest,NAMP158
HDD - EDB,Enterprise,Forest,NAMP159
HDD - EDB,Enterprise,Forest,EURP120
HDD - EDB,Enterprise,Forest,NAMP164
HDD - EDB,Enterprise,Forest,NAMP118
HDD - EDB,Consumer,Forest,NAMP116
HDD - EDB,Consumer,Forest,EURP107
HDD - EDB,Consumer,Forest,NAMP131
HDD - EDB,Consumer,Forest,CHNPR01
HDD - EDB,Consumer,Forest,NAMP104
HDD - EDB,Consumer,Forest,NAMP135
HDD - EDB,Consumer,Forest,NAMP105
HDD - EDB,Consumer,Forest,NAMP113
HDD - EDB,Consumer,Forest,EURP138
HDD - EDB,Consumer,Forest,MEXP297
HDD - EDB,Consumer,Forest,NAMP163
HDD - EDB,Consumer,Forest,AREP273
HDD - EDB,Consumer,Forest,NAMP133
HDD - EDB,Consumer,Forest,EURP119
HDD - EDB,Consumer,Forest,NAMP158
HDD - EDB,Consumer,Forest,NAMP125
HDD - EDB,Consumer,Forest,NAMP115
HDD - EDB,Consumer,Forest,NAMP108
HDD - EDB,Consumer,Forest,EURP176
HDD - EDB,Consumer,Forest,APCP153
HDD - EDB,Consumer,Forest,NAMP136
HDD - EDB,Consumer,Forest,EURPRD83
HDD - EDB,Consumer,Forest,NAMP197
HDD - EDB,Consumer,Forest,NAMPRD20
HDD - EDB,Consumer,Forest,NAMP109
HDD - EDB,Consumer,Forest,GBRP267
HDD - EDB,Consumer,Forest,NAMP118
HDD - EDB,Consumer,Forest,NAMP129
HDD - EDB,Consumer,Forest,NAMP154
HDD - EDB,Consumer,Forest,NAMP103
HDD - EDB,Consumer,Forest,EURP122
HDD - EDB,Consumer,Forest,NAMP106
HDD - EDB,Consumer,Forest,EURP309
HDD - EDB,Consumer,Forest,NAMP167
HDD - EDB,Consumer,Forest,NAMPRD09
HDD - EDB,Consumer,Forest,EURP120
HDD - EDB,Consumer,Forest,APCPRD04
HDD - EDB,Consumer,Forest,EURP178
HDD - EDB,Consumer,Forest,APCP150
HDD - EDB,Consumer,Forest,EURP121
HDD - EDB,Consumer,Forest,NAMP101
HDD - EDB,Consumer,Forest,CANP288
HDD - EDB,Consumer,Forest,NAMP114
HDD - EDB,Consumer,Forest,QATP289
HDD - EDB,Consumer,Forest,NAMP157
HDD - EDB,Consumer,Forest,EURP137
HDD - EDB,Consumer,Forest,NAMPRD85
HDD - EDB,Consumer,Forest,EURP177
HDD - EDB,Consumer,Forest,NAMP170
HDD - EDB,Consumer,Forest,NAMP132
HDD - EDB,Consumer,Forest,AUSPRD01
HDD - EDB,Consumer,Forest,ZAFP275
HDD - EDB,Consumer,Forest,NAMP166
HDD - EDB,Consumer,Forest,NAMP130
HDD - EDB,Consumer,Forest,NAMP128
HDD - EDB,Consumer,Forest,EURP179
HDD - EDB,Consumer,Forest,NAMP173
HDD - EDB,Consumer,Forest,EURP180
HDD - EDB,Consumer,Forest,IDNP305
HDD - EDB,Consumer,Forest,AUSP282
HDD - EDB,Consumer,Forest,NAMP161
HDD - EDB,Consumer,Forest,NAMP169
HDD - EDB,Consumer,Forest,NAMP159
HDD - EDB,Consumer,Forest,NAMP164
HDD - EDB,Consumer,Forest,NAMP126
HDD - EDB,Consumer,Forest,NAMPRD21
HDD - EDB,Consumer,Forest,NAMP171
HDD - EDB,Consumer,Forest,EURP175
HDD - EDB,Consumer,Forest,NAMP162
HDD - EDB,Consumer,Forest,NAMP100
HDD - EDB,Consumer,Forest,NAMP172
HDD - EDB,Consumer,Forest,SGPP274
HDD - EDB,Consumer,Forest,DNKP307
HDD - EDB,Consumer,Forest,NAMP134
HDD - EDB,Consumer,Forest,FRAP264
HDD - EDB,Consumer,Forest,EURP194
HDD - EDB,Consumer,Forest,NAMP220
HDD - EDB,Consumer,Forest,EURPRD03
HDD - EDB,Consumer,Forest,NAMPRD10
HDD - EDB,Consumer,Forest,MYSP306
HDD - EDB,Consumer,Forest,NAMP221
HDD - EDB,Consumer,Forest,NAMPRD22
HDD - EDB,Consumer,Forest,NAMPRD14
HDD - EDB,Consumer,Forest,APCPRD03
HDD - EDB,Consumer,Forest,NAMPRD02
HDD - EDB,Consumer,Forest,EURP251
HDD - EDB,Consumer,Forest,ISRP290
HDD - EDB,Consumer,Forest,EURP195
HDD - EDB,Consumer,Forest,NAMPRD84
HDD - EDB,Consumer,Forest,EURP192
HDD - EDB,Consumer,Forest,CANPRD01
HDD - EDB,Consumer,Forest,EURPRD08
HDD - EDB,Consumer,Forest,ESPP292
HDD - EDB,Consumer,Forest,LAMPRD80
HDD - EDB,Consumer,Forest,JPNP301
HDD - EDB,Consumer,Forest,EURP191
HDD - EDB,Consumer,Forest,LAMP152
HDD - EDB,Consumer,Forest,GBRP123
HDD - EDB,Consumer,Forest,NAMPRD11
HDD - EDB,Consumer,Forest,NAMPRD00
HDD - EDB,Consumer,Forest,APCPRD01
HDD - EDB,Consumer,Forest,BRAP284
HDD - EDB,Consumer,Forest,NAMPRD18
HDD - EDB,Consumer,Forest,AUTP296
HDD - EDB,Consumer,Forest,KORP216
HDD - EDB,Consumer,Forest,LAMP215
HDD - EDB,Consumer,Forest,NAMPRD03
HDD - EDB,Consumer,Forest,APCPRD06
HDD - EDB,Consumer,Forest,SWEP280
HDD - EDB,Consumer,Forest,EURPRD01
HDD - EDB,Consumer,Forest,GBRP265
HDD - EDB,Consumer,Forest,POLP291
HDD - EDB,Consumer,Forest,TWNP295
HDD - EDB,Consumer,Forest,NAMPRD07
HDD - EDB,Consumer,Forest,NAMPRD16
HDD - EDB,Consumer,Forest,DEUP281
HDD - EDB,Consumer,Forest,NAMPRD04
HDD - EDB,Consumer,Forest,EURP250
HDD - EDB,Consumer,Forest,NAMPRD19
HDD - EDB,Consumer,Forest,ITAP293
HDD - EDB,Consumer,Forest,NZLP299
HDD - EDB,Consumer,Forest,NAMPRD17
HDD - EDB,Consumer,Forest,EURPRD09
HDD - EDB,Consumer,Forest,EURPRD02
HDD - EDB,Consumer,Forest,NORP279
HDD - EDB,Consumer,Forest,NAMP223
HDD - EDB,Consumer,Forest,EURPRD10
HDD - EDB,Consumer,Forest,NAMPRD06
HDD - EDB,Consumer,Forest,NAMPRD13
HDD - EDB,Consumer,Forest,NAMPRD12
HDD - EDB,Consumer,Forest,AUSP300
HDD - EDB,Consumer,Forest,CHLP298
HDD - EDB,Consumer,Forest,EURP193
HDD - EDB,Consumer,Forest,EURPRD05
HDD - EDB,Consumer,Forest,EURPRD06
HDD - EDB,Consumer,Forest,NAMPRD15
HDD - EDB,Consumer,Forest,NAMP283
HDD - EDB,Consumer,Forest,NAMPRD05
HDD - EDB,Consumer,Forest,NAMP222
HDD - EDB,Consumer,Forest,NAMPRD08
HDD - EDB,Consumer,Forest,CHEP278
HDD - EDB,Consumer,Forest,EURPRD07
HDD - EDB,Consumer,Forest,EURPRD04
HDD - EDB,Consumer,Forest,JPNPRD01
HDD - EDB,Consumer,Forest,JPNP286
HDD - EDB,Consumer,Forest,APCPRD02
HDD - EDB,Consumer,Forest,NAMPRD01
HDD - EDB,Consumer,Forest,EURP189
HDD - EDB,Consumer,Forest,INDP287
HDD - EDB,Consumer,Forest,INDPRD01
HDD - EDB,Consumer,Forest,EURP190
HDD - EDB,Consumer,Forest,GBRP302
HDD - Basilisk,Basilisk,Forest,eurp309
HDD - Basilisk,Basilisk,Forest,eurp177
HDD - Basilisk,Basilisk,Forest,eurp178
HDD - Basilisk,Basilisk,Forest,eurp179
HDD - Basilisk,Basilisk,Forest,autp296
HDD - Basilisk,Basilisk,Forest,gbrp267
HDD - Basilisk,Basilisk,Forest,apcp150
HDD - Basilisk,Basilisk,Forest,chnpr01
HDD - Basilisk,Basilisk,Forest,dnkp307
HDD - Basilisk,Basilisk,Forest,eurp119
HDD - Basilisk,Basilisk,Forest,eurp121
HDD - Basilisk,Basilisk,Forest,eurp174
HDD - Basilisk,Basilisk,Forest,idnp305
HDD - Basilisk,Basilisk,Forest,chlp298
HDD - Basilisk,Basilisk,Forest,espp292
HDD - Basilisk,Basilisk,Forest,eurp175
HDD - Basilisk,Basilisk,Forest,eurp180
HDD - Basilisk,Basilisk,Forest,lamp152
HDD - Basilisk,Basilisk,Forest,isrp290
HDD - Basilisk,Basilisk,Forest,namp126
HDD - Basilisk,Basilisk,Forest,lamp215
HDD - Basilisk,Basilisk,Forest,lamprd80
HDD - Basilisk,Basilisk,Forest,mysp306
HDD - Basilisk,Basilisk,Forest,itap293
HDD - Basilisk,Basilisk,Forest,mexp297
HDD - Basilisk,Basilisk,Forest,namp110
HDD - Basilisk,Basilisk,Forest,namp116
HDD - Basilisk,Basilisk,Forest,namp159
HDD - Basilisk,Basilisk,Forest,namp101
HDD - Basilisk,Basilisk,Forest,namp135
HDD - Basilisk,Basilisk,Forest,namp133
HDD - Basilisk,Basilisk,Forest,namp103
HDD - Basilisk,Basilisk,Forest,namp108
HDD - Basilisk,Basilisk,Forest,namp125
HDD - Basilisk,Basilisk,Forest,namp128
HDD - Basilisk,Basilisk,Forest,namp105
HDD - Basilisk,Basilisk,Forest,namp130
HDD - Basilisk,Basilisk,Forest,namp131
HDD - Basilisk,Basilisk,Forest,namp118
HDD - Basilisk,Basilisk,Forest,namp158
HDD - Basilisk,Basilisk,Forest,namp104
HDD - Basilisk,Basilisk,Forest,namp102
HDD - Basilisk,Basilisk,Forest,namp172
HDD - Basilisk,Basilisk,Forest,namp111
HDD - Basilisk,Basilisk,Forest,namp169
HDD - Basilisk,Basilisk,Forest,namp157
HDD - Basilisk,Basilisk,Forest,namp154
HDD - Basilisk,Basilisk,Forest,namp163
HDD - Basilisk,Basilisk,Forest,namp134
HDD - Basilisk,Basilisk,Forest,namp115
HDD - Basilisk,Basilisk,Forest,namp197
HDD - Basilisk,Basilisk,Forest,namp220
HDD - Basilisk,Basilisk,Forest,namp223
HDD - Basilisk,Basilisk,Forest,namp222
HDD - Basilisk,Basilisk,Forest,namp221
HDD - Basilisk,Basilisk,Forest,namprd00
HDD - Basilisk,Basilisk,Forest,namprd09
HDD - Basilisk,Basilisk,Forest,namp283
HDD - Basilisk,Basilisk,Forest,namprd84
HDD - Basilisk,Basilisk,Forest,namprd11
HDD - Basilisk,Basilisk,Forest,polp291
HDD - Basilisk,Basilisk,Forest,nzlp299
HDD - Basilisk,Basilisk,Forest,swep280
HDD - Basilisk,Basilisk,Forest,twnp295
HDD - Basilisk,Basilisk,Forest,sgpp274
HDD - Basilisk,Basilisk,Forest,qatp289
HDD - Basilisk,Basilisk,Forest,eurprd06
HDD - Basilisk,Basilisk,Forest,indprd01
HDD - Basilisk,Basilisk,Forest,namp166
HDD - Basilisk,Basilisk,Forest,namprd22
HDD - Basilisk,Basilisk,Forest,gbrp123
HDD - Basilisk,Basilisk,Forest,canprd01
HDD - Basilisk,Basilisk,Forest,namprd20
HDD - Basilisk,Basilisk,Forest,eurp191
HDD - Basilisk,Basilisk,Forest,eurprd10
HDD - Basilisk,Basilisk,Forest,namp167
HDD - Basilisk,Basilisk,Forest,eurp137
HDD - Basilisk,Basilisk,Forest,eurprd07
HDD - Basilisk,Basilisk,Forest,namp136
HDD - Basilisk,Basilisk,Forest,eurprd05
HDD - Basilisk,Basilisk,Forest,apcprd04
HDD - Basilisk,Basilisk,Forest,indp287
HDD - Basilisk,Basilisk,Forest,apcp153
HDD - Basilisk,Basilisk,Forest,apcprd02
HDD - Basilisk,Basilisk,Forest,namprd15
HDD - Basilisk,Basilisk,Forest,namprd13
HDD - Basilisk,Basilisk,Forest,namprd08
HDD - Basilisk,Basilisk,Forest,apcprd06
HDD - Basilisk,Basilisk,Forest,apcprd03
HDD - Basilisk,Basilisk,Forest,eurp250
HDD - Basilisk,Basilisk,Forest,apcprd01
HDD - Basilisk,Basilisk,Forest,eurp122
HDD - Basilisk,Basilisk,Forest,namp100
HDD - Basilisk,Basilisk,Forest,namprd02
HDD - Basilisk,Basilisk,Forest,chep278
HDD - Basilisk,Basilisk,Forest,eurprd08
HDD - Basilisk,Basilisk,Forest,eurprd01
HDD - Basilisk,Basilisk,Forest,eurp194
HDD - Basilisk,Basilisk,Forest,eurp138
HDD - Basilisk,Basilisk,Forest,eurp192
HDD - Basilisk,Basilisk,Forest,namp162
HDD - Basilisk,Basilisk,Forest,namp114
HDD - Basilisk,Basilisk,Forest,eurprd09
HDD - Basilisk,Basilisk,Forest,ausp282
HDD - Basilisk,Basilisk,Forest,namp164
HDD - Basilisk,Basilisk,Forest,namp132
HDD - Basilisk,Basilisk,Forest,eurp193
HDD - Basilisk,Basilisk,Forest,namprd10
HDD - Basilisk,Basilisk,Forest,namp170
HDD - Basilisk,Basilisk,Forest,namp171
HDD - Basilisk,Basilisk,Forest,eurp195
HDD - Basilisk,Basilisk,Forest,namp161
HDD - Basilisk,Basilisk,Forest,frap264
HDD - Basilisk,Basilisk,Forest,zafp275
HDD - Basilisk,Basilisk,Forest,namprd12
HDD - Basilisk,Basilisk,Forest,namprd85
HDD - Basilisk,Basilisk,Forest,namprd04
HDD - Basilisk,Basilisk,Forest,arep273
HDD - Basilisk,Basilisk,Forest,eurp176
HDD - Basilisk,Basilisk,Forest,eurprd83
HDD - Basilisk,Basilisk,Forest,namprd03
HDD - Basilisk,Basilisk,Forest,namp113
HDD - Basilisk,Basilisk,Forest,jpnp301
HDD - Basilisk,Basilisk,Forest,namprd05
HDD - Basilisk,Basilisk,Forest,jpnp286
HDD - Basilisk,Basilisk,Forest,eurp251
HDD - Basilisk,Basilisk,Forest,gbrp265
HDD - Basilisk,Basilisk,Forest,namprd21
HDD - Basilisk,Basilisk,Forest,namprd14
HDD - Basilisk,Basilisk,Forest,jpnprd01
HDD - Basilisk,Basilisk,Forest,deup281
HDD - Basilisk,Basilisk,Forest,norp279
HDD - Basilisk,Basilisk,Forest,namprd17
HDD - Basilisk,Basilisk,Forest,namprd16
HDD - Basilisk,Basilisk,Forest,ausprd01
HDD - Basilisk,Basilisk,Forest,eurprd02
HDD - Basilisk,Basilisk,Forest,korp216
HDD - Basilisk,Basilisk,Forest,eurp107
HDD - Basilisk,Basilisk,Forest,ausp300
HDD - Basilisk,Basilisk,Forest,namprd07
HDD - Basilisk,Basilisk,Forest,namprd06
HDD - Basilisk,Basilisk,Forest,namp106
HDD - Basilisk,Basilisk,Forest,namp173
HDD - Basilisk,Basilisk,Forest,eurprd03
HDD - Basilisk,Basilisk,Forest,gbrp302
HDD - Basilisk,Basilisk,Forest,namprd18
HDD - Basilisk,Basilisk,Forest,namprd19
HDD - Basilisk,Basilisk,Forest,namp129
HDD - Basilisk,Basilisk,Forest,eurprd04
HDD - Basilisk,Basilisk,Forest,eurp189
HDD - Basilisk,Basilisk,Forest,eurp190
HDD - Basilisk,Basilisk,Forest,brap284
HDD - Basilisk,Basilisk,Forest,namp109
HDD - Basilisk,Basilisk,Forest,eurp120
HDD - Basilisk,Basilisk,Forest,canp288
SSD - Phoenix,Low Volume No Efficiency,Forest,NAMPRD18
SSD - Phoenix,Low Volume No Efficiency,Forest,NAMP115
SSD - Phoenix,Low Volume No Efficiency,Forest,EURP179
SSD - Phoenix,Low Volume No Efficiency,Forest,SWEP280
SSD - Phoenix,Low Volume No Efficiency,Forest,NAMPRD03
SSD - Phoenix,Low Volume No Efficiency,Forest,NAMP132
SSD - Phoenix,Low Volume No Efficiency,Forest,EURPRD05
SSD - Phoenix,Low Volume No Efficiency,Forest,CHEP278
SSD - Phoenix,Low Volume No Efficiency,Forest,ESPP292
SSD - Phoenix,Low Volume No Efficiency,Forest,NAMPRD84
SSD - Phoenix,Low Volume No Efficiency,Forest,NAMP118
SSD - Phoenix,Low Volume No Efficiency,Forest,ZAFP275
SSD - Phoenix,Low Volume No Efficiency,Forest,NAMP102
SSD - Phoenix,Low Volume No Efficiency,Forest,NAMP106
SSD - Phoenix,Low Volume No Efficiency,Forest,APCPRD03
SSD - Phoenix,Low Volume No Efficiency,Forest,EURP250
SSD - Phoenix,Low Volume No Efficiency,Forest,AUTP296
SSD - Phoenix,Low Volume No Efficiency,Forest,DEUP281
SSD - Phoenix,Low Volume No Efficiency,Forest,EURP119
SSD - Phoenix,Low Volume No Efficiency,Forest,EURP137
SSD - Phoenix,Low Volume No Efficiency,Forest,EURP176
SSD - Phoenix,Low Volume No Efficiency,Forest,NAMPRD14
SSD - Phoenix,Low Volume No Efficiency,Forest,EURP189
SSD - Phoenix,Low Volume No Efficiency,Forest,EURP193
SSD - Phoenix,Low Volume No Efficiency,Forest,EURPRD03
SSD - Phoenix,Low Volume No Efficiency,Forest,NAMP116
SSD - Phoenix,Low Volume No Efficiency,Forest,TWNP295
SSD - Phoenix,Low Volume No Efficiency,Forest,APCPRD02
SSD - Phoenix,Low Volume No Efficiency,Forest,AREP273
SSD - Phoenix,Low Volume No Efficiency,Forest,ISRP290
SSD - Phoenix,Low Volume No Efficiency,Forest,NAMPRD22
SSD - Phoenix,Low Volume No Efficiency,Forest,NAMP125
SSD - Phoenix,Low Volume No Efficiency,Forest,EURP175
SSD - Phoenix,Low Volume No Efficiency,Forest,EURP191
SSD - Phoenix,Low Volume No Efficiency,Forest,NAMPRD11
SSD - Phoenix,Low Volume No Efficiency,Forest,EURPRD01
SSD - Phoenix,Low Volume No Efficiency,Forest,EURP107
SSD - Phoenix,Low Volume No Efficiency,Forest,EURPRD10
SSD - Phoenix,Low Volume No Efficiency,Forest,GBRP267
SSD - Phoenix,Low Volume No Efficiency,Forest,NAMPRD12
SSD - Phoenix,Low Volume No Efficiency,Forest,CHLP298
SSD - Phoenix,Low Volume No Efficiency,Forest,NZLP299
SSD - Phoenix,Low Volume No Efficiency,Forest,SGPP274
SSD - Phoenix,Low Volume No Efficiency,Forest,APCP150
SSD - Phoenix,Low Volume No Efficiency,Forest,AUSP300
SSD - Phoenix,Low Volume No Efficiency,Forest,POLP291
SSD - Phoenix,Low Volume No Efficiency,Forest,EURP121
SSD - Phoenix,Low Volume No Efficiency,Forest,EURP174
SSD - Phoenix,Low Volume No Efficiency,Forest,NAMP220
SSD - Phoenix,Low Volume No Efficiency,Forest,EURP190
SSD - Phoenix,Low Volume No Efficiency,Forest,NAMPRD19
SSD - Phoenix,Low Volume No Efficiency,Forest,EURP180
SSD - Phoenix,Low Volume No Efficiency,Forest,NAMPRD04
SSD - Phoenix,Low Volume No Efficiency,Forest,NAMP133
SSD - Phoenix,Low Volume No Efficiency,Forest,EURPRD06
SSD - Phoenix,Low Volume No Efficiency,Forest,NAMPRD85
SSD - Phoenix,Low Volume No Efficiency,Forest,NAMP103
SSD - Phoenix,Low Volume No Efficiency,Forest,NAMP108
SSD - Phoenix,Low Volume No Efficiency,Forest,APCPRD04
SSD - Phoenix,Low Volume No Efficiency,Forest,QATP289
SSD - Phoenix,Low Volume No Efficiency,Forest,BRAP284
SSD - Phoenix,Low Volume No Efficiency,Forest,DNKP307
SSD - Phoenix,Low Volume No Efficiency,Forest,EURP120
SSD - Phoenix,Low Volume No Efficiency,Forest,EURP138
SSD - Phoenix,Low Volume No Efficiency,Forest,EURP177
SSD - Phoenix,Low Volume No Efficiency,Forest,EURP194
SSD - Phoenix,Low Volume No Efficiency,Forest,EURPRD04
SSD - Phoenix,Low Volume No Efficiency,Forest,AUSP282
SSD - Phoenix,Low Volume No Efficiency,Forest,ITAP293
SSD - Phoenix,Low Volume No Efficiency,Forest,NAMP126
SSD - Phoenix,Low Volume No Efficiency,Forest,EURP192
SSD - Phoenix,Low Volume No Efficiency,Forest,EURPRD02
SSD - Phoenix,Low Volume No Efficiency,Forest,FRAP264
SSD - Phoenix,Low Volume No Efficiency,Forest,GBRP302
SSD - Phoenix,Low Volume No Efficiency,Forest,NAMPRD13
SSD - Phoenix,Low Volume No Efficiency,Forest,APCPRD01
SSD - Phoenix,Low Volume No Efficiency,Forest,AUSPRD01
SSD - Phoenix,Low Volume No Efficiency,Forest,PROD
SSD - Phoenix,Low Volume No Efficiency,Forest,EURP122
SSD - Phoenix,Low Volume No Efficiency,Forest,NAMP221
SSD - Phoenix,Low Volume No Efficiency,Forest,NAMPRD15
SSD - Phoenix,Low Volume No Efficiency,Forest,NAMPRD20
SSD - Phoenix,Low Volume No Efficiency,Forest,NAMPRD05
SSD - Phoenix,Low Volume No Efficiency,Forest,NAMP134
SSD - Phoenix,Low Volume No Efficiency,Forest,EURPRD07
SSD - Phoenix,Low Volume No Efficiency,Forest,NORP279
SSD - Phoenix,Low Volume No Efficiency,Forest,NAMP104
SSD - Phoenix,Low Volume No Efficiency,Forest,NAMP109
SSD - Phoenix,Low Volume No Efficiency,Forest,APCPRD06
SSD - Phoenix,Low Volume No Efficiency,Forest,EURP251
SSD - Phoenix,Low Volume No Efficiency,Forest,CANP288
SSD - Phoenix,Low Volume No Efficiency,Forest,EURP178
SSD - Phoenix,Low Volume No Efficiency,Forest,EURP195
SSD - Phoenix,Low Volume No Efficiency,Forest,JPNP286
SSD - Phoenix,Low Volume No Efficiency,Forest,NAMP128
SSD - Phoenix,Low Volume No Efficiency,Forest,GBRP123
SSD - Phoenix,Low Volume No Efficiency,Forest,IDNP305
SSD - Phoenix,Low Volume No Efficiency,Forest,NAMP222
SSD - Phoenix,Low Volume No Efficiency,Forest,NAMPRD16
SSD - Phoenix,Low Volume No Efficiency,Forest,NAMPRD06
SSD - Phoenix,Low Volume No Efficiency,Forest,NAMP135
SSD - Phoenix,Low Volume No Efficiency,Forest,EURPRD08
SSD - Phoenix,Low Volume No Efficiency,Forest,NAMP105
SSD - Phoenix,Low Volume No Efficiency,Forest,CANPRD01
SSD - Phoenix,Low Volume No Efficiency,Forest,JPNP301
SSD - Phoenix,Low Volume No Efficiency,Forest,NAMP129
SSD - Phoenix,Low Volume No Efficiency,Forest,GBRP265
SSD - Phoenix,Low Volume No Efficiency,Forest,INDP287
SSD - Phoenix,Low Volume No Efficiency,Forest,INDPRD01
SSD - Phoenix,Low Volume No Efficiency,Forest,NAMP223
SSD - Phoenix,Low Volume No Efficiency,Forest,NAMP100
SSD - Phoenix,Low Volume No Efficiency,Forest,NAMPRD17
SSD - Phoenix,Low Volume No Efficiency,Forest,NAMP154
SSD - Phoenix,Low Volume No Efficiency,Forest,NAMPRD02
SSD - Phoenix,Low Volume No Efficiency,Forest,NAMP197
SSD - Phoenix,Low Volume No Efficiency,Forest,EURPRD09
SSD - Phoenix,Low Volume No Efficiency,Forest,NAMP162
SSD - Phoenix,Low Volume No Efficiency,Forest,NAMP161
SSD - Phoenix,Low Volume No Efficiency,Forest,JPNPRD01
SSD - Phoenix,Low Volume No Efficiency,Forest,LAMPRD80
SSD - Phoenix,Low Volume No Efficiency,Forest,NAMP101
SSD - Phoenix,Low Volume No Efficiency,Forest,NAMP113
SSD - Phoenix,Low Volume No Efficiency,Forest,NAMP157
SSD - Phoenix,Low Volume No Efficiency,Forest,NAMPRD01
SSD - Phoenix,Low Volume No Efficiency,Forest,NAMP163
SSD - Phoenix,Low Volume No Efficiency,Forest,NAMP169
SSD - Phoenix,Low Volume No Efficiency,Forest,KORP216
SSD - Phoenix,Low Volume No Efficiency,Forest,MEXP297
SSD - Phoenix,Low Volume No Efficiency,Forest,NAMP114
SSD - Phoenix,Low Volume No Efficiency,Forest,NAMP158
SSD - Phoenix,Low Volume No Efficiency,Forest,NAMP164
SSD - Phoenix,Low Volume No Efficiency,Forest,EURP309
SSD - Phoenix,Low Volume No Efficiency,Forest,NAMP170
SSD - Phoenix,Low Volume No Efficiency,Forest,LAMP152
SSD - Phoenix,Low Volume No Efficiency,Forest,MYSP306
SSD - Phoenix,Low Volume No Efficiency,Forest,NAMP159
SSD - Phoenix,Low Volume No Efficiency,Forest,NAMP131
SSD - Phoenix,Low Volume No Efficiency,Forest,NAMP136
SSD - Phoenix,Low Volume No Efficiency,Forest,NAMPRD07
SSD - Phoenix,Low Volume No Efficiency,Forest,NAMP171
SSD - Phoenix,Low Volume No Efficiency,Forest,LAMP215
SSD - Phoenix,Low Volume No Efficiency,Forest,NAMPRD08
SSD - Phoenix,Low Volume No Efficiency,Forest,NAMP130
SSD - Phoenix,Low Volume No Efficiency,Forest,NAMPRD10
SSD - Phoenix,Low Volume No Efficiency,Forest,NAMP167
SSD - Phoenix,Low Volume No Efficiency,Forest,NAMP172
SSD - Phoenix,Low Volume No Efficiency,Forest,NAMP173
SSD - Phoenix,Low Volume No Efficiency,Forest,NAMP166
SSD - Phoenix,Low Volume With Efficiency,Forest,EURP138
SSD - Phoenix,Low Volume With Efficiency,Forest,NZLP299
SSD - Phoenix,Low Volume With Efficiency,Forest,NAMP154
SSD - Phoenix,Low Volume With Efficiency,Forest,NAMP166
SSD - Phoenix,Low Volume With Efficiency,Forest,POLP291
SSD - Phoenix,Low Volume With Efficiency,Forest,NAMP170
SSD - Phoenix,Low Volume With Efficiency,Forest,NAMP197
SSD - Phoenix,Low Volume With Efficiency,Forest,NAMPRD11
SSD - Phoenix,Low Volume With Efficiency,Forest,AUTP296
SSD - Phoenix,Low Volume With Efficiency,Forest,NAMPRD08
SSD - Phoenix,Low Volume With Efficiency,Forest,ESPP292
SSD - Phoenix,Low Volume With Efficiency,Forest,NAMPRD16
SSD - Phoenix,Low Volume With Efficiency,Forest,EURP174
SSD - Phoenix,Low Volume With Efficiency,Forest,NORP279
SSD - Phoenix,Low Volume With Efficiency,Forest,QATP289
SSD - Phoenix,Low Volume With Efficiency,Forest,EURP195
SSD - Phoenix,Low Volume With Efficiency,Forest,CHLP298
SSD - Phoenix,Low Volume With Efficiency,Forest,AREP273
SSD - Phoenix,Low Volume With Efficiency,Forest,EURP177
SSD - Phoenix,Low Volume With Efficiency,Forest,NAMP172
SSD - Phoenix,Low Volume With Efficiency,Forest,JPNP301
SSD - Phoenix,Low Volume With Efficiency,Forest,CHNPR01
SSD - Phoenix,Low Volume With Efficiency,Forest,EURP189
SSD - Phoenix,Low Volume With Efficiency,Forest,EURP193
SSD - Phoenix,Low Volume With Efficiency,Forest,NAMP156
SSD - Phoenix,Low Volume With Efficiency,Forest,EURPRD03
SSD - Phoenix,Low Volume With Efficiency,Forest,JPNPRD01
SSD - Phoenix,Low Volume With Efficiency,Forest,ZAFP275
SSD - Phoenix,Low Volume With Efficiency,Forest,NAMP242
SSD - Phoenix,Low Volume With Efficiency,Forest,INDPRD01
SSD - Phoenix,Low Volume With Efficiency,Forest,NAMP125
SSD - Phoenix,Low Volume With Efficiency,Forest,NAMP134
SSD - Phoenix,Low Volume With Efficiency,Forest,APCP150
SSD - Phoenix,Low Volume With Efficiency,Forest,APCPRD04
SSD - Phoenix,Low Volume With Efficiency,Forest,CANP288
SSD - Phoenix,Low Volume With Efficiency,Forest,EURP120
SSD - Phoenix,Low Volume With Efficiency,Forest,LAMPRD80
SSD - Phoenix,Low Volume With Efficiency,Forest,NAMP101
SSD - Phoenix,Low Volume With Efficiency,Forest,NAMP223
SSD - Phoenix,Low Volume With Efficiency,Forest,NAMPRD04
SSD - Phoenix,Low Volume With Efficiency,Forest,EURPRD04
SSD - Phoenix,Low Volume With Efficiency,Forest,NAMP130
SSD - Phoenix,Low Volume With Efficiency,Forest,EURPRD08
SSD - Phoenix,Low Volume With Efficiency,Forest,NAMP157
SSD - Phoenix,Low Volume With Efficiency,Forest,IDNP305
SSD - Phoenix,Low Volume With Efficiency,Forest,ITAP293
SSD - Phoenix,Low Volume With Efficiency,Forest,MYSP306
SSD - Phoenix,Low Volume With Efficiency,Forest,NAMP103
SSD - Phoenix,Low Volume With Efficiency,Forest,NAMP102
SSD - Phoenix,Low Volume With Efficiency,Forest,NAMPRD12
SSD - Phoenix,Low Volume With Efficiency,Forest,NAMP167
SSD - Phoenix,Low Volume With Efficiency,Forest,PROD
SSD - Phoenix,Low Volume With Efficiency,Forest,NAMP171
SSD - Phoenix,Low Volume With Efficiency,Forest,NAMP220
SSD - Phoenix,Low Volume With Efficiency,Forest,BRAP284
SSD - Phoenix,Low Volume With Efficiency,Forest,NAMPRD10
SSD - Phoenix,Low Volume With Efficiency,Forest,EURP107
SSD - Phoenix,Low Volume With Efficiency,Forest,NAMPRD17
SSD - Phoenix,Low Volume With Efficiency,Forest,EURP175
SSD - Phoenix,Low Volume With Efficiency,Forest,SGPP274
SSD - Phoenix,Low Volume With Efficiency,Forest,EURP250
SSD - Phoenix,Low Volume With Efficiency,Forest,AUSP282
SSD - Phoenix,Low Volume With Efficiency,Forest,NAMP173
SSD - Phoenix,Low Volume With Efficiency,Forest,EURP178
SSD - Phoenix,Low Volume With Efficiency,Forest,EURP190
SSD - Phoenix,Low Volume With Efficiency,Forest,EURP194
SSD - Phoenix,Low Volume With Efficiency,Forest,NAMP243
SSD - Phoenix,Low Volume With Efficiency,Forest,ISRP290
SSD - Phoenix,Low Volume With Efficiency,Forest,NAMP135
SSD - Phoenix,Low Volume With Efficiency,Forest,APCPRD06
SSD - Phoenix,Low Volume With Efficiency,Forest,CANPRD01
SSD - Phoenix,Low Volume With Efficiency,Forest,MEXP297
SSD - Phoenix,Low Volume With Efficiency,Forest,NAMPRD01
SSD - Phoenix,Low Volume With Efficiency,Forest,NAMPRD05
SSD - Phoenix,Low Volume With Efficiency,Forest,NAMP131
SSD - Phoenix,Low Volume With Efficiency,Forest,EURPRD09
SSD - Phoenix,Low Volume With Efficiency,Forest,NAMP158
SSD - Phoenix,Low Volume With Efficiency,Forest,INDP287
SSD - Phoenix,Low Volume With Efficiency,Forest,JPNP286
SSD - Phoenix,Low Volume With Efficiency,Forest,NAMPRD13
SSD - Phoenix,Low Volume With Efficiency,Forest,NAMP169
SSD - Phoenix,Low Volume With Efficiency,Forest,NAMP221
SSD - Phoenix,Low Volume With Efficiency,Forest,EURP119
SSD - Phoenix,Low Volume With Efficiency,Forest,NAMPRD18
SSD - Phoenix,Low Volume With Efficiency,Forest,EURP176
SSD - Phoenix,Low Volume With Efficiency,Forest,SWEP280
SSD - Phoenix,Low Volume With Efficiency,Forest,EURP251
SSD - Phoenix,Low Volume With Efficiency,Forest,AUSP300
SSD - Phoenix,Low Volume With Efficiency,Forest,KORP216
SSD - Phoenix,Low Volume With Efficiency,Forest,EURP179
SSD - Phoenix,Low Volume With Efficiency,Forest,EURP191
SSD - Phoenix,Low Volume With Efficiency,Forest,EURPRD05
SSD - Phoenix,Low Volume With Efficiency,Forest,APCPRD01
SSD - Phoenix,Low Volume With Efficiency,Forest,NAMP100
SSD - Phoenix,Low Volume With Efficiency,Forest,EURPRD07
SSD - Phoenix,Low Volume With Efficiency,Forest,CHEP278
SSD - Phoenix,Low Volume With Efficiency,Forest,NAMPRD02
SSD - Phoenix,Low Volume With Efficiency,Forest,NAMPRD06
SSD - Phoenix,Low Volume With Efficiency,Forest,NAMP132
SSD - Phoenix,Low Volume With Efficiency,Forest,EURPRD10
SSD - Phoenix,Low Volume With Efficiency,Forest,NAMP159
SSD - Phoenix,Low Volume With Efficiency,Forest,NAMP104
SSD - Phoenix,Low Volume With Efficiency,Forest,NAMPRD14
SSD - Phoenix,Low Volume With Efficiency,Forest,EURP180
SSD - Phoenix,Low Volume With Efficiency,Forest,NAMP222
SSD - Phoenix,Low Volume With Efficiency,Forest,NAMPRD19
SSD - Phoenix,Low Volume With Efficiency,Forest,TWNP295
SSD - Phoenix,Low Volume With Efficiency,Forest,EURP309
SSD - Phoenix,Low Volume With Efficiency,Forest,AUSPRD01
SSD - Phoenix,Low Volume With Efficiency,Forest,LAMP152
SSD - Phoenix,Low Volume With Efficiency,Forest,EURP192
SSD - Phoenix,Low Volume With Efficiency,Forest,EURPRD06
SSD - Phoenix,Low Volume With Efficiency,Forest,APCPRD02
SSD - Phoenix,Low Volume With Efficiency,Forest,NAMPRD03
SSD - Phoenix,Low Volume With Efficiency,Forest,NAMPRD07
SSD - Phoenix,Low Volume With Efficiency,Forest,NAMP133
SSD - Phoenix,Low Volume With Efficiency,Forest,FRAP264
SSD - Phoenix,Low Volume With Efficiency,Forest,NAMP161
SSD - Phoenix,Low Volume With Efficiency,Forest,NAMPRD15
SSD - Phoenix,Low Volume With Efficiency,Forest,NAMP114
SSD - Phoenix,Low Volume With Efficiency,Forest,EURPRD01
SSD - Phoenix,Low Volume With Efficiency,Forest,NAMP106
SSD - Phoenix,Low Volume With Efficiency,Forest,DEUP281
SSD - Phoenix,Low Volume With Efficiency,Forest,APCPRD03
SSD - Phoenix,Low Volume With Efficiency,Forest,NAMP126
SSD - Phoenix,Low Volume With Efficiency,Forest,EURP121
SSD - Phoenix,Low Volume With Efficiency,Forest,EURP137
SSD - Phoenix,Low Volume With Efficiency,Forest,NAMPRD20
SSD - Phoenix,Low Volume With Efficiency,Forest,NAMP115
SSD - Phoenix,Low Volume With Efficiency,Forest,NAMP136
SSD - Phoenix,Low Volume With Efficiency,Forest,NAMP105
SSD - Phoenix,Low Volume With Efficiency,Forest,EURPRD02
SSD - Phoenix,Low Volume With Efficiency,Forest,NAMP108
SSD - Phoenix,Low Volume With Efficiency,Forest,NAMP128
SSD - Phoenix,Low Volume With Efficiency,Forest,GBRP123
SSD - Phoenix,Low Volume With Efficiency,Forest,NAMP116
SSD - Phoenix,Low Volume With Efficiency,Forest,EURP122
SSD - Phoenix,Low Volume With Efficiency,Forest,LAMP215
SSD - Phoenix,Low Volume With Efficiency,Forest,NAMP109
SSD - Phoenix,Low Volume With Efficiency,Forest,NAMP129
SSD - Phoenix,Low Volume With Efficiency,Forest,GBRP265
SSD - Phoenix,Low Volume With Efficiency,Forest,NAMP118
SSD - Phoenix,Low Volume With Efficiency,Forest,NAMP164
SSD - Phoenix,Low Volume With Efficiency,Forest,NAMP113
SSD - Phoenix,Low Volume With Efficiency,Forest,NAMPRD22
SSD - Phoenix,Low Volume With Efficiency,Forest,GBRP267
SSD - Phoenix,Low Volume With Efficiency,Forest,DNKP307
SSD - Phoenix,Low Volume With Efficiency,Forest,GBRP302
SSD - Phoenix,Low Volume With Efficiency,Forest,NAMP162
SSD - Phoenix,Low Volume With Efficiency,Forest,NAMP163
SSD - Phoenix,Low Volume With Efficiency,Forest,NAMPRD84
SSD - Phoenix,Low Volume With Efficiency,Forest,NAMPRD85
