Key,Forecast_Version,model_rank_mape,model_rank_accuracy,avg_mape,avg_smape,avg_rmse,avg_accuracy
EURP190,2026-04-06 19:49:02,1,1,0.027777777777777776,0.027777777777777776,14.886666666666668,99.97222222222223
LAMPRD80,2026-04-16 07:50:38,2,2,0.045625,0.045625,28.28,99.954375
CHEP278,2026-04-06 19:49:02,3,3,0.051111111111111114,0.051111111111111114,20.017777777777777,99.94888888888889
EURP119,2026-04-16 07:50:38,4,4,0.055,0.055,0.834375,99.94500000000001
NAMPRD09,2026-04-06 19:49:02,5,5,0.06222222222222223,0.06222222222222223,150.33666666666667,99.93777777777778
EURP121,2026-04-06 19:49:02,6,6,0.06444444444444446,0.06444444444444446,0.5644444444444444,99.93555555555557
EURP119,2026-04-06 19:49:02,7,7,0.07333333333333333,0.07333333333333333,1.0677777777777777,99.92666666666668
EURP194,2026-04-06 19:49:02,8,8,0.07888888888888888,0.07888888888888888,35.16444444444445,99.9211111111111
LAM-Multitenant,2026-04-16,9,9,0.079375,0.079375,182.50125,99.920625
NAM-GCC Low,2026-03-07,10,10,0.0811111111111111,0.0811111111111111,182.24444444444444,99.91888888888889
NAMP164,2026-04-06 19:49:02,10,10,0.0811111111111111,0.0811111111111111,0.6211111111111111,99.91888888888889
NAMP105,2026-05-01 03:35:00,11,11,0.09,0.09,3.699375,99.91
NAMP172,2026-04-06 19:49:02,12,12,0.09333333333333334,0.09333333333333334,0.01,99.90666666666668
ZAF-Go Local,2026-03-07,13,13,0.09666666666666668,0.09666666666666668,66.76222222222222,99.90333333333334
APC-Multitenant,2026-05-01,14,14,0.099375,0.099375,702.19625,99.900625
NAMPRD10,2026-04-06 19:49:02,15,15,0.1,0.1,153.4388888888889,99.9
NAMPRD14,2026-04-06 19:49:02,16,16,0.10111111111111111,0.10111111111111111,132.89888888888888,99.89888888888889
NAM-GCC Low,2026-04-16,17,17,0.104375,0.104375,237.21125,99.895625
NAMPRD09,2026-04-16 07:50:38,17,17,0.104375,0.104375,237.2225,99.895625
NAMP161,2026-04-16 07:50:38,18,18,0.10500000000000001,0.10500000000000001,3.635625,99.895
EURP121,2026-04-16 07:50:38,19,19,0.110625,0.110625,1.03875,99.889375
INDPRD01,2026-04-06 19:49:02,20,20,0.11777777777777779,0.11777777777777779,306.47333333333336,99.88222222222223
EURP120,2026-05-01 03:35:00,21,21,0.1275,0.1278125,4.645,99.8725
NAMPRD11,2026-04-06 19:49:02,22,22,0.1311111111111111,0.1311111111111111,185.29333333333335,99.86888888888889
ISR-Go Local,2026-03-07,23,23,0.13444444444444445,0.13444444444444445,2.2022222222222223,99.86555555555555
APCPRD04,2026-04-06 19:49:02,24,24,0.14,0.14,200.20999999999998,99.86
CANPRD01,2026-05-01 03:35:00,25,25,0.14500000000000002,0.1453125,255.43312500000002,99.855
LAMP152,2026-04-16 07:50:38,26,26,0.1475,0.1475,185.10750000000002,99.8525
NAMP157,2026-04-06 19:49:02,27,27,0.15000000000000002,0.15000000000000002,5.185555555555556,99.85
NAM-GCC Low,2026-05-01,28,28,0.1525,0.1525,346.1778125,99.8475
NAMPRD09,2026-05-01 03:35:00,28,28,0.1525,0.1525,346.1778125,99.8475
EURP193,2026-04-06 19:49:02,29,29,0.15666666666666668,0.15555555555555556,68.82333333333332,99.84333333333333
NAMP128,2026-04-06 19:49:02,29,29,0.15666666666666668,0.15666666666666668,0.35777777777777775,99.84333333333333
NAMP164,2026-04-16 07:50:38,30,30,0.15875,0.15875,1.14,99.84125
APC-Multitenant,2026-03-07,31,31,0.16111111111111112,0.16111111111111112,1042.4244444444444,99.83888888888889
LAMPRD80,2026-04-06 19:49:02,32,32,0.16444444444444445,0.16444444444444445,92.01333333333334,99.83555555555556
NAMP166,2026-04-16 07:50:38,33,33,0.1675,0.1675,1.783125,99.8325
FRAP264,2026-04-06 19:49:02,34,34,0.1711111111111111,0.1711111111111111,186.5288888888889,99.8288888888889
NAMP102,2026-04-06 19:49:02,35,35,0.17444444444444446,0.17444444444444446,0.005555555555555556,99.82555555555555
NAMP171,2026-04-06 19:49:02,36,36,0.17555555555555558,0.17555555555555558,0.9733333333333333,99.82444444444444
NAMP157,2026-05-01 03:35:00,37,37,0.17875,0.17875,6.1490625,99.82124999999999
NAMPRD02,2026-04-06 19:49:02,38,38,0.1811111111111111,0.1811111111111111,270.43333333333334,99.81888888888889
NAMPRD17,2026-04-06 19:49:02,39,39,0.18333333333333332,0.18333333333333332,259.8622222222223,99.81666666666666
NAMP113,2026-04-16 07:50:38,40,40,0.186875,0.186875,4.626875,99.813125
NAMP125,2026-04-06 19:49:02,41,41,0.19111111111111112,0.19111111111111112,1.2033333333333334,99.80888888888889
NAMP126,2026-04-16 07:50:38,42,42,0.19625,0.19625,0.008125,99.80375
LAMP215,2026-04-06 19:49:02,43,43,0.19666666666666666,0.19777777777777777,56.74333333333333,99.80333333333334
NAMP105,2026-04-06 19:49:02,44,44,0.19777777777777777,0.19777777777777777,7.523333333333334,99.80222222222223
KORP216,2026-04-06 19:49:02,45,45,0.21000000000000002,0.2088888888888889,51.806666666666665,99.79
NAMP128,2026-04-16 07:50:38,46,46,0.210625,0.210625,0.48562500000000003,99.789375
NAMP113,2026-05-01 03:35:00,47,47,0.215,0.2153125,5.28125,99.785
NAMP161,2026-04-06 19:49:02,48,48,0.21888888888888888,0.21888888888888888,7.300000000000001,99.7811111111111
NAMPRD85,2026-05-01 03:35:00,49,49,0.225,0.2253125,29.2015625,99.775
NAMP135,2026-04-16 07:50:38,50,50,0.22625,0.225625,0.038125,99.77375
EURP189,2026-04-06 19:49:02,51,51,0.23777777777777778,0.23777777777777778,125.40666666666668,99.76222222222222
NAMP105,2026-04-16 07:50:38,52,52,0.24,0.238125,9.37125,99.76
JPNP286,2026-05-01 03:35:00,53,53,0.2475,0.2478125,288.0621875,99.7525
LAMP215,2026-05-01 03:35:00,54,54,0.2478125,0.2478125,68.3334375,99.7521875
NAMP101,2026-04-16 07:50:38,55,55,0.25625,0.25625,6.115625,99.74375
NAMP135,2026-05-01 03:35:00,56,56,0.256875,0.2553125,0.0428125,99.743125
NAMP171,2026-05-01 03:35:00,57,57,0.2603125,0.259375,1.4459374999999999,99.7396875
EURP122,2026-05-01 03:35:00,58,58,0.260625,0.259375,8.44375,99.739375
NAMP125,2026-04-16 07:50:38,59,59,0.264375,0.265,1.696875,99.735625
APCPRD01,2026-04-06 19:49:02,60,60,0.2688888888888889,0.2688888888888889,255.81555555555556,99.73111111111112
EURP122,2026-04-06 19:49:02,61,61,0.2711111111111111,0.2711111111111111,7.853333333333334,99.72888888888889
APCP150,2026-04-06 19:49:02,62,62,0.2733333333333333,0.2733333333333333,0.09444444444444444,99.72666666666666
LAMPRD80,2026-05-01 03:35:00,63,63,0.2759375,0.2759375,158.6390625,99.7240625
NAMP109,2026-04-06 19:49:02,64,64,0.28555555555555556,0.2866666666666667,9.815555555555555,99.71444444444444
EUR-Dedicated,2026-05-01,65,65,0.289375,0.289375,74.8503125,99.710625
JPNPRD01,2026-04-16 07:50:38,66,66,0.29125,0.2925,614.711875,99.70875
LAM-Multitenant,2026-05-01,67,67,0.29625,0.2971875,598.9921875,99.70375
JPNP301,2026-04-06 19:49:02,68,68,0.29666666666666663,0.29666666666666663,91.77666666666667,99.70333333333333
EURP119,2026-05-01 03:35:00,69,69,0.2971875,0.2975,4.3396875,99.7028125
CAN-Go Local,2026-05-01,70,70,0.299375,0.30093749999999997,534.865,99.700625
EURP178,2026-04-16 07:50:38,71,71,0.30062500000000003,0.30125,0.006875,99.699375
NAMP133,2026-04-06 19:49:02,72,72,0.30222222222222217,0.30222222222222217,0.4566666666666666,99.69777777777777
DEU-Go Local,2026-03-07,73,73,0.31666666666666665,0.31555555555555553,297.08222222222224,99.68333333333334
EURPRD04,2026-05-01 03:35:00,74,74,0.3209375,0.321875,641.2990625,99.6790625
LAM-Multitenant,2026-03-07,75,75,0.32333333333333336,0.32333333333333336,635.37,99.67666666666668
NAMPRD04,2026-04-06 19:49:02,76,76,0.32666666666666666,0.32666666666666666,451.3022222222222,99.67333333333333
INDP287,2026-05-01 03:35:00,77,77,0.3275,0.3265625,524.725,99.6725
NAMP128,2026-05-01 03:35:00,78,78,0.344375,0.344375,0.7875,99.655625
GBRP123,2026-05-01 03:35:00,79,79,0.3503125,0.349375,429.3190625,99.6496875
EURP121,2026-05-01 03:35:00,80,80,0.351875,0.3525,2.8909375,99.64812500000001
GBRP123,2026-04-16 07:50:38,80,80,0.351875,0.3525,440.930625,99.64812500000001
DEUP281,2026-04-06 19:49:02,81,81,0.3522222222222222,0.3522222222222222,329.49666666666667,99.64777777777778
APCPRD03,2026-04-06 19:49:02,82,82,0.36666666666666664,0.36888888888888893,491.31111111111113,99.63333333333334
JPNPRD01,2026-05-01 03:35:00,83,83,0.37125,0.3725,767.9190625,99.62875
QAT-Go Local,2026-05-01,84,84,0.371875,0.371875,23.9028125,99.628125
QATP289,2026-05-01 03:35:00,84,84,0.371875,0.371875,23.9028125,99.628125
APCPRD04,2026-05-01 03:35:00,85,85,0.3765625,0.3771875,491.584375,99.6234375
NAMP133,2026-04-16 07:50:38,86,86,0.38,0.381875,0.56125,99.62
EURPRD08,2026-04-06 19:49:02,87,87,0.38666666666666666,0.3844444444444444,932.0111111111112,99.61333333333333
EURP180,2026-04-16 07:50:38,88,88,0.389375,0.39,0.02375,99.610625
GBRP123,2026-04-06 19:49:02,89,89,0.39444444444444443,0.39111111111111113,641.5488888888889,99.60555555555555
NAMPRD85,2026-04-16 07:50:38,90,90,0.395,0.395625,46.430625,99.605
APCPRD03,2026-05-01 03:35:00,91,91,0.395625,0.39437500000000003,535.2425,99.604375
DEU-Go Local,2026-04-16,92,92,0.4025,0.401875,375.774375,99.5975
DEUP281,2026-04-16 07:50:38,92,92,0.4025,0.401875,375.75374999999997,99.5975
NAMPRD85,2026-04-06 19:49:02,93,93,0.40555555555555556,0.40555555555555556,46.60444444444445,99.59444444444445
LAMP152,2026-05-01 03:35:00,94,94,0.405625,0.4065625,475.7946875,99.594375
NAMPRD03,2026-04-06 19:49:02,95,95,0.4066666666666667,0.41,488.83444444444444,99.59333333333333
EURP180,2026-05-01 03:35:00,96,96,0.4134375,0.4146875,0.023125,99.5865625
NAMPRD15,2026-04-06 19:49:02,97,97,0.4211111111111111,0.42000000000000004,527.1522222222222,99.5788888888889
NAMPRD20,2026-04-06 19:49:02,98,98,0.42333333333333334,0.42333333333333334,423.0788888888889,99.57666666666667
NAMP134,2026-04-06 19:49:02,98,99,0.42333333333333334,0.4244444444444444,2.3044444444444445,99.57666666666665
CAN-Go Local,2026-04-16,99,100,0.42375,0.4225,741.151875,99.57625
INDP287,2026-04-06 19:49:02,100,101,0.42666666666666664,0.4244444444444444,652.8866666666667,99.57333333333332
NAMP158,2026-04-06 19:49:02,101,102,0.42777777777777776,0.4288888888888889,3.0411111111111113,99.57222222222222
ZAF-Go Local,2026-04-16,102,103,0.430625,0.43,259.684375,99.569375
ZAFP275,2026-04-16 07:50:38,102,103,0.430625,0.43,259.684375,99.569375
NAM-Dedicated,2026-05-01,103,104,0.433125,0.43093750000000003,380.141875,99.566875
NAMP163,2026-05-01 03:35:00,104,105,0.43343750000000003,0.43093750000000003,4.01375,99.5665625
LAMP215,2026-04-16 07:50:38,105,106,0.4375,0.439375,117.3125,99.5625
EURP191,2026-04-06 19:49:02,106,107,0.44777777777777783,0.44555555555555554,265.5388888888889,99.55222222222223
NAMP157,2026-04-16 07:50:38,107,108,0.44875,0.45,14.430625,99.55125
ISRP290,2026-04-06 19:49:02,108,109,0.4566666666666667,0.4555555555555555,6.632222222222222,99.54333333333334
APCPRD06,2026-04-06 19:49:02,109,110,0.4666666666666667,0.46444444444444444,577.1811111111111,99.53333333333333
ZAFP275,2026-04-06 19:49:02,110,111,0.48000000000000004,0.48000000000000004,286.40333333333336,99.52
NAMPRD06,2026-04-06 19:49:02,111,112,0.48444444444444446,0.4822222222222222,709.3644444444444,99.51555555555555
CANPRD01,2026-04-16 07:50:38,112,113,0.485625,0.485,788.90375,99.514375
EURP174,2026-04-16 07:50:38,112,113,0.485625,0.4875,0.015,99.514375
NAMPRD07,2026-04-06 19:49:02,113,114,0.49222222222222217,0.4911111111111111,711.0166666666667,99.50777777777779
IND-Go Local,2026-05-01,114,115,0.493125,0.49375,1932.0540625,99.506875
NAMP101,2026-04-06 19:49:02,115,116,0.49444444444444446,0.49222222222222217,11.85888888888889,99.50555555555555
NAMP131,2026-05-01 03:35:00,116,117,0.496875,0.4971875,2.88625,99.503125
NAMP132,2026-05-01 03:35:00,117,118,0.4971875,0.4990625,15.86125,99.5028125
NAMPRD16,2026-04-06 19:49:02,118,119,0.49888888888888894,0.5,646.1055555555555,99.50111111111111
NAMP109,2026-05-01 03:35:00,119,120,0.5015625,0.5025,17.3909375,99.4984375
NAM-ITAR DoD,2026-05-01,120,121,0.5017241379310345,0.5031034482758621,222.79620689655172,99.49827586206897
NAMP111,2026-05-01 03:35:00,120,121,0.5017241379310345,0.5031034482758621,222.79620689655172,99.49827586206897
NAMP163,2026-04-06 19:49:02,121,122,0.508888888888889,0.5122222222222222,4.546666666666667,99.49111111111111
EURP122,2026-04-16 07:50:38,122,123,0.51,0.508125,14.851875,99.49
GBR-Go Local,2026-04-16,123,124,0.51625,0.516875,1534.065,99.48375
NAMP130,2026-04-16 07:50:38,124,125,0.523125,0.5225,33.858125,99.476875
EURP176,2026-04-06 19:49:02,125,126,0.5299999999999999,0.53,8.205555555555556,99.47
NAMP154,2026-04-06 19:49:02,125,126,0.5299999999999999,0.5322222222222223,5.699999999999999,99.47
INDP287,2026-04-16 07:50:38,126,127,0.530625,0.533125,834.505,99.469375
NAMP113,2026-04-06 19:49:02,127,128,0.5333333333333333,0.5333333333333333,11.827777777777778,99.46666666666667
APC-MSIT,2026-05-01,128,129,0.536875,0.5375,13.2225,99.463125
EURPRD01,2026-04-16 07:50:38,128,129,0.536875,0.5375,1051.25875,99.463125
NAMP109,2026-04-16 07:50:38,129,130,0.54375,0.545625,18.673125,99.45625
NAMP154,2026-05-01 03:35:00,130,131,0.548125,0.550625,6.0115625,99.451875
NAMPRD01,2026-04-06 19:49:02,131,132,0.5522222222222222,0.5522222222222222,744.4488888888889,99.44777777777777
EURP138,2026-04-16 07:50:38,132,133,0.556875,0.558125,29.68,99.443125
NAMPRD13,2026-04-06 19:49:02,133,134,0.5633333333333334,0.5633333333333334,721.1255555555556,99.43666666666667
NAMP171,2026-04-16 07:50:38,134,135,0.566875,0.566875,3.13875,99.433125
NAMP125,2026-05-01 03:35:00,135,136,0.5678125,0.5703125,3.668125,99.4321875
JPN-Go Local,2026-05-01,136,137,0.5725,0.5746875,1981.404375,99.4275
NAMP163,2026-04-16 07:50:38,137,138,0.575625,0.57625,5.210625,99.424375
NAMP135,2026-04-06 19:49:02,138,139,0.5833333333333334,0.5811111111111111,0.09333333333333332,99.41666666666667
NAMPRD12,2026-04-06 19:49:02,139,140,0.5855555555555556,0.5877777777777777,815.0511111111111,99.41444444444444
IDN-Go Local,2026-04-16,140,141,0.599375,0.598125,5.35875,99.400625
IDNP305,2026-04-16 07:50:38,140,141,0.599375,0.598125,5.35875,99.400625
ZAF-Go Local,2026-05-01,141,142,0.6009375,0.59875,374.244375,99.3990625
ZAFP275,2026-05-01 03:35:00,141,142,0.6009375,0.59875,374.244375,99.3990625
IND-Go Local,2026-04-16,142,143,0.61875,0.620625,2388.12125,99.38125
NAMP222,2026-04-06 19:49:02,143,144,0.6188888888888889,0.6211111111111111,143.32888888888888,99.38111111111112
JPNP286,2026-04-06 19:49:02,144,145,0.62,0.6233333333333333,677.3233333333333,99.38
LAMP152,2026-04-06 19:49:02,145,146,0.6222222222222222,0.6244444444444445,714.3655555555556,99.37777777777778
EURP107,2026-04-06 19:49:02,146,147,0.6333333333333333,0.6344444444444445,51.06666666666667,99.36666666666666
NAMP166,2026-05-01 03:35:00,147,148,0.6334375,0.635,6.6284375,99.3665625
NORP279,2026-04-06 19:49:02,148,149,0.6366666666666667,0.6322222222222222,104.96777777777778,99.36333333333333
EURP180,2026-04-06 19:49:02,149,150,0.6411111111111111,0.6444444444444444,0.035555555555555556,99.35888888888888
APCPRD06,2026-05-01 03:35:00,150,151,0.651875,0.649375,808.0634375,99.348125
EURP107,2026-04-16 07:50:38,151,152,0.6525,0.653125,53.08625,99.3475
JPNP301,2026-04-16 07:50:38,152,153,0.655,0.65125,218.735,99.345
NAMP134,2026-04-16 07:50:38,153,154,0.65875,0.66125,3.56875,99.34125
NAMP108,2026-04-06 19:49:02,154,155,0.6633333333333333,0.6688888888888889,20.254444444444445,99.33666666666666
APCPRD02,2026-05-01 03:35:00,155,156,0.6684375,0.67125,951.6646875,99.3315625
NAM-ITAR DoD,2026-04-16,156,157,0.68,0.6775,291.293125,99.32
NAMP111,2026-04-16 07:50:38,156,157,0.68,0.6775,291.293125,99.32
INDPRD01,2026-04-16 07:50:38,157,158,0.6875,0.689375,1570.33,99.3125
NAMP154,2026-04-16 07:50:38,158,159,0.689375,0.691875,7.43125,99.310625
CANPRD01,2026-04-06 19:49:02,159,160,0.6911111111111111,0.69,1105.2611111111112,99.30888888888889
NAMP108,2026-04-16 07:50:38,160,161,0.691875,0.6925,21.18125,99.308125
APCP153,2026-05-01 03:35:00,161,162,0.694375,0.6934375,16.76625,99.305625
NAMP197,2026-05-01 03:35:00,162,163,0.71625,0.7128125000000001,0.035,99.28375
EURPRD06,2026-05-01 03:35:00,163,164,0.7225,0.7196875,1109.8521875,99.2775
NAMPRD19,2026-04-06 19:49:02,164,165,0.7277777777777777,0.7311111111111112,1022.8555555555556,99.27222222222223
NAMP106,2026-04-06 19:49:02,165,166,0.73,0.7266666666666667,17.20888888888889,99.27
EURP120,2026-04-16 07:50:38,166,167,0.735,0.7318749999999999,21.609375,99.265
APC-MSIT,2026-04-16,167,168,0.738125,0.74125,17.54625,99.261875
APCP153,2026-04-16 07:50:38,167,168,0.738125,0.74125,17.54625,99.261875
EUR-MSIT,2026-03-07,168,169,0.7566666666666667,0.76,14.777777777777779,99.24333333333334
NAMPRD22,2026-04-06 19:49:02,169,170,0.7722222222222223,0.7744444444444444,872.48,99.22777777777777
NAMP132,2026-04-06 19:49:02,170,171,0.7733333333333333,0.7777777777777778,24.119999999999997,99.22666666666666
APC-Dedicated,2026-04-16,171,172,0.79625,0.800625,0.239375,99.20375
DEU-Go Local,2026-05-01,172,173,0.7975,0.8034375,762.805625,99.2025
DEUP281,2026-05-01 03:35:00,172,173,0.7975,0.8034375,762.7859375,99.2025
EURP178,2026-04-06 19:49:02,173,174,0.7977777777777777,0.8011111111111111,0.02,99.20222222222223
APC-MSIT,2026-03-07,174,175,0.81,0.8111111111111111,19.905555555555555,99.19
NAMP106,2026-04-16 07:50:38,175,176,0.810625,0.805625,19.07875,99.189375
GBRP265,2026-04-16 07:50:38,176,177,0.811875,0.815625,1285.586875,99.188125
NAMP158,2026-04-16 07:50:38,177,178,0.8150000000000001,0.81875,5.725,99.185
JPNPRD01,2026-04-06 19:49:02,178,179,0.82,0.8211111111111111,1622.3422222222223,99.18
APCPRD03,2026-04-16 07:50:38,179,180,0.823125,0.82875,1081.91625,99.176875
NAMPRD08,2026-04-06 19:49:02,180,181,0.8244444444444444,0.83,1233.1744444444444,99.17555555555556
NAMP131,2026-04-16 07:50:38,181,182,0.82875,0.82625,4.5475,99.17125
APCPRD04,2026-04-16 07:50:38,182,183,0.830625,0.8325,1035.861875,99.169375
NAMP220,2026-04-06 19:49:02,183,184,0.8355555555555555,0.8411111111111111,131.6277777777778,99.16444444444444
NAMP164,2026-05-01 03:35:00,184,185,0.83625,0.84,6.0915625,99.16375
EURP174,2026-05-01 03:35:00,185,186,0.8396774193548387,0.8441935483870967,0.024838709677419354,99.16032258064516
NAMP136,2026-04-16 07:50:38,186,187,0.849375,0.85375,3.450625,99.150625
NAMP101,2026-05-01 03:35:00,187,188,0.854375,0.849375,20.638125,99.145625
NAMP221,2026-04-06 19:49:02,188,189,0.8544444444444445,0.8555555555555556,202.0522222222222,99.14555555555555
AUSP282,2026-05-01 03:35:00,189,190,0.85625,0.8525,1093.3084375,99.14375
ISR-Go Local,2026-04-16,190,191,0.86125,0.86375,12.931875,99.13875
ISRP290,2026-04-16 07:50:38,190,191,0.86125,0.86375,12.931875,99.13875
NAMPRD21,2026-05-01 03:35:00,190,191,0.86125,0.868125,110.76125,99.13875
NAM-MSIT,2026-05-01,191,192,0.8621875,0.868125,110.7946875,99.1378125
NAMP108,2026-05-01 03:35:00,192,193,0.8646875,0.86875,27.2121875,99.1353125
NAMP172,2026-04-16 07:50:38,193,194,0.87,0.874375,0.06625,99.13
MEX-Go Local,2026-04-16,194,195,0.88875,0.894375,14.16,99.11125
MEXP297,2026-04-16 07:50:38,194,195,0.88875,0.894375,14.16,99.11125
NAMP158,2026-05-01 03:35:00,195,196,0.8909375,0.8959375,6.3409375,99.1090625
NAMP100,2026-04-06 19:49:02,196,197,0.8922222222222221,0.8955555555555557,71.91888888888889,99.10777777777778
EURP175,2026-04-16 07:50:38,197,198,0.894375,0.900625,0.213125,99.105625
NAMP100,2026-04-16 07:50:38,198,199,0.895,0.900625,72.79,99.105
INDPRD01,2026-05-01 03:35:00,199,200,0.8953125,0.9003125,2112.4809375,99.1046875
APC-Multitenant,2026-04-16,200,201,0.901875,0.908125,5452.203125,99.098125
EURP175,2026-05-01 03:35:00,201,202,0.9178125,0.92375,0.22625,99.0821875
EURP174,2026-04-06 19:49:02,202,203,0.9188888888888889,0.9266666666666666,0.030000000000000002,99.08111111111111
BRA-Go Local,2026-05-01,203,204,0.928125,0.93375,527.6956250000001,99.071875
BRAP284,2026-05-01 03:35:00,203,204,0.928125,0.93375,527.6956250000001,99.071875
NAM-MSIT,2026-03-07,204,205,0.9355555555555556,0.94,119.88333333333334,99.06444444444445
NAMP223,2026-04-06 19:49:02,204,205,0.9355555555555556,0.9411111111111112,169.1522222222222,99.06444444444445
NAMP166,2026-04-06 19:49:02,205,206,0.9377777777777777,0.9333333333333333,9.49,99.06222222222222
APCPRD06,2026-04-16 07:50:38,206,207,0.9456249999999999,0.9512499999999999,1150.65875,99.054375
CANP288,2026-04-06 19:49:02,207,208,0.9466666666666667,0.9511111111111111,122.94666666666666,99.05333333333334
MEXP297,2026-04-06 19:49:02,208,209,0.9488888888888888,0.9555555555555555,14.613333333333335,99.05111111111111
JPN-Go Local,2026-04-16,209,210,0.96875,0.975625,3242.333125,99.03125
EURP138,2026-04-06 19:49:02,210,211,0.9755555555555555,0.9833333333333333,51.58444444444444,99.02444444444444
APCPRD02,2026-04-06 19:49:02,211,212,0.9777777777777779,0.9844444444444443,1363.1366666666665,99.02222222222223
NAMP134,2026-05-01 03:35:00,212,213,0.9784375,0.984375,5.4471875,99.0215625
NAMP126,2026-05-01 03:35:00,213,214,0.988125,0.979375,0.031875,99.011875
BRA-Go Local,2026-04-16,214,215,0.996875,1.003125,549.056875,99.003125
BRAP284,2026-04-16 07:50:38,214,215,0.996875,1.003125,549.056875,99.003125
NAMP130,2026-05-01 03:35:00,215,216,0.9971875,1.0053125,66.11125,99.0028125
EURP107,2026-05-01 03:35:00,216,217,1.0028125,1.0065625,83.3625,98.9971875
NAMP169,2026-04-16 07:50:38,217,218,1.00625,1.01125,0.090625,98.99375
NAMP132,2026-04-16 07:50:38,218,219,1.008125,1.014375,31.690625,98.991875
NAMP136,2026-04-06 19:49:02,219,220,1.0166666666666666,1.02,4.0633333333333335,98.98333333333333
NAMP159,2026-04-06 19:49:02,219,220,1.0166666666666666,1.02,0.04,98.98333333333333
NAMP129,2026-05-01 03:35:00,220,221,1.0434375,1.048125,10.8146875,98.9565625
AUSP282,2026-04-06 19:49:02,221,222,1.0499999999999998,1.0566666666666666,1287.1899999999998,98.94999999999999
EUR-Dedicated,2026-04-16,222,223,1.05375,1.046875,252.54875,98.94624999999999
NAMP161,2026-05-01 03:35:00,223,224,1.070625,1.0640625,35.9509375,98.92937500000001
EURPRD05,2026-04-06 19:49:02,224,225,1.0722222222222222,1.08,2133.2255555555553,98.92777777777778
FRA-Go Local,2026-04-16,225,226,1.08375,1.09125,1087.38625,98.91625
FRAP264,2026-04-16 07:50:38,225,226,1.08375,1.09125,1087.38625,98.91625
AUS-Go Local,2026-04-16,226,227,1.090625,1.084375,3057.996875,98.909375
EURP176,2026-05-01 03:35:00,227,228,1.093125,1.1040625,15.735625,98.906875
NAMP129,2026-04-16 07:50:38,228,229,1.111875,1.104375,11.495,98.888125
EURPRD83,2026-04-06 19:49:02,229,230,1.13,1.1366666666666667,21.288888888888888,98.87
AUS-Go Local,2026-05-01,230,231,1.1378125,1.1446875,3267.7546875,98.8621875
NAMP126,2026-04-06 19:49:02,231,232,1.1455555555555554,1.14,0.03777777777777778,98.85444444444445
FRA-Go Local,2026-03-07,232,233,1.1566666666666667,1.1466666666666667,1140.7977777777778,98.84333333333333
NAMP162,2026-05-01 03:35:00,233,234,1.185625,1.1959375,9.843125,98.814375
GBRP302,2026-05-01 03:35:00,234,235,1.191875,1.20125,140.6340625,98.808125
NAMP100,2026-05-01 03:35:00,235,236,1.199375,1.2075,99.609375,98.800625
MEX-Go Local,2026-05-01,236,237,1.211875,1.22,20.2421875,98.788125
MEXP297,2026-05-01 03:35:00,236,237,1.211875,1.22,20.2421875,98.788125
NAMP170,2026-04-16 07:50:38,237,238,1.23,1.239375,18.8725,98.77
EURP179,2026-04-16 07:50:38,238,239,1.25875,1.265625,11.544375,98.74125
NAMPRD05,2026-04-06 19:49:02,239,240,1.2622222222222221,1.271111111111111,1895.148888888889,98.73777777777778
JPN-Go Local,2026-03-07,240,241,1.271111111111111,1.28,4211.3133333333335,98.72888888888889
SWEP280,2026-04-06 19:49:02,241,242,1.2855555555555556,1.2766666666666666,323.2088888888889,98.71444444444445
NAMP162,2026-04-16 07:50:38,242,243,1.290625,1.29875,10.074375,98.709375
CHE-Go Local,2026-03-07,243,244,1.2922222222222224,1.298888888888889,432.78666666666663,98.70777777777778
NAMP131,2026-04-06 19:49:02,244,245,1.3066666666666666,1.2977777777777777,7.191111111111111,98.69333333333333
APCPRD01,2026-04-16 07:50:38,245,246,1.329375,1.339375,1174.473125,98.670625
GBRP302,2026-04-16 07:50:38,246,247,1.338125,1.3525,177.30375,98.661875
APCP153,2026-04-06 19:49:02,247,248,1.338888888888889,1.348888888888889,31.99777777777778,98.66111111111111
NAMP130,2026-04-06 19:49:02,248,249,1.3433333333333333,1.3533333333333333,85.15666666666667,98.65666666666667
NAMPRD21,2026-04-06 19:49:02,249,250,1.3566666666666667,1.3666666666666667,165.15555555555557,98.64333333333333
EURP138,2026-05-01 03:35:00,250,251,1.3815625,1.3934374999999999,75.1825,98.6184375
EURP178,2026-05-01 03:35:00,251,252,1.3909375,1.4025,0.0309375,98.6090625
CAN-Go Local,2026-03-07,252,253,1.391111111111111,1.401111111111111,2366.76,98.60888888888888
EURPRD02,2026-04-06 19:49:02,253,254,1.4200000000000002,1.43,2289.25,98.58
NAMP102,2026-04-16 07:50:38,254,255,1.440625,1.454375,0.04125,98.559375
NAMPRD08,2026-04-16 07:50:38,255,256,1.45,1.4375,1985.991875,98.55
NAMP115,2026-05-01 03:35:00,256,257,1.4525000000000001,1.46375,59.00875,98.5475
GBRP302,2026-04-06 19:49:02,257,258,1.4566666666666666,1.4666666666666666,173.14666666666665,98.54333333333334
NAMP133,2026-05-01 03:35:00,258,259,1.4609375,1.4734375,2.1265625,98.5390625
NAMP172,2026-05-01 03:35:00,259,260,1.4628125,1.475625,0.1134375,98.5371875
BRAP284,2026-04-06 19:49:02,260,261,1.52,1.5322222222222222,828.1488888888889,98.47999999999999
CHL-Go Local,2026-05-01,261,262,1.5225,1.5390625,10.4684375,98.4775
CHLP298,2026-05-01 03:35:00,261,262,1.5225,1.5390625,10.4684375,98.4775
EURP175,2026-04-06 19:49:02,262,263,1.5322222222222224,1.5444444444444445,0.3622222222222222,98.46777777777778
NAMP197,2026-04-16 07:50:38,263,264,1.545,1.53375,0.06875,98.455
EURP179,2026-04-06 19:49:02,264,265,1.551111111111111,1.5644444444444445,14.098888888888888,98.44888888888889
EURPRD03,2026-04-16 07:50:38,265,266,1.6225,1.60875,2898.04625,98.3775
NAMP104,2026-04-16 07:50:38,266,267,1.631875,1.646875,194.640625,98.368125
NAMP115,2026-04-16 07:50:38,267,268,1.644375,1.66,65.47125,98.355625
NAMPRD08,2026-05-01 03:35:00,268,269,1.6475,1.6334375,2262.9509375,98.3525
EURPRD09,2026-04-06 19:49:02,269,270,1.6666666666666667,1.6822222222222223,2057.9822222222224,98.33333333333333
NAMP110,2026-04-06 19:49:02,270,271,1.6800000000000002,1.6944444444444444,462.49777777777774,98.32
FRA-Go Local,2026-05-01,271,272,1.681875,1.6984375,1733.259375,98.318125
FRAP264,2026-05-01 03:35:00,271,272,1.681875,1.6984375,1733.259375,98.318125
APCPRD02,2026-04-16 07:50:38,272,273,1.695,1.709375,2365.28625,98.305
NAMP104,2026-05-01 03:35:00,273,274,1.69875,1.7153125,208.194375,98.30125
NAMP169,2026-04-06 19:49:02,274,275,1.7155555555555555,1.7033333333333334,0.1511111111111111,98.28444444444443
NAMP170,2026-04-06 19:49:02,275,276,1.72,1.7333333333333334,26.066666666666666,98.28
AUSP300,2026-04-16 07:50:38,276,277,1.741875,1.72,407.138125,98.25812499999999
NAMP115,2026-04-06 19:49:02,277,278,1.748888888888889,1.7655555555555555,68.60888888888888,98.25111111111111
NAMP104,2026-04-06 19:49:02,278,279,1.7522222222222221,1.768888888888889,206.17888888888888,98.24777777777778
AUSP282,2026-04-16 07:50:38,279,280,1.75375,1.76875,2167.038125,98.24625
APCPRD01,2026-05-01 03:35:00,280,281,1.7565625,1.774375,1604.7,98.2434375
NAMP136,2026-05-01 03:35:00,281,282,1.7684374999999999,1.7871875,7.3690625,98.2315625
ISR-Go Local,2026-05-01,282,283,1.8171875,1.835,28.705000000000002,98.1828125
ISRP290,2026-05-01 03:35:00,282,283,1.8171875,1.835,28.705000000000002,98.1828125
EURPRD06,2026-04-06 19:49:02,283,284,1.8255555555555556,1.838888888888889,2701.7788888888886,98.17444444444443
GBR-Go Local,2026-05-01,284,285,1.82875,1.8115625,5142.10125,98.17125
NAM-TDF,2026-04-16,285,286,1.831875,1.85125,0.9425,98.168125
NAMP283,2026-04-16 07:50:38,285,286,1.831875,1.85125,0.9425,98.168125
NAMP102,2026-05-01 03:35:00,286,287,1.8659375,1.8846874999999998,0.0540625,98.1340625
NAM-ITAR GCCH,2026-05-01,287,288,1.8858620689655172,1.9058620689655172,538.6341379310345,98.11413793103448
NAMP110,2026-05-01 03:35:00,287,288,1.8858620689655172,1.9058620689655172,538.6341379310345,98.11413793103448
NAMP169,2026-05-01 03:35:00,288,289,1.88875,1.9078125,0.1725,98.11125
MYS-Go Local,2026-05-01,289,290,1.9425000000000001,1.964375,18.9275,98.0575
MYSP306,2026-05-01 03:35:00,289,290,1.9425000000000001,1.964375,18.9275,98.0575
EURPRD01,2026-04-06 19:49:02,290,291,1.9766666666666666,1.9977777777777779,3547.625555555556,98.02333333333334
AUSPRD01,2026-05-01 03:35:00,291,292,1.9803125,2.0109375,2817.721875,98.0196875
ARE-Go Local,2026-05-01,292,293,2.0190625,1.9865625,773.7253125,97.9809375
AREP273,2026-05-01 03:35:00,292,293,2.0190625,1.9865625,773.7253125,97.9809375
NAMP106,2026-05-01 03:35:00,293,294,2.0240625,1.9971875,47.3109375,97.9759375
NAMP159,2026-04-16 07:50:38,294,295,2.05875,2.08125,0.0825,97.94125
JPNP286,2026-04-16 07:50:38,295,296,2.06625,2.089375,2247.615625,97.93375
IDNP305,2026-04-06 19:49:02,296,297,2.09,2.1122222222222224,12.581111111111111,97.91000000000001
NAM-ITAR GCCH,2026-04-16,297,298,2.103125,2.1262499999999998,587.94,97.896875
NAMP110,2026-04-16 07:50:38,297,298,2.103125,2.1262499999999998,587.94,97.896875
EURP120,2026-04-06 19:49:02,298,299,2.121111111111111,2.098888888888889,62.09444444444445,97.87888888888888
NAMPRD03,2026-04-16 07:50:38,299,300,2.163125,2.14125,2028.230625,97.836875
NAMPRD18,2026-04-06 19:49:02,300,301,2.201111111111111,2.2266666666666666,2552.4555555555553,97.7988888888889
EURPRD06,2026-04-16 07:50:38,301,302,2.29125,2.3175,3457.734375,97.70875
MEX-Go Local,2026-03-07,302,303,2.413333333333333,2.442222222222222,36.96,97.58666666666666
EUR-Dedicated,2026-03-07,303,304,2.421111111111111,2.393333333333333,582.9077777777778,97.5788888888889
IND-Go Local,2026-03-07,304,305,2.427777777777778,2.398888888888889,9084.616666666667,97.57222222222222
CANP288,2026-04-16 07:50:38,305,306,2.48875,2.455625,273.3825,97.51125
KOR-Go Local,2026-03-07,306,307,2.5122222222222224,2.5455555555555556,578.9611111111111,97.48777777777778
NAMPRD16,2026-04-16 07:50:38,307,308,2.5425,2.510625,2934.7625,97.4575
NAM-ITAR GCCH,2026-03-07,308,309,2.551111111111111,2.5844444444444443,699.3788888888889,97.44888888888889
NAM-Multitenant,2026-03-07,309,310,2.5977777777777775,2.631111111111111,65089.37222222222,97.40222222222222
EURP176,2026-04-16 07:50:38,310,311,2.640625,2.604375,36.989375,97.359375
EUR-MSIT,2026-04-16,311,312,2.6412500000000003,2.54375,53.596875,97.35875
EURPRD83,2026-04-16 07:50:38,311,312,2.6412500000000003,2.54375,53.59625,97.35875
BRA-Go Local,2026-03-07,312,313,2.6522222222222225,2.6877777777777774,1443.7022222222222,97.34777777777778
NAMP162,2026-04-06 19:49:02,313,314,2.743333333333333,2.781111111111111,21.264444444444443,97.25666666666666
NAMP159,2026-05-01 03:35:00,314,315,2.8065625,2.8496875,0.1159375,97.1934375
NAMP197,2026-04-06 19:49:02,315,316,2.9655555555555555,2.9255555555555555,0.1322222222222222,97.03444444444445
EURPRD03,2026-04-06 19:49:02,316,317,3.0011111111111113,3.052222222222222,5306.3533333333335,96.99888888888889
AUS-Go Local,2026-03-07,317,318,3.0999999999999996,3.0533333333333332,8684.681111111111,96.9
AUSP300,2026-04-06 19:49:02,317,318,3.0999999999999996,3.051111111111111,657.8355555555556,96.9
EURPRD04,2026-04-06 19:49:02,318,319,3.1655555555555557,3.2211111111111115,5523.561111111111,96.83444444444444
GBRP265,2026-04-06 19:49:02,319,320,3.192222222222222,3.2466666666666666,4659.363333333334,96.80777777777777
NAMPRD17,2026-04-16 07:50:38,320,321,3.258125,3.2075,4091.1793749999997,96.741875
EURPRD10,2026-04-06 19:49:02,321,322,3.2644444444444445,3.32,4820.771111111111,96.73555555555555
AUSPRD01,2026-04-06 19:49:02,322,323,3.378888888888889,3.322222222222222,4629.746666666667,96.62111111111112
AUSPRD01,2026-04-16 07:50:38,323,324,3.395,3.336875,4587.735,96.605
GBRP265,2026-05-01 03:35:00,324,325,3.455625,3.3975,5190.046875,96.544375
CANP288,2026-05-01 03:35:00,325,326,3.4834375,3.564375,395.1359375,96.5165625
NAM-SDF,2026-03-07,326,327,3.5244444444444443,3.522222222222222,106.07333333333332,96.47555555555556
EURPRD07,2026-04-06 19:49:02,327,328,3.836666666666667,3.9111111111111114,5920.732222222223,96.16333333333334
EUR-Multitenant,2026-03-07,328,329,3.966666666666667,4.0488888888888885,77595.78888888888,96.03333333333333
NAM-Dedicated,2026-04-16,329,330,3.974375,3.894375,3470.34375,96.025625
EURP176,2026-03-12,330,331,3.996521739130435,3.875391304347826,10.375652173913045,96.00347826086956
NAMPRD17,2026-05-01 03:35:00,331,332,4.0134375,3.935,5114.58875,95.9865625
NAMPRD00,2026-04-06 19:49:02,332,333,4.077777777777778,3.9366666666666665,137.0311111111111,95.92222222222222
NAM-ITAR DoD,2026-03-07,333,334,4.091111111111111,4.178888888888888,1675.9877777777776,95.90888888888888
EURP251,2026-04-06 19:49:02,334,335,4.202222222222222,4.295555555555556,620.1644444444444,95.79777777777777
NAMPRD13,2026-05-01 03:35:00,335,336,4.3128125,4.220625,5273.66125,95.68718750000001
NAM-MSIT,2026-04-16,336,337,4.320625,4.415,504.14125,95.679375
NAMPRD21,2026-04-16 07:50:38,336,337,4.320625,4.415,504.139375,95.679375
JPNP301,2026-05-01 03:35:00,337,338,4.35375,4.4678125,1379.6640625,95.64625
NAMPRD13,2026-04-16 07:50:38,338,339,4.37,4.278125,5235.8625,95.63
EURPRD01,2026-05-01 03:35:00,339,340,4.4440625,4.3484375,7943.9084375,95.5559375
EURP250,2026-04-06 19:49:02,340,341,4.482222222222223,4.585555555555556,792.3855555555556,95.51777777777778
NAMPRD03,2026-05-01 03:35:00,341,342,4.48875,4.389375,4237.9303125,95.51125
ZAFP275,2026-03-12,342,343,4.504956521739131,4.632,85.1766956521739,95.49504347826087
NAMPRD07,2026-03-12,343,344,4.505826086956521,4.389391304347826,409.6989565217391,95.49417391304348
NAM-Dedicated,2026-03-07,344,345,4.5311111111111115,4.426666666666667,4015.1344444444444,95.4688888888889
SWE-Go Local,2026-03-07,345,346,4.625555555555555,4.735555555555555,1157.9,95.37444444444445
EURPRD04,2026-04-16 07:50:38,346,347,4.7212499999999995,4.8375,8115.975,95.27875
NAMP111,2026-04-06 19:49:02,347,348,4.832222222222223,4.952222222222222,1977.1888888888889,95.16777777777777
NAMPRD13,2026-03-12,348,349,5.000086956521739,4.850695652173913,377.29052173913044,94.99991304347826
NAMP162,2026-03-12,349,350,5.069565217391304,4.930173913043478,15.293652173913044,94.9304347826087
GBR-Go Local,2026-03-07,350,351,5.168888888888889,5.307777777777777,14167.963333333333,94.83111111111111
AUSP300,2026-05-01 03:35:00,351,352,5.4753125,5.641875,1265.6353125,94.5246875
NAMPRD16,2026-05-01 03:35:00,352,353,5.484375,5.338125,6399.4471875,94.515625
EURPRD03,2026-05-01 03:35:00,353,354,5.4875,5.34,9776.49875,94.5125
EURP120,2026-03-12,354,355,5.591130434782609,5.77295652173913,20.044434782608697,94.4088695652174
NAMPRD18,2026-04-16 07:50:38,355,356,5.6375,5.483125,6559.301875,94.3625
CHE-Go Local,2026-05-01,356,357,5.6834375,5.524375,1973.2921875,94.3165625
CHEP278,2026-05-01 03:35:00,356,357,5.6834375,5.524375,1973.2921875,94.3165625
MYSP306,2026-04-06 19:49:02,357,358,5.685555555555556,5.888888888888889,50.83555555555555,94.31444444444443
ARE-Go Local,2026-04-16,358,359,5.875,5.705625,2283.6025,94.125
AREP273,2026-04-16 07:50:38,358,359,5.875,5.705625,2283.6025,94.125
NAMP221,2026-03-12,359,360,6.072434782608696,6.108869565217391,115.15173913043479,93.9275652173913
CANP288,2026-03-12,360,361,6.166,6.013478260869565,116.096,93.834
NAMP171,2026-03-12,361,362,6.4700869565217385,6.221478260869565,5.474869565217391,93.52991304347826
EURPRD06,2026-03-12,362,363,6.729130434782609,6.424086956521739,451.0231304347826,93.27086956521738
NAMPRD06,2026-05-01 03:35:00,363,364,6.8109375,6.5865625,8546.7421875,93.1890625
NAMPRD06,2026-04-16 07:50:38,364,365,6.870625,6.640625,8385.285625,93.129375
CHE-Go Local,2026-04-16,365,366,6.906875,6.676875,2337.465625,93.093125
CHEP278,2026-04-16 07:50:38,365,366,6.906875,6.676875,2337.465,93.093125
NAMP164,2026-03-12,366,367,6.937043478260869,6.698695652173913,11.487130434782609,93.06295652173912
NAMPRD84,2026-03-12,367,368,7.027217391304347,6.751913043478261,56.099043478260874,92.97278260869565
EURP195,2026-04-06 19:49:02,368,369,7.183333333333334,7.452222222222223,3036.0377777777776,92.81666666666666
NAMPRD08,2026-03-12,369,370,7.213826086956522,6.955478260869565,701.9525217391304,92.78617391304347
NAMP129,2026-04-06 19:49:02,370,371,7.355555555555556,7.092222222222222,74.91777777777777,92.64444444444445
NAMPRD84,2026-04-06 19:49:02,371,372,7.42111111111111,7.705555555555555,781.6833333333333,92.5788888888889
NAMP114,2026-05-01 03:35:00,372,373,7.4840625,7.20375,509.4890625,92.5159375
CHLP298,2026-04-06 19:49:02,373,374,7.5166666666666675,7.881111111111112,45.0,92.48333333333333
EURP192,2026-04-06 19:49:02,374,375,7.546666666666667,7.842222222222222,3125.48,92.45333333333333
EURPRD08,2026-04-16 07:50:38,375,376,7.614375,7.335,13515.3075,92.385625
EURP191,2026-03-12,376,377,7.6455652173913045,7.974782608695652,233.5484347826087,92.35443478260869
EURPRD05,2026-04-16 07:50:38,377,378,7.653125,7.369375,14582.688125,92.346875
NAMP222,2026-04-16 07:50:38,378,379,7.72625,7.43875,1789.943125,92.27375
APCPRD02,2026-03-12,379,380,7.761304347826086,7.571478260869566,329.8309565217391,92.23869565217392
JPNPRD01,2026-03-12,380,381,7.776869565217392,7.438695652173913,1129.8398260869565,92.2231304347826
NAMPRD00,2026-04-16 07:50:38,381,382,7.8475,7.548125,227.0725,92.1525
NAM-SDF,2026-04-16,382,383,7.85125,7.55,227.1425,92.14875
QAT-Go Local,2026-04-16,383,384,8.011875,7.70375,497.890625,91.988125
QATP289,2026-04-16 07:50:38,383,384,8.011875,7.70375,497.890625,91.988125
NAMPRD18,2026-05-01 03:35:00,384,385,8.1840625,7.8625,9602.2459375,91.8159375
NAMPRD05,2026-03-12,385,386,8.470869565217392,8.050173913043478,724.788347826087,91.52913043478262
LAMP215,2026-03-12,386,387,8.498608695652175,8.119565217391305,74.49182608695652,91.50139130434782
EURPRD04,2026-03-12,387,388,8.522086956521738,8.156260869565218,965.632347826087,91.47791304347825
EURPRD08,2026-05-01 03:35:00,388,389,8.5346875,8.1853125,15329.63625,91.4653125
EURPRD07,2026-03-12,389,390,8.573217391304347,8.186434782608696,811.5380869565217,91.42678260869565
IDN-Go Local,2026-05-01,390,391,8.7440625,9.2046875,62.4265625,91.2559375
IDNP305,2026-05-01 03:35:00,390,391,8.7440625,9.2046875,62.4265625,91.2559375
EURP195,2026-03-12,391,392,8.74408695652174,8.342608695652174,326.8751304347826,91.25591304347826
INDP287,2026-03-12,392,393,8.748347826086958,8.290000000000001,273.4994782608696,91.25165217391304
NAMPRD19,2026-03-12,393,394,8.970695652173914,8.564434782608695,1097.9326956521738,91.0293043478261
NAMP136,2026-03-12,394,395,9.127304347826088,8.681826086956521,7.406521739130435,90.87269565217392
MYS-Go Local,2026-04-16,395,396,9.161249999999999,9.608125,80.858125,90.83875
MYSP306,2026-04-16 07:50:38,395,396,9.161249999999999,9.608125,80.858125,90.83875
APCPRD06,2026-03-12,396,397,9.164695652173913,8.747043478260869,349.9130434782609,90.83530434782608
NAMP129,2026-03-12,397,398,9.314173913043478,9.096260869565217,5.817565217391304,90.68582608695652
EUR-Go Local,2026-05-01,398,399,9.3171875,8.843125,0.051250000000000004,90.6828125
EURP309,2026-05-01 03:35:00,398,399,9.3171875,8.843125,0.051250000000000004,90.6828125
NOR-Go Local,2026-03-07,399,400,9.398888888888889,9.863333333333333,1493.3944444444444,90.60111111111111
NAMPRD01,2026-05-01 03:35:00,400,401,9.5196875,9.0865625,12648.1996875,90.4803125
EURP189,2026-03-12,401,402,9.646782608695654,10.151913043478261,311.21565217391304,90.35321739130436
EURP138,2026-03-12,402,403,9.673565217391305,9.204521739130435,39.961739130434786,90.3264347826087
NAMP222,2026-05-01 03:35:00,403,404,9.8640625,9.3946875,2297.6815625,90.1359375
EURPRD05,2026-05-01 03:35:00,404,405,9.94875,9.4775,19127.025625,90.05125
NAMPRD14,2026-03-12,405,406,9.970869565217392,9.428347826086956,617.7973043478261,90.02913043478262
NAMPRD01,2026-04-16 07:50:38,406,407,10.08,9.59625,13256.641875,89.92
NAMP103,2026-04-16 07:50:38,407,408,10.3325,9.813125,0.315,89.6675
NAMPRD12,2026-03-12,408,409,10.361304347826087,9.841913043478261,753.5050434782609,89.63869565217392
NAMP109,2026-03-12,409,410,10.502695652173912,9.93495652173913,26.84182608695652,89.49730434782609
EUR-MSIT,2026-05-01,410,411,10.634375,10.693125,204.6371875,89.365625
EURPRD83,2026-05-01 03:35:00,410,411,10.634375,10.69375,204.6446875,89.365625
NAMP108,2026-03-12,411,413,10.876260869565217,10.304260869565217,24.609478260869565,89.12373913043479
EURPRD02,2026-04-16 07:50:38,412,414,11.06,10.47875,17695.3575,88.94
NAMPRD04,2026-04-16 07:50:38,413,415,11.09,10.50625,13405.3525,88.91
NAMP158,2026-03-12,414,416,11.111565217391304,10.432434782608695,4.864782608695653,88.8884347826087
EURPRD10,2026-04-16 07:50:38,415,417,11.185625,10.5925,16686.558125,88.814375
GBR-Dedicated,2026-05-01,416,418,11.18625,10.590937499999999,29.2734375,88.81375
GBRP267,2026-05-01 03:35:00,416,418,11.18625,10.590937499999999,29.2734375,88.81375
EUR-Go Local,2026-04-16,417,419,11.426875,12.11875,0.05875,88.573125
EURP309,2026-04-16 07:50:38,417,419,11.426875,12.11875,0.05875,88.573125
NAMPRD07,2026-04-16 07:50:38,418,420,11.429375,10.81,14287.331875,88.570625
EURP194,2026-03-12,419,421,11.470347826086956,12.194608695652175,239.01591304347826,88.52965217391304
NAMPRD04,2026-05-01 03:35:00,420,422,11.505625,10.8784375,14050.92875,88.494375
NAM-SDF,2026-05-01,421,412,11.525625,7.115937499999999,215.7940625,89.240625
NAMPRD00,2026-05-01 03:35:00,421,412,11.525625,7.115937499999999,215.7940625,89.240625
LAMP152,2026-03-12,422,423,11.563739130434781,10.911130434782608,324.3349565217391,88.43626086956522
NAMPRD15,2026-05-01 03:35:00,423,424,11.6740625,11.030625,13654.314375,88.3259375
INDPRD01,2026-03-12,424,425,11.793565217391304,11.132434782608696,457.07713043478265,88.2064347826087
NAMP106,2026-03-12,425,426,12.12495652173913,12.981130434782608,46.26069565217391,87.87504347826086
NZL-Go Local,2026-05-01,426,427,12.3571875,13.2153125,78.379375,87.64281249999999
NZLP299,2026-05-01 03:35:00,426,427,12.3571875,13.2153125,78.379375,87.64281249999999
NAMPRD15,2026-04-16 07:50:38,427,428,12.383125,11.658125,14117.929375,87.616875
EURP122,2026-03-12,428,429,12.391217391304348,11.57895652173913,24.580869565217395,87.60878260869565
EURPRD09,2026-04-16 07:50:38,429,430,12.463125,11.731875,14972.938125,87.536875
NZLP299,2026-04-16 07:50:38,430,432,12.541875000000001,13.393125,73.595625,87.458125
NZL-Go Local,2026-04-16,431,433,12.543125,13.394375,73.60062500000001,87.456875
EURPRD02,2026-05-01 03:35:00,432,434,12.675625,11.9203125,20578.7275,87.324375
APC-Dedicated,2026-05-01,433,431,12.688125,9.101875,2.488125,87.50875
APCP150,2026-05-01 03:35:00,433,431,12.688125,9.101875,2.488125,87.50875
EURP309,2026-04-06 19:49:02,434,435,12.777777777777779,13.658888888888889,0.060000000000000005,87.22222222222223
EURPRD10,2026-05-01 03:35:00,435,436,13.03625,12.238125,19793.4525,86.96375
CHL-Go Local,2026-04-16,436,437,13.05625,13.9875,80.57625,86.94375
CHLP298,2026-04-16 07:50:38,436,437,13.05625,13.986875,80.57625,86.94375
NAM-TDF,2026-03-07,437,438,13.25,14.20111111111111,6.363333333333333,86.75
NAM-Multitenant,2026-05-01,438,439,13.279375,12.4521875,341012.620625,86.720625
NAM-Multitenant,2026-04-16,439,440,13.299375,12.47,336028.509375,86.700625
AUT-Go Local,2026-05-01,440,441,13.305,14.2671875,70.5378125,86.69500000000001
AUTP296,2026-05-01 03:35:00,440,441,13.305,14.2671875,70.5378125,86.69500000000001
EURPRD09,2026-05-01 03:35:00,441,442,13.393125,12.55375,16404.33625,86.606875
NAMPRD05,2026-05-01 03:35:00,442,443,13.4103125,12.56625,19348.216875,86.5896875
EURPRD10,2026-03-12,443,444,13.588347826086958,14.76591304347826,1557.8155652173914,86.41165217391304
IDN-Go Local,2026-03-07,444,445,13.824444444444445,14.851111111111111,82.9,86.17555555555556
MYS-Go Local,2026-03-07,445,446,13.905555555555557,14.97777777777778,117.18222222222224,86.09444444444445
NAMPRD22,2026-05-01 03:35:00,446,447,13.94125,13.0325,16035.703125,86.05875
LAMPRD80,2026-03-12,447,448,14.012260869565218,13.08,242.8837391304348,85.98773913043479
NAMPRD02,2026-03-12,448,449,14.091565217391304,13.158347826086956,1671.9868695652174,85.9084347826087
APCPRD03,2026-03-12,449,450,14.107130434782608,15.484608695652174,795.2006086956522,85.8928695652174
FRAP264,2026-03-12,450,451,14.141043478260869,13.193304347826087,707.264,85.85895652173913
NAMPRD22,2026-04-16 07:50:38,451,452,14.1975,13.25625,16038.21125,85.8025
NAMPRD02,2026-05-01 03:35:00,452,453,14.23,13.284375,18327.028125,85.77
NAMP283,2026-04-06 19:49:02,453,454,14.514444444444443,15.663333333333334,6.963333333333334,85.48555555555555
NAMPRD07,2026-05-01 03:35:00,454,455,14.5725,13.581875,18477.9840625,85.4275
NAMPRD02,2026-04-16 07:50:38,455,456,14.616875,13.620000000000001,18661.12,85.383125
EURPRD08,2026-03-12,456,457,14.629739130434784,13.606782608695651,1345.671652173913,85.37026086956521
EURP179,2026-03-12,457,458,14.714347826086957,13.655217391304348,3.726434782608696,85.28565217391305
EUR-Multitenant,2026-04-16,458,459,14.93,13.8925,294540.44625,85.07
NAMPRD05,2026-04-16 07:50:38,459,460,14.946875,13.906875,21149.935625,85.053125
NAMPRD10,2026-05-01 03:35:00,460,461,15.088125,14.029375,19844.3953125,84.911875
NAMP163,2026-03-12,461,462,15.107826086956523,14.035043478260869,9.719391304347827,84.89217391304348
NAMP104,2026-03-12,462,463,15.293565217391304,14.142956521739132,33.162260869565216,84.7064347826087
EURP250,2026-03-12,463,464,15.55895652173913,14.393217391304349,262.31208695652174,84.44104347826087
NAMP170,2026-05-01 03:35:00,464,465,15.699375,13.56125,189.8953125,84.300625
NAMPRD06,2026-03-12,465,466,15.757826086956522,14.600434782608696,1288.2002608695652,84.24217391304349
KORP216,2026-03-12,466,467,15.989652173913043,14.791217391304349,183.05626086956522,84.01034782608696
NAMPRD10,2026-03-12,467,468,16.076521739130435,14.818869565217392,1038.5792173913044,83.92347826086957
NAMPRD12,2026-04-16 07:50:38,468,469,16.105,14.904375,22101.071875,83.895
AUSP282,2026-03-12,469,470,16.181043478260868,14.950782608695652,724.079652173913,83.81895652173914
EURP179,2026-05-01 03:35:00,470,471,16.2465625,13.9565625,117.42,83.7534375
ESPP292,2026-03-12,471,472,16.250521739130434,14.446608695652174,13.308521739130436,83.74947826086957
NAMPRD10,2026-04-16 07:50:38,472,473,16.305625,15.07625,21072.788125,83.69437500000001
NAMPRD12,2026-05-01 03:35:00,473,474,16.3315625,15.09875,22743.220625,83.6684375
AUSPRD01,2026-03-12,474,475,16.982,15.54808695652174,991.4220869565216,83.018
EUR-Multitenant,2026-05-01,475,476,17.0146875,15.6803125,340429.8534375,82.9853125
GBRP123,2026-03-12,476,477,17.065478260869565,15.676956521739129,816.4900869565217,82.93452173913043
NAMP133,2026-03-12,477,478,17.19086956521739,18.888782608695653,2.708782608695652,82.8091304347826
BRAP284,2026-03-12,478,479,17.491391304347825,16.074434782608694,360.0767826086957,82.50860869565217
MYSP306,2026-03-12,479,480,18.13095652173913,19.667217391304348,2.6164347826086956,81.86904347826088
NZLP299,2026-04-06 19:49:02,480,481,18.245555555555555,20.086666666666666,104.91555555555556,81.75444444444445
NAMPRD20,2026-05-01 03:35:00,481,482,18.3053125,16.7696875,17923.4925,81.6946875
EURP121,2026-03-12,482,483,18.414608695652174,16.67686956521739,3.4491304347826084,81.58539130434782
NAMP128,2026-03-12,483,484,18.550347826086956,16.96295652173913,3.3960000000000004,81.44965217391304
EURPRD05,2026-03-12,484,485,18.56504347826087,16.92208695652174,1974.6477391304347,81.43495652173914
NAMPRD11,2026-03-12,485,486,18.58886956521739,16.95808695652174,933.3993913043479,81.41113043478262
NAMPRD11,2026-05-01 03:35:00,486,487,18.710625,17.1096875,23453.69875,81.289375
NAMPRD19,2026-05-01 03:35:00,487,488,19.0759375,17.414375,26753.13125,80.9240625
NAMPRD19,2026-04-16 07:50:38,488,489,19.124375,17.454375,26342.324375,80.875625
CHL-Go Local,2026-03-07,489,490,19.182222222222222,21.294444444444444,108.74777777777778,80.81777777777778
NAMPRD20,2026-04-16 07:50:38,490,491,19.49625,17.76375,18821.799375,80.50375
SGPP274,2026-04-16 07:50:38,491,493,19.671875,21.834375,1129.648125,80.328125
NAMPRD14,2026-05-01 03:35:00,492,494,19.681875,17.9184375,21905.325,80.318125
NAMP118,2026-05-01 03:35:00,493,495,19.890625,18.091562500000002,9.404375,80.109375
NAMPRD15,2026-03-12,494,496,19.93695652173913,18.099304347826088,1109.0198260869565,80.06304347826087
TWN-Go Local,2026-05-01,495,497,19.9953125,22.3309375,824.808125,80.0046875
TWNP295,2026-05-01 03:35:00,495,497,19.9953125,22.3309375,824.808125,80.0046875
NAMPRD11,2026-04-16 07:50:38,496,498,20.0675,18.236875,24741.321875,79.9325
NAMPRD14,2026-04-16 07:50:38,497,499,20.365625,18.484375,22394.7575,79.634375
NZLP299,2026-03-12,498,500,20.538608695652176,22.935043478260873,9.188260869565218,79.46139130434783
NAMP131,2026-03-12,499,501,20.616260869565217,18.414,3.3317391304347823,79.38373913043478
NAMPRD22,2026-03-12,500,502,20.691130434782607,18.667826086956524,1054.4297391304347,79.30886956521739
APCPRD04,2026-03-12,501,503,20.696956521739132,18.719391304347827,620.6905217391304,79.30304347826088
EURPRD03,2026-03-12,502,504,20.880434782608695,18.869739130434784,1537.8227826086957,79.1195652173913
EURPRD09,2026-03-12,503,505,21.13086956521739,19.076695652173914,2065.7139130434784,78.86913043478262
IDNP305,2026-03-12,504,506,21.528173913043478,19.264869565217392,0.15756521739130436,78.47182608695653
AUSP300,2026-03-12,505,507,21.604608695652175,19.480521739130438,433.6312173913044,78.39539130434783
NAMPRD20,2026-03-12,506,508,22.114347826086956,19.892695652173913,1432.333913043478,77.88565217391304
MEXP297,2026-03-12,507,509,22.19295652173913,19.932521739130433,3.8654782608695655,77.80704347826087
DEUP281,2026-03-12,508,510,22.71721739130435,20.372608695652172,1293.1495652173915,77.28278260869565
NAMP161,2026-03-12,509,511,22.73382608695652,27.664,20.619652173913046,77.26617391304349
KOR-Go Local,2026-04-16,510,512,23.135625,20.73625,5397.605,76.864375
ITAP293,2026-04-06 19:49:02,511,513,23.58,26.731111111111108,2124.9333333333334,76.42
ITAP293,2026-03-12,512,514,23.68678260869565,21.03782608695652,89.506,76.31321739130435
TWNP295,2026-04-06 19:49:02,513,515,23.814444444444447,27.038888888888888,829.7355555555555,76.18555555555557
KOR-Go Local,2026-05-01,514,516,23.85875,21.31625,5686.465625,76.14125
KORP216,2026-05-01 03:35:00,515,517,23.8625,21.31875,5687.4303125,76.1375
NAMPRD04,2026-03-12,516,518,24.270434782608696,21.61304347826087,1253.9572173913043,75.7295652173913
EURP191,2026-04-16 07:50:38,517,519,24.483125,21.813125,14198.105625,75.516875
EURP191,2026-05-01 03:35:00,518,520,24.5496875,21.8653125,14323.62875,75.4503125
NAMPRD18,2026-03-12,519,521,24.752782608695654,21.993652173913045,1131.1425217391304,75.24721739130435
ITA-Go Local,2026-03-07,520,522,25.125555555555554,28.739999999999995,2264.251111111111,74.87444444444445
NAMP132,2026-03-12,521,523,25.232608695652175,22.242,21.966956521739128,74.76739130434783
CANPRD01,2026-03-12,522,524,25.453217391304346,22.560695652173912,1461.922347826087,74.54678260869565
EURP192,2026-03-12,523,525,25.732434782608696,22.738260869565217,991.5382608695652,74.26756521739131
NAMPRD17,2026-03-12,524,526,26.14069565217391,23.107217391304346,1334.6713913043477,73.85930434782608
NAMP223,2026-03-12,525,527,26.228869565217394,23.136869565217392,293.872,73.7711304347826
EURP193,2026-03-12,526,528,26.394,23.244,649.5158260869566,73.60600000000001
TWN-Go Local,2026-04-16,527,529,26.62625,30.720625,959.269375,73.37375
TWNP295,2026-04-16 07:50:38,527,529,26.62625,30.720625,959.27125,73.37375
CHEP278,2026-03-12,528,530,27.18339130434783,23.772260869565216,665.0500869565217,72.81660869565218
NAMPRD01,2026-03-12,529,531,27.303391304347826,23.871130434782607,2368.3936521739133,72.69660869565217
JPNP301,2026-03-12,530,532,27.51313043478261,24.12895652173913,988.4378260869565,72.48686956521739
GBRP302,2026-03-12,531,533,27.574521739130436,32.022173913043474,1823.464,72.42547826086957
EURPRD07,2026-04-16 07:50:38,532,534,27.654374999999998,24.295625,43092.526875,72.345625
ISRP290,2026-03-12,533,535,27.661391304347827,24.004782608695653,20.541999999999998,72.33860869565218
EURPRD02,2026-03-12,534,536,29.156173913043478,25.422608695652173,2585.885304347826,70.84382608695653
NAMP170,2026-03-12,535,537,29.631739130434784,32.80313043478261,21.660521739130434,70.36826086956522
NAMPRD03,2026-03-12,536,538,30.008521739130433,26.013478260869565,2046.9187826086957,69.99147826086957
EURPRD07,2026-05-01 03:35:00,537,539,30.0140625,26.0965625,47118.059375,69.9859375
SWE-Go Local,2026-05-01,538,540,30.0540625,26.0915625,7846.6496875,69.9459375
SWEP280,2026-05-01 03:35:00,538,540,30.0540625,26.0915625,7846.6496875,69.9459375
AREP273,2026-04-06 19:49:02,539,541,30.23222222222222,26.26,11793.087777777779,69.76777777777778
KORP216,2026-04-16 07:50:38,540,542,30.321875,26.32875,7074.693125,69.678125
NAMP222,2026-03-12,541,543,30.719391304347827,26.539478260869565,396.58747826086955,69.28060869565218
ESPP292,2026-04-06 19:49:02,542,544,30.763333333333335,36.35888888888889,1359.8822222222223,69.23666666666666
NAMPRD16,2026-03-12,543,545,30.81391304347826,26.68008695652174,1443.932695652174,69.18608695652173
SGP-Go Local,2026-04-16,544,546,31.1025,36.843125,1784.045625,68.8975
EURP251,2026-03-12,545,547,31.17391304347826,26.914521739130436,153.23182608695652,68.82608695652173
EURP190,2026-05-01 03:35:00,546,548,31.3515625,27.10125,14048.98875,68.6484375
NAMP166,2026-03-12,547,549,31.352347826086955,26.884695652173914,7.5437391304347825,68.64765217391304
QATP289,2026-04-06 19:49:02,548,550,31.56555555555556,27.26111111111111,1940.0766666666666,68.43444444444444
EURP190,2026-03-12,549,551,31.81217391304348,27.414347826086956,634.0300869565218,68.18782608695652
EURP107,2026-03-12,550,552,32.273826086956525,27.77617391304348,37.62486956521739,67.72617391304348
NAMP114,2026-04-16 07:50:38,551,553,33.344375,28.464375,2467.4475,66.655625
QAT-Go Local,2026-03-07,552,554,33.82666666666667,28.93333333333333,2079.071111111111,66.17333333333333
APCPRD01,2026-03-12,553,555,34.14252173913044,29.10182608695652,948.0386086956522,65.85747826086956
EURP190,2026-04-16 07:50:38,554,556,34.186875,29.198125,15057.431875,65.813125
POLP291,2026-04-06 19:49:02,555,557,34.20666666666667,41.26444444444444,2047.9033333333334,65.79333333333334
SGPP274,2026-04-06 19:49:02,556,558,34.81111111111111,42.150000000000006,1903.7044444444446,65.18888888888888
AUTP296,2026-04-06 19:49:02,557,560,35.763333333333335,43.553333333333335,174.0211111111111,64.23666666666666
NAMP100,2026-03-12,558,561,36.600869565217394,30.891478260869565,128.6338260869565,63.399130434782606
TWN-Go Local,2026-03-07,559,562,36.94444444444444,45.31888888888889,1286.818888888889,63.05555555555556
EURPRD01,2026-03-12,560,563,37.393565217391306,31.479130434782608,3649.9791304347823,62.606434782608694
SWE-Go Local,2026-04-16,561,564,37.420625,31.52125,9364.159375,62.579375
SWEP280,2026-04-16 07:50:38,561,564,37.420625,31.52125,9364.159375,62.579375
AUT-Go Local,2026-04-16,562,565,37.545,46.23,188.06125,62.455
AUTP296,2026-04-16 07:50:38,562,565,37.545,46.23,188.06125,62.455
NZL-Go Local,2026-03-07,563,566,37.714444444444446,46.47666666666666,216.78333333333333,62.28555555555556
NOR-Go Local,2026-05-01,564,567,37.983125,31.8784375,6496.4740625,62.016875
NORP279,2026-05-01 03:35:00,565,568,37.999375,31.89,6499.218125,62.000625
SGP-Go Local,2026-05-01,566,569,38.231875,47.293124999999996,2370.65125,61.768125
SGPP274,2026-05-01 03:35:00,566,569,38.231875,47.293124999999996,2370.65125,61.768125
SWEP280,2026-03-12,567,570,38.539913043478265,32.19452173913044,455.28582608695655,61.460086956521735
NAMP115,2026-03-12,568,571,39.084782608695654,32.40930434782609,10.097478260869565,60.915217391304346
ESP-Go Local,2026-03-07,569,572,39.19555555555556,48.75111111111111,1732.4766666666665,60.80444444444444
NORP279,2026-03-12,570,573,39.64295652173913,33.053304347826085,431.1555652173913,60.35704347826086
POLP291,2026-03-12,571,574,39.70521739130435,32.721304347826084,100.77104347826086,60.29478260869565
EURP193,2026-05-01 03:35:00,572,575,40.21625,33.483125,17265.615625,59.78375
SGP-Go Local,2026-03-07,573,576,40.39666666666667,50.626666666666665,2209.03,59.603333333333325
NAMP134,2026-03-12,574,577,40.99539130434783,33.69713043478261,9.509913043478262,59.00460869565217
JPNP286,2026-03-12,575,578,41.25252173913044,34.11495652173913,3849.7134782608696,58.74747826086956
ARE-Go Local,2026-03-07,576,579,41.89666666666667,34.64,16342.689999999999,58.103333333333325
EURP195,2026-05-01 03:35:00,577,580,44.01875,36.078125,18871.1759375,55.98125
NAMP114,2026-04-06 19:49:02,578,581,44.849999999999994,36.59777777777778,3680.5,55.150000000000006
AUTP296,2026-03-12,579,582,44.981826086956524,58.55791304347826,7.981217391304348,55.018173913043476
NAM-TDF,2026-05-01,580,492,46.2846875,16.784375,7.2125,80.429375
NAMP283,2026-05-01 03:35:00,580,492,46.2846875,16.784375,7.2125,80.429375
NAMP173,2026-04-06 19:49:02,581,559,46.50111111111111,23.31222222222222,324.07,65.02222222222223
EURP189,2026-05-01 03:35:00,582,583,46.7390625,37.8853125,24891.16625,53.2609375
NOR-Go Local,2026-04-16,583,584,46.986875,38.04625,7566.9975,53.013125
NORP279,2026-04-16 07:50:38,584,585,46.988125,38.048125,7567.618125,53.011875
EURP193,2026-04-16 07:50:38,585,586,47.01625,38.069375,19928.135625,52.98375
NAMP113,2026-03-12,586,587,47.03747826086957,37.97,15.130173913043478,52.96252173913043
POL-Go Local,2026-03-07,587,588,47.13111111111111,61.66111111111112,2821.587777777778,52.86888888888889
GBRP265,2026-03-12,588,589,48.354956521739126,38.90791304347826,2963.7531304347826,51.645043478260874
NAMP220,2026-03-12,589,590,49.1795652173913,39.354608695652175,844.0237391304347,50.8204347826087
EURP194,2026-05-01 03:35:00,590,591,49.9,39.93625,17682.87875,50.1
SGPP274,2026-03-12,591,592,49.91730434782608,39.85452173913044,104.98182608695652,50.08269565217392
NAMP220,2026-05-01 03:35:00,592,593,50.351875,40.219375,8315.9184375,49.648125
EURP192,2026-05-01 03:35:00,593,594,50.3878125,40.243125,21764.93375,49.6121875
NAMP220,2026-04-16 07:50:38,594,595,53.811875,42.401875000000004,8533.890625,46.188125
EURP250,2026-05-01 03:35:00,595,596,54.4259375,42.7465625,9981.086874999999,45.5740625
NAMP114,2026-03-12,596,597,54.52365217391304,75.22391304347826,2806.5661739130433,45.47634782608696
EURP250,2026-04-16 07:50:38,597,598,54.79875,43.013125,9748.479374999999,45.20125
DNK-Go Local,2026-05-01,598,599,55.488125,76.9465625,5.6128125,44.511875
DNKP307,2026-05-01 03:35:00,598,599,55.488125,76.9465625,5.6128125,44.511875
NAMPRD85,2026-03-12,599,600,57.79052173913043,44.71791304347826,87.98678260869565,42.20947826086957
EURP189,2026-04-16 07:50:38,600,601,58.7975,45.438125,30870.8425,41.2025
NAMP118,2026-04-06 19:49:02,601,602,59.739999999999995,45.95222222222222,53.238888888888894,40.26
DNK-Go Local,2026-03-07,602,603,59.953333333333326,85.90222222222222,2.1466666666666665,40.04666666666667
NAMP125,2026-03-12,603,604,60.934,46.632260869565215,4.41,39.066
EURP194,2026-04-16 07:50:38,604,605,60.948125,46.71375,21248.034375,39.051875
DNKP307,2026-04-06 19:49:02,605,606,61.06666666666667,88.18111111111111,2.1855555555555557,38.93333333333333
EURP251,2026-05-01 03:35:00,606,607,61.643125,47.12,9131.1184375,38.356875
EURP251,2026-04-16 07:50:38,607,608,61.898125,47.269999999999996,9134.426875,38.101875
NAMP223,2026-05-01 03:35:00,608,609,63.245000000000005,48.045,12148.445625,36.755
DNKP307,2026-04-16 07:50:38,609,611,66.86,101.146875,3.9768749999999997,33.14
DNK-Go Local,2026-04-16,610,612,66.89,101.21625,3.97875,33.11
EURP195,2026-04-16 07:50:38,611,613,66.940625,50.153125,28338.7875,33.059375
NAMPRD84,2026-05-01 03:35:00,612,614,67.2203125,50.3078125,7371.088125,32.7796875
CHLP298,2026-03-12,613,615,67.28878260869566,107.46895652173913,10.213478260869564,32.711217391304345
AUT-Go Local,2026-03-07,614,616,68.14555555555555,103.36222222222221,331.53,31.854444444444443
NAMP154,2026-03-12,615,617,68.24739130434783,50.75565217391304,6.123130434782609,31.752608695652174
ITA-Go Local,2026-05-01,616,618,68.655625,51.0315625,6530.113125,31.344375
ITAP293,2026-05-01 03:35:00,616,618,68.655625,51.0315625,6530.113125,31.344375
NAMP223,2026-04-16 07:50:38,617,619,69.14,51.373125,12653.52125,30.86
NAMP221,2026-05-01 03:35:00,618,620,70.67125,52.2121875,17965.641875,29.32875
NAMP130,2026-03-12,619,621,75.364,121.81295652173912,595.4685217391304,24.636
ITAP293,2026-04-16 07:50:38,620,622,77.58,55.895,6965.578125,22.42
ITA-Go Local,2026-04-16,621,623,77.589375,55.89875,6966.1775,22.410625
EURP192,2026-04-16 07:50:38,622,624,78.078125,56.153125,32855.439375,21.921875
APC-Dedicated,2026-03-07,623,626,81.63000000000001,57.971111111111114,23.51,18.369999999999997
TWNP295,2026-03-12,624,625,89.03391304347826,60.143913043478264,33.937304347826085,18.483999999999998
NAMPRD84,2026-04-16 07:50:38,625,631,89.9975,62.066250000000004,9517.4575,10.0025
NAMP221,2026-04-16 07:50:38,626,632,90.8225,62.453125,21824.371875,9.1775
GBR-Dedicated,2026-03-07,627,629,97.64444444444445,63.57777777777778,325.2388888888889,12.564444444444444
DNKP307,2026-03-12,628,636,99.03565217391305,196.1819130434783,0.28600000000000003,0.9643478260869566
AREP273,2026-03-12,629,633,103.20991304347825,67.388,1175.4757391304347,7.525739130434783
POL-Go Local,2026-05-01,630,640,108.295,70.1534375,7019.0828125,0.01125
POLP291,2026-05-01 03:35:00,630,640,108.295,70.1534375,7019.0828125,0.01125
GBRP267,2026-04-06 19:49:02,631,634,117.6788888888889,72.04777777777777,392.9177777777778,6.258888888888889
POL-Go Local,2026-04-16,632,641,124.596875,76.77125,7473.695,0.0
POLP291,2026-04-16 07:50:38,632,641,124.596875,76.77125,7473.695,0.0
NAMP105,2026-03-12,633,641,131.56017391304349,79.20452173913044,18.753826086956522,0.0
QATP289,2026-03-12,634,635,134.6418260869565,79.43504347826088,336.7115652173913,1.731913043478261
NAMP157,2026-03-12,635,639,140.68965217391303,81.73147826086957,10.600608695652173,0.2526086956521739
EURP119,2026-03-12,636,641,140.8313043478261,82.52965217391304,6.364260869565217,0.0
ESP-Go Local,2026-05-01,637,641,152.85875,84.80125,8375.160625,0.0
ESPP292,2026-05-01 03:35:00,637,641,152.85875,84.80125,8375.160625,0.0
GBR-Dedicated,2026-04-16,638,641,160.316875,88.811875,449.278125,0.0
GBRP267,2026-04-16 07:50:38,638,641,160.316875,88.811875,449.278125,0.0
NAMP167,2026-04-06 19:49:02,639,641,167.70222222222222,91.01111111111112,422.1611111111111,0.0
NAMP167,2026-04-16 07:50:38,640,641,190.79500000000002,95.89875,351.89125,0.0
EURP177,2026-04-06 19:49:02,641,610,204.86333333333334,55.876666666666665,84.49444444444445,33.142222222222216
ESP-Go Local,2026-04-16,642,641,217.80625,104.261875,9661.609375,0.0
ESPP292,2026-04-16 07:50:38,642,641,217.80625,104.261875,9661.609375,0.0
EURP137,2026-04-06 19:49:02,643,641,221.06444444444446,104.92,576.3322222222222,0.0
EURP178,2026-03-12,644,641,239.1386956521739,108.61965217391304,0.31382608695652175,0.0
NAMP101,2026-03-12,645,627,247.12739130434784,107.86652173913043,14.958260869565217,17.375478260869567
EURP137,2026-04-16 07:50:38,646,641,256.2525,111.95875,596.56,0.0
EURP177,2026-05-01 03:35:00,647,641,329.73062500000003,124.485625,92.1809375,0.0
EURP137,2026-05-01 03:35:00,648,641,340.9471875,124.9403125,638.77125,0.0
EURP177,2026-04-16 07:50:38,649,641,614.51375,150.88625,173.954375,0.0
APCP150,2026-03-12,650,641,1010.8452173913043,166.86678260869564,5.70895652173913,0.0
NAMP173,2026-05-01 03:35:00,651,641,1052.4225,168.0309375,441.1465625,0.0
NAMP103,2026-05-01 03:35:00,652,641,1053.054375,168.0784375,32.673125,0.0
APCP150,2026-04-16 07:50:38,653,641,1086.85375,168.915625,316.2725,0.0
NAMP116,2026-04-16 07:50:38,654,641,1130.049375,169.92625,62.578125,0.0
NAMP167,2026-05-01 03:35:00,655,641,1242.8728125,156.045,532.69625,0.0
NAMP173,2026-04-16 07:50:38,656,641,1629.873125,157.933125,1323.0825,0.0
NAMP116,2026-05-01 03:35:00,657,641,1978.885625,181.6425,111.86125,0.0
NAMP118,2026-04-16 07:50:38,658,641,2622.26875,185.075,1455.86875,0.0
NAMP103,2026-04-06 19:49:02,659,641,2905.0566666666664,187.11777777777777,87.24555555555555,0.0
NAMP116,2026-04-06 19:49:02,660,641,3433.1544444444444,188.9911111111111,188.77555555555557,0.0
NAMP167,2026-03-12,661,641,3460.649130434783,187.11191304347824,13.000869565217391,0.0
EURP180,2026-03-12,662,641,3882.0861739130432,189.90704347826087,0.9857391304347826,0.0
NAMP118,2026-03-12,663,638,6337.3025217391305,161.04895652173914,37.40617391304348,0.7616521739130435
GBRP267,2026-03-12,664,637,8622.353913043478,176.62739130434784,103.47139130434782,0.9027826086956521
EURP137,2026-03-12,665,641,9567.17956521739,146.98678260869565,62.61513043478261,0.0
NAMP173,2026-03-12,666,630,26188.140173913045,153.7730434782609,103.0235652173913,12.330608695652174
EURP177,2026-03-12,667,628,13226639.128979594,147.0638775510204,9.595510204081632,16.937959183673467
EURP175,2026-03-12,668,641,93546189.43800001,200.0,4.5597391304347825,0.0
NAMP169,2026-03-12,669,641,139454914.17486957,199.89713043478258,10.157478260869564,0.0
