entity_key,model_name,windows,median_mase,mean_mase,p95_mase,median_rmsse,mean_rmsse,p95_rmsse,pct_windows_beating_naive,pct_windows_high_risk,mase_denominator_floored_rows,rmsse_denominator_floored_rows,created_timestamp
APC-Dedicated,ARIMA_Fixed,12,3.2875262112854213,37.91246175065013,124.99757857661204,0.3390119024866116,4.45181257953812,16.661926499641428,0.25,0.3333333333333333,0,0,2026-06-12T14:42:20
APC-Dedicated,ETS_Current,12,3.4543601462729034,38.36568253655108,123.6885449794422,0.38342391081575256,4.520842847889798,16.201904428474226,0.25,0.3333333333333333,0,0,2026-06-12T14:42:20
APC-Dedicated,FixedGrowth_1_5,12,2.6994321933441334,35.25193818934809,142.39207058429372,0.270540812452145,4.075807971676892,18.525487723117205,0.16666666666666666,0.25,0,0,2026-06-12T14:42:20
APC-Dedicated,FixedGrowth_3,12,6.99033711757601,39.29033706589812,151.43141650510708,0.7107587468482364,4.45291445243197,19.037236150421386,0.16666666666666666,0.25,0,0,2026-06-12T14:42:20
APC-Dedicated,FixedGrowth_4,12,9.31804376627905,41.98330224210313,157.4576471189827,1.006504917230264,4.70578643810536,19.38052264808868,0.16666666666666666,0.25,0,0,2026-06-12T14:42:20
APC-Dedicated,FixedGrowth_6,12,14.686549464477892,47.36923259451314,169.51010834673394,1.5119275173839952,5.213372861824525,20.071855672512097,0.16666666666666666,0.25,0,0,2026-06-12T14:42:20
APC-Dedicated,LinearRegression,12,5.7421625186151,61.229707490813006,256.36886248900436,0.6934856802010496,6.764550325117643,26.104071136702512,0.4166666666666667,0.3333333333333333,0,0,2026-06-12T14:42:20
APC-MSIT,ARIMA_Fixed,12,1.7252279529132228,3.0271003845207756,7.986795491029662,0.3618390693687067,0.6651168659628431,2.0801736620077502,0.4166666666666667,0.0,0,0,2026-06-12T14:42:20
APC-MSIT,ETS_Current,12,1.8913461905839255,4.616820089309664,15.259223983988084,0.33036208268202083,0.9416404829373849,3.076155111851528,0.08333333333333333,0.0,0,0,2026-06-12T14:42:20
APC-MSIT,FixedGrowth_1_5,12,1.9963911702997565,2.745625616319789,6.765777910897689,0.36828273212907936,0.5853233234860941,1.761129464975567,0.25,0.0,0,0,2026-06-12T14:42:20
APC-MSIT,FixedGrowth_3,12,2.3663869653429903,3.3527231819584635,7.74589978490333,0.4180639661420512,0.6861727544430533,1.9110843416753118,0.16666666666666666,0.0,0,0,2026-06-12T14:42:20
APC-MSIT,FixedGrowth_4,12,2.989507597394671,3.860145478160222,8.455898811253931,0.5297262917483665,0.7753182244006136,2.013150415072336,0.08333333333333333,0.0,0,0,2026-06-12T14:42:20
APC-MSIT,FixedGrowth_6,12,4.235748861498043,5.038999332552068,9.875896863955134,0.7533946433633836,0.9808022434453045,2.2215759531876205,0.0,0.0,0,0,2026-06-12T14:42:20
APC-MSIT,LinearRegression,12,1.8900086631980049,3.4958659994115227,8.219622583814163,0.33803598023799925,0.6873068517739792,1.7562692910200077,0.16666666666666666,0.0,0,0,2026-06-12T14:42:20
APC-Multitenant,ARIMA_Fixed,12,9.638974197632416,68.71273342908187,323.65720757050144,1.9913228220949344,12.856762883068386,58.83553911054198,0.0,0.3333333333333333,0,0,2026-06-12T14:42:20
APC-Multitenant,ETS_Current,12,9.024929960637607,58.086898663392525,284.29616671826255,1.8245032858079981,11.467257302784148,54.65924971053015,0.0,0.25,0,0,2026-06-12T14:42:20
APC-Multitenant,FixedGrowth_1_5,12,3.462068514744969,23.797485829295663,116.39559002714182,0.7043060946518395,5.076179371379162,25.27408415133138,0.0,0.16666666666666666,0,0,2026-06-12T14:42:20
APC-Multitenant,FixedGrowth_3,12,4.257589648799279,24.469307505513083,116.16601819420407,0.9363740042896493,5.183572008396133,25.37722155573286,0.0,0.16666666666666666,0,0,2026-06-12T14:42:20
APC-Multitenant,FixedGrowth_4,12,7.4483015537633985,27.321938745866216,116.66200506214763,1.65907090820702,5.7689523722631195,25.486228994760936,0.0,0.16666666666666666,0,0,2026-06-12T14:42:20
APC-Multitenant,FixedGrowth_6,12,14.83343326011801,33.70416290151108,118.68033857588686,3.09251179877504,7.072565978436515,25.78411519824651,0.0,0.16666666666666666,0,0,2026-06-12T14:42:20
APC-Multitenant,LinearRegression,12,5.964468905912527,20.510253458236637,83.62148097525184,1.2374493030553109,4.493578742089411,18.616956823010135,0.0,0.16666666666666666,0,0,2026-06-12T14:42:20
ARE-Go Local,ARIMA_Fixed,12,11.334703202662183,80.52825593344964,365.5438118225848,2.5478419484818735,15.32813135394658,68.92007335440343,0.0,0.25,0,0,2026-06-12T14:42:20
ARE-Go Local,ETS_Current,12,11.35853836788276,44.80234382954521,171.54230048761823,2.3198920657077347,8.965523242212402,32.79473196962947,0.08333333333333333,0.25,0,0,2026-06-12T14:42:20
ARE-Go Local,FixedGrowth_1_5,12,13.953320721460983,29.93898543473239,100.57053351533759,2.5296210540094197,6.02658290280556,21.025860674030703,0.0,0.25,0,0,2026-06-12T14:42:20
ARE-Go Local,FixedGrowth_3,12,16.253186290671902,31.148056913640882,100.06606411737083,2.8951785926157427,6.369679513984302,20.987198823602704,0.08333333333333333,0.4166666666666667,0,0,2026-06-12T14:42:20
ARE-Go Local,FixedGrowth_4,12,23.549252796309553,36.27776554391888,100.90245367507887,4.072356391248675,7.3237130168820554,21.9860108108233,0.0,0.4166666666666667,0,0,2026-06-12T14:42:20
ARE-Go Local,FixedGrowth_6,12,38.38384817068074,48.606869329985265,113.88155620631446,6.516747829726018,9.529968890474688,24.44460195873503,0.0,0.75,0,0,2026-06-12T14:42:20
ARE-Go Local,LinearRegression,12,14.634278393973112,30.309996426989432,95.8545099779632,2.7886736032439208,6.12868073327859,20.573027369777133,0.0,0.4166666666666667,0,0,2026-06-12T14:42:20
AUS-Go Local,ARIMA_Fixed,12,4.360293581263965,71.45332899898871,364.78937259988567,0.4479058295012149,6.963422983629324,37.757771103544925,0.08333333333333333,0.16666666666666666,0,0,2026-06-12T14:42:20
AUS-Go Local,ETS_Current,12,3.7812795575300115,69.3265271873998,361.06714102710606,0.495214781242869,6.752223525962658,37.58211422560119,0.08333333333333333,0.16666666666666666,0,0,2026-06-12T14:42:20
AUS-Go Local,FixedGrowth_1_5,12,5.5487564012213095,63.96562496240825,331.3984306662202,0.4864478254367942,6.411062632214077,35.892261542803006,0.0,0.16666666666666666,0,0,2026-06-12T14:42:20
AUS-Go Local,FixedGrowth_3,12,11.3899184667372,69.8356253683091,336.3422508117851,0.954241647313701,7.0226097130529626,36.17398222457156,0.0,0.16666666666666666,0,0,2026-06-12T14:42:20
AUS-Go Local,FixedGrowth_4,12,15.171136075029244,73.91083358046373,339.8259450426437,1.2319950110754658,7.460817081320891,36.38307735418305,0.0,0.16666666666666666,0,0,2026-06-12T14:42:20
AUS-Go Local,FixedGrowth_6,12,22.573719753102136,82.0866559416278,346.79333350436065,1.7880215999372022,8.349211540880061,36.84946765800477,0.0,0.25,0,0,2026-06-12T14:42:20
AUS-Go Local,LinearRegression,12,7.975785968753852,35.898707524456974,150.74972399473822,0.5822135974160774,4.952411332626497,22.23909492863193,0.08333333333333333,0.25,0,0,2026-06-12T14:42:20
BRA-Go Local,ARIMA_Fixed,12,16.15160772820102,27.99341634350076,95.72967479421408,5.183478211316767,8.911115323167623,29.965595780537047,0.0,0.5,0,0,2026-06-12T14:42:20
BRA-Go Local,ETS_Current,12,5.805898722697156,14.028293327633264,43.849734675291515,2.273019421267602,4.606714341624594,13.468909969857087,0.0,0.25,0,0,2026-06-12T14:42:20
BRA-Go Local,FixedGrowth_1_5,12,6.786098228326992,10.221893711680986,21.990898159307033,2.313820861507943,3.3006960392885176,6.49243536709765,0.0,0.16666666666666666,0,0,2026-06-12T14:42:20
BRA-Go Local,FixedGrowth_3,12,4.797384083511805,10.850005117584574,28.722817675757,1.510621132578915,3.4895490931478217,8.947964114807533,0.0,0.3333333333333333,0,0,2026-06-12T14:42:20
BRA-Go Local,FixedGrowth_4,12,10.679793023323928,15.66913690656633,35.23757851208175,3.364162445063363,4.997141659734303,11.009132571517931,0.0,0.3333333333333333,0,0,2026-06-12T14:42:20
BRA-Go Local,FixedGrowth_6,12,23.1750602196582,27.592414486530657,48.26710018473125,7.339726856071233,8.761539975265118,15.141899509850425,0.0,0.9166666666666666,0,0,2026-06-12T14:42:20
BRA-Go Local,LinearRegression,12,7.697406659044745,10.403707831515115,21.382730675578973,2.7517633206678713,3.355928568975942,6.881796475683789,0.0,0.16666666666666666,0,0,2026-06-12T14:42:20
CAN-Go Local,ARIMA_Fixed,12,23.347571529622787,126.60010209261272,609.1379742860424,5.821983626801403,28.81837098011731,135.4634570690939,0.0,0.5833333333333334,0,0,2026-06-12T14:42:20
CAN-Go Local,ETS_Current,12,9.102025132485657,47.50539502198475,217.24413062039284,3.0765732491383355,11.58469034634277,50.70081895769781,0.0,0.25,0,0,2026-06-12T14:42:20
CAN-Go Local,FixedGrowth_1_5,12,6.908936958711907,16.407808635279444,65.2192950954597,1.7602104691358338,4.149290760935506,15.752035299630165,0.0,0.16666666666666666,0,0,2026-06-12T14:42:20
CAN-Go Local,FixedGrowth_3,12,14.255628761851762,22.34828491272646,62.34810070083766,3.705349109313717,5.636274711535357,15.788525545835075,0.0,0.25,0,0,2026-06-12T14:42:20
CAN-Go Local,FixedGrowth_4,12,21.588490198945934,27.5093134857574,63.19634165372172,5.64161503974349,6.939175234603567,16.00508609766559,0.0,0.6666666666666666,0,0,2026-06-12T14:42:20
CAN-Go Local,FixedGrowth_6,12,36.226945469379096,38.87914585645279,65.49108544515279,9.260625561443916,9.914041866744531,16.678147224345388,0.0,0.9166666666666666,0,0,2026-06-12T14:42:20
CAN-Go Local,LinearRegression,12,7.4088860262483855,15.281316418746444,56.351049730638834,1.8922113933545925,3.8906615448859445,13.827595520340388,0.0,0.16666666666666666,0,0,2026-06-12T14:42:20
CHE-Go Local,ARIMA_Fixed,12,14.809283856212115,24.486231918172223,76.64926943972648,3.49334506602668,5.141276193299689,15.283474583717222,0.0,0.25,0,0,2026-06-12T14:42:20
CHE-Go Local,ETS_Current,12,8.451805567997319,10.997065222348368,28.520254550212798,1.9239671408333985,2.3848416012031834,5.825945711325617,0.0,0.08333333333333333,0,0,2026-06-12T14:42:20
CHE-Go Local,FixedGrowth_1_5,12,7.090938787736617,13.521535907787252,43.4110623075854,1.438618458618983,2.683903027342451,8.59248917415671,0.0,0.16666666666666666,0,0,2026-06-12T14:42:20
CHE-Go Local,FixedGrowth_3,12,14.65056055373211,15.529172485407818,32.586727210197765,3.011146951079982,3.1690534971402458,6.4248040667598865,0.0,0.16666666666666666,0,0,2026-06-12T14:42:20
CHE-Go Local,FixedGrowth_4,12,20.29040695769929,19.00471680872653,31.04579480857425,4.0979317197037926,3.935914223455883,6.0391847616169025,0.0,0.25,0,0,2026-06-12T14:42:20
CHE-Go Local,FixedGrowth_6,12,31.913870217041975,28.531931364845622,41.749044925698676,6.582742198894781,5.879287112534012,8.861666641645401,0.0,0.6666666666666666,0,0,2026-06-12T14:42:20
CHE-Go Local,LinearRegression,12,10.50311724145779,15.221324137945336,43.64680975493325,2.283539622464886,3.0573861724200397,8.58667006635581,0.0,0.16666666666666666,0,0,2026-06-12T14:42:20
DEU-Go Local,ARIMA_Fixed,12,10.128479725540057,94.03536696696284,476.35631940574405,2.5318970613589604,21.525289640156146,107.79636500046922,0.0,0.08333333333333333,0,0,2026-06-12T14:42:20
DEU-Go Local,ETS_Current,12,5.985305574716797,29.17845628581426,135.74176815020905,1.5676192295090292,7.132288715093182,32.77468573598277,0.0,0.08333333333333333,0,0,2026-06-12T14:42:20
DEU-Go Local,FixedGrowth_1_5,12,5.607903406364759,12.658965942848276,48.599321516687525,1.4577068343410091,3.11954440885031,10.900399271457221,0.0,0.08333333333333333,0,0,2026-06-12T14:42:20
DEU-Go Local,FixedGrowth_3,12,6.599286572782487,12.99717930520893,43.07110863090546,1.581499731591013,3.190893557704303,10.454600169561157,0.0,0.08333333333333333,0,0,2026-06-12T14:42:20
DEU-Go Local,FixedGrowth_4,12,13.342096402535653,17.848732301515227,44.40862223612997,3.24414186743465,4.390336317357279,10.492731229738752,0.0,0.16666666666666666,0,0,2026-06-12T14:42:20
DEU-Go Local,FixedGrowth_6,12,27.03655875330486,29.284941313240186,47.08364944657902,6.703385392277955,7.2423297156928905,10.97591049032708,0.0,0.9166666666666666,0,0,2026-06-12T14:42:20
DEU-Go Local,LinearRegression,12,4.246913678184447,10.11956236797772,39.9574689578685,0.9829396693658009,2.5187824055979218,9.741898666487357,0.0,0.08333333333333333,0,0,2026-06-12T14:42:20
ESP-Go Local,ARIMA_Fixed,12,61.22844919984117,141.34851545996182,439.39242292699083,22.27515571392002,56.106508761249124,155.10127229319866,0.08333333333333333,0.5833333333333334,0,0,2026-06-12T14:42:20
ESP-Go Local,ETS_Current,12,56.46349877415806,91.58338298571972,255.6129579573761,19.29843340121096,39.01453690184646,123.51493206454307,0.08333333333333333,0.5833333333333334,0,0,2026-06-12T14:42:20
ESP-Go Local,FixedGrowth_1_5,12,22.775127161368744,108.61276085888602,322.6048349088781,7.105984696846958,44.66272292719777,136.91571786746596,0.0,0.5,0,0,2026-06-12T14:42:20
ESP-Go Local,FixedGrowth_3,12,25.62842486826775,108.80899131546143,317.89428933188424,8.103909306711902,44.676168118635296,135.0120255651819,0.0,0.5,0,0,2026-06-12T14:42:20
ESP-Go Local,FixedGrowth_4,12,28.941291700612894,109.11224908268083,314.75392561388827,9.1814890610853,44.72458920969186,133.74372491275514,0.0,0.5,0,0,2026-06-12T14:42:20
ESP-Go Local,FixedGrowth_6,12,35.567025365303174,110.0788219578219,308.47319817789634,11.350872048865229,44.95167193415801,131.20920128216153,0.0,0.9166666666666666,0,0,2026-06-12T14:42:20
ESP-Go Local,LinearRegression,12,133.75113087694936,132.5379755098603,339.689740571295,56.26969407903965,51.997038433206576,126.33270531622114,0.0,0.75,0,0,2026-06-12T14:42:20
EUR-Dedicated,ARIMA_Fixed,12,9.64578880213781,82.21511126739858,383.0603547908074,3.1649827722846675,26.268996439243484,117.31762600951237,0.0,0.4166666666666667,0,0,2026-06-12T14:42:20
EUR-Dedicated,ETS_Current,12,8.65417111153676,47.0250385754768,212.50918783664383,3.4520277255579863,15.874392727190674,68.25797593380969,0.08333333333333333,0.5,0,0,2026-06-12T14:42:20
EUR-Dedicated,FixedGrowth_1_5,12,12.441715436290286,36.88084347490674,125.99273794196733,4.470809284590189,12.132110932069468,40.51057497937127,0.08333333333333333,0.5,0,0,2026-06-12T14:42:20
EUR-Dedicated,FixedGrowth_3,12,19.285167899981246,43.42479626832099,135.61224146681147,6.657373179812813,14.215219062429702,43.64180545624755,0.0,0.6666666666666666,0,0,2026-06-12T14:42:20
EUR-Dedicated,FixedGrowth_4,12,23.891017212089658,47.81804180664904,142.02524381670756,8.122597570329972,15.631319648695246,45.73383868467345,0.0,0.8333333333333334,0,0,2026-06-12T14:42:20
EUR-Dedicated,FixedGrowth_6,12,33.102715836306466,56.60642266784948,154.85124851649968,11.060680069466395,18.487894720933753,49.92667233395722,0.0,1.0,0,0,2026-06-12T14:42:20
EUR-Dedicated,LinearRegression,12,10.30061087074001,35.94838517429229,160.59763781219195,3.23244475460047,11.522863209336938,50.463458593212756,0.08333333333333333,0.4166666666666667,0,0,2026-06-12T14:42:20
EUR-MSIT,ARIMA_Fixed,12,1.7894869056244593,4.21538289467743,14.161997824979688,0.35173256698707445,0.7961135904562414,2.506759931897142,0.5,0.0,0,0,2026-06-12T14:42:20
EUR-MSIT,ETS_Current,12,2.0645446618701278,1.8798046161937372,4.300399677340243,0.37935649975179797,0.3718063996082261,0.8268867668412441,0.4166666666666667,0.0,0,0,2026-06-12T14:42:20
EUR-MSIT,FixedGrowth_1_5,12,1.5471765846977878,1.8782001059352709,4.386909870664569,0.29235940052145626,0.35844176697979496,0.8271538041758377,0.16666666666666666,0.0,0,0,2026-06-12T14:42:20
EUR-MSIT,FixedGrowth_3,12,2.3587217772445657,2.599371517648086,5.525413441757767,0.4898408688887913,0.492521892308901,1.0280951787293608,0.25,0.0,0,0,2026-06-12T14:42:20
EUR-MSIT,FixedGrowth_4,12,3.0859047911194892,3.287460004747892,6.284415822486562,0.6223977381234488,0.6186588621642674,1.1632511159395498,0.08333333333333333,0.0,0,0,2026-06-12T14:42:20
EUR-MSIT,FixedGrowth_6,12,4.571826063217207,4.7553874928416455,7.802420583944164,0.8753187513730607,0.8829354951260004,1.4351045781596568,0.0,0.0,0,0,2026-06-12T14:42:20
EUR-MSIT,LinearRegression,12,1.3987079220989824,1.8997678899150214,4.67564304165904,0.2528511126076328,0.3547666267551992,0.8525577713413472,0.16666666666666666,0.0,0,0,2026-06-12T14:42:20
EUR-Multitenant,ARIMA_Fixed,12,18.79530447039987,107.39794210545932,457.51852218961795,4.524823151579794,22.687903836294925,88.58373615730451,0.0,0.5,0,0,2026-06-12T14:42:20
EUR-Multitenant,ETS_Current,12,14.417767707192926,74.3130896455598,344.16072482589584,3.3226424286470286,15.869055614660573,68.99402069330465,0.0,0.4166666666666667,0,0,2026-06-12T14:42:20
EUR-Multitenant,FixedGrowth_1_5,12,8.649280961006667,31.069091103717962,128.02864619058295,1.9978240374779048,7.057190850904855,29.03490534218618,0.0,0.25,0,0,2026-06-12T14:42:20
EUR-Multitenant,FixedGrowth_3,12,12.06252816415175,30.98078069058762,124.46019458562327,3.019316356642247,7.133487673363514,28.868972991737518,0.0,0.16666666666666666,0,0,2026-06-12T14:42:20
EUR-Multitenant,FixedGrowth_4,12,13.147584596571981,32.26842310789359,122.54983740509022,3.302441513942032,7.51630470731338,28.84717131624557,0.0,0.16666666666666666,0,0,2026-06-12T14:42:20
EUR-Multitenant,FixedGrowth_6,12,20.678711144314754,36.303514146105556,123.27937348789379,5.083541365063246,8.6263925263418,28.986162756109113,0.0,0.5,0,0,2026-06-12T14:42:20
EUR-Multitenant,LinearRegression,12,11.7873646693143,27.54058105296151,105.05343598060986,2.7630595982118464,6.302743071394722,21.40808683803529,0.0,0.3333333333333333,0,0,2026-06-12T14:42:20
FRA-Go Local,ARIMA_Fixed,12,12.45982376621593,65.40693114210369,293.14638710436964,3.7469088733001095,19.57172028900369,85.72183434744771,0.0,0.4166666666666667,0,0,2026-06-12T14:42:20
FRA-Go Local,ETS_Current,12,11.74992063621528,26.977005070314075,100.69597271822127,3.733666394207369,8.15051913499171,30.075070383447603,0.0,0.3333333333333333,0,0,2026-06-12T14:42:20
FRA-Go Local,FixedGrowth_1_5,12,8.988835186949991,15.501436233161828,41.69770948525968,2.9242321648369844,4.822752444434475,12.569006091047287,0.0,0.4166666666666667,0,0,2026-06-12T14:42:20
FRA-Go Local,FixedGrowth_3,12,18.377700418421327,22.20526053661877,42.754765592528244,5.785853438885962,6.848696224802478,12.966805242486783,0.0,0.6666666666666666,0,0,2026-06-12T14:42:20
FRA-Go Local,FixedGrowth_4,12,25.276661719470507,27.965502739582302,43.20649621309126,7.8382584521181,8.562626129888057,13.168743745253774,0.0,0.8333333333333334,0,0,2026-06-12T14:42:20
FRA-Go Local,FixedGrowth_6,12,37.9989065719017,39.9222769324382,57.20005160792187,11.681380640442924,12.082157456335658,17.192697574544226,0.0,1.0,0,0,2026-06-12T14:42:20
FRA-Go Local,LinearRegression,12,10.753832529515794,16.798635132574557,39.745284072952224,3.3044171369964968,5.205754621255861,12.093859202924733,0.0,0.4166666666666667,0,0,2026-06-12T14:42:20
GBR-Dedicated,ARIMA_Fixed,12,56.99322254488531,121.58958306993459,413.2979004073636,9.720321077337868,19.53962977266578,59.15008119761333,0.0,0.5833333333333334,0,0,2026-06-12T14:42:20
GBR-Dedicated,ETS_Current,12,21.540306098134565,78.59275002180637,304.62645839048474,4.0366762371987654,13.007063781943925,44.95171792189389,0.16666666666666666,0.4166666666666667,0,0,2026-06-12T14:42:20
GBR-Dedicated,FixedGrowth_1_5,12,14.690461556748161,42.65069638110703,130.575125722645,4.057635625423621,7.539872386381369,22.503048469664648,0.08333333333333333,0.4166666666666667,0,0,2026-06-12T14:42:20
GBR-Dedicated,FixedGrowth_3,12,16.56813510840361,44.19485875995155,131.082992973025,4.3341702698208255,7.798963924639114,22.59212456700577,0.0,0.4166666666666667,0,0,2026-06-12T14:42:20
GBR-Dedicated,FixedGrowth_4,12,17.947683656498352,45.40241034883277,132.11344092773473,4.537992263137265,7.983660620619916,22.653427657917867,0.0,0.4166666666666667,0,0,2026-06-12T14:42:20
GBR-Dedicated,FixedGrowth_6,12,20.814120562644206,47.86734482411402,134.32877265079236,4.9842887067949535,8.364920530359685,22.7804251470004,0.0,0.5,0,0,2026-06-12T14:42:20
GBR-Dedicated,LinearRegression,12,20.0668686419534,44.19870745073769,107.09998428398423,3.97755369956579,7.746812306829523,20.98459855576571,0.0,0.4166666666666667,0,0,2026-06-12T14:42:20
GBR-Go Local,ARIMA_Fixed,12,24.284768471851265,129.7363055017521,522.8461929973166,8.330021721556893,46.61531131262756,189.6852038242605,0.0,0.5833333333333334,0,0,2026-06-12T14:42:20
GBR-Go Local,ETS_Current,12,31.440050077081366,48.773538655456214,152.85616034534465,11.251406075468239,17.306092927688034,53.36927796502371,0.0,0.75,0,0,2026-06-12T14:42:20
GBR-Go Local,FixedGrowth_1_5,12,9.604935786099531,16.898119056997654,53.63128786022592,3.886580792166213,6.215141964185828,18.0745318381951,0.0,0.3333333333333333,0,0,2026-06-12T14:42:20
GBR-Go Local,FixedGrowth_3,12,14.345010216485822,19.204499961874948,45.44065455303783,5.17366368719253,7.0264063517629,15.233132260750544,0.0,0.5833333333333334,0,0,2026-06-12T14:42:20
GBR-Go Local,FixedGrowth_4,12,20.446457576223317,22.24442532203574,42.53900519318745,7.4010198766285225,8.172668451926503,14.743639497632461,0.0,0.9166666666666666,0,0,2026-06-12T14:42:20
GBR-Go Local,FixedGrowth_6,12,30.07303073506145,30.282428506495663,43.44518442963749,11.502758189454386,11.06420079391598,15.15181783237064,0.0,1.0,0,0,2026-06-12T14:42:20
GBR-Go Local,LinearRegression,12,11.116249692089086,15.4651320299317,44.86504082124302,4.0687600736028084,5.637125808475236,14.984204369578269,0.0,0.3333333333333333,0,0,2026-06-12T14:42:20
IND-Go Local,ARIMA_Fixed,12,11.786632298114077,91.07872141405723,456.0888668260917,1.8961161241729214,14.338076426612956,71.00654538476564,0.0,0.16666666666666666,0,0,2026-06-12T14:42:20
IND-Go Local,ETS_Current,12,5.601038097492853,24.327465216379853,109.77200012166657,0.9648011230935352,3.963609458611678,17.700194326607487,0.0,0.08333333333333333,0,0,2026-06-12T14:42:20
IND-Go Local,FixedGrowth_1_5,12,8.21661733991988,13.657073526932159,41.499513768552475,1.5329766614139713,2.2370389718104384,6.163521550303381,0.0,0.08333333333333333,0,0,2026-06-12T14:42:20
IND-Go Local,FixedGrowth_3,12,5.196886364425486,12.046910993565161,41.73484121405522,0.9980795912458874,2.035088734224558,6.381819618273124,0.0,0.08333333333333333,0,0,2026-06-12T14:42:20
IND-Go Local,FixedGrowth_4,12,12.445696832269714,17.703442906795466,43.01771078059055,1.9670559615831982,2.9064060577299475,6.659711881341944,0.0,0.08333333333333333,0,0,2026-06-12T14:42:20
IND-Go Local,FixedGrowth_6,12,27.01539149184708,29.722472036045303,45.58344991366125,4.549365090888148,4.862316205910374,7.219314193828346,0.0,0.3333333333333333,0,0,2026-06-12T14:42:20
IND-Go Local,LinearRegression,12,6.305819233545932,10.248424439552501,30.220970053950374,1.1710152680086137,1.7414549439367217,4.679840845790164,0.0,0.08333333333333333,0,0,2026-06-12T14:42:20
ISR-Go Local,ARIMA_Fixed,12,10.834718798736382,82.58425606050271,368.79467039610154,3.8518003843927637,27.16400226457044,117.2325086063752,0.0,0.4166666666666667,0,0,2026-06-12T14:42:20
ISR-Go Local,ETS_Current,12,8.812614577366036,30.100079064687645,122.66782757710484,4.170184148969891,10.334049324877588,40.534596442976344,0.08333333333333333,0.4166666666666667,0,0,2026-06-12T14:42:20
ISR-Go Local,FixedGrowth_1_5,12,12.846653393329685,20.65327095493844,61.404364153995495,5.182231325219757,7.20612646949083,19.022236152143055,0.0,0.6666666666666666,0,0,2026-06-12T14:42:20
ISR-Go Local,FixedGrowth_3,12,7.434074919390634,15.994619043324407,56.271950348182216,3.15861637687874,5.514476648163465,17.35933697640681,0.0,0.25,0,0,2026-06-12T14:42:20
ISR-Go Local,FixedGrowth_4,12,5.374893556839016,13.476424870286062,52.8665750763051,2.406811625096833,4.584945202868149,16.258713323976608,0.0,0.16666666666666666,0,0,2026-06-12T14:42:20
ISR-Go Local,FixedGrowth_6,12,6.934633148160641,13.313470890768876,46.05703259122198,2.7190990767273977,4.533038597910646,14.083665934162024,0.0,0.16666666666666666,0,0,2026-06-12T14:42:20
ISR-Go Local,LinearRegression,12,6.295891589098867,17.771159126753986,74.46340487908053,2.9247536294685395,5.806916625460371,22.417390323202447,0.0,0.16666666666666666,0,0,2026-06-12T14:42:20
ITA-Go Local,ARIMA_Fixed,12,29.710548543807043,112.79027510754442,469.1657235553464,7.705345745712001,33.66225437142291,127.13126627352968,0.08333333333333333,0.5,0,0,2026-06-12T14:42:20
ITA-Go Local,ETS_Current,12,14.427431783630515,76.99229908992818,275.36700035441334,3.8228887231393673,25.8253276046128,81.46421660920291,0.08333333333333333,0.4166666666666667,0,0,2026-06-12T14:42:20
ITA-Go Local,FixedGrowth_1_5,12,10.551998672930505,79.7326881470227,270.41272446219034,2.7004381216383435,27.697094721310332,108.47193175253172,0.16666666666666666,0.4166666666666667,0,0,2026-06-12T14:42:20
ITA-Go Local,FixedGrowth_3,12,16.042419739099365,80.66530902319106,264.8483823633862,4.062451673670424,27.776031398323855,106.40530869390787,0.0,0.4166666666666667,0,0,2026-06-12T14:42:20
ITA-Go Local,FixedGrowth_4,12,19.719252081101253,81.33547900631378,261.13882096418337,4.98269878909136,27.841808282331083,105.02824185322208,0.0,0.5,0,0,2026-06-12T14:42:20
ITA-Go Local,FixedGrowth_6,12,27.072916765105056,82.68414044568982,253.71969816577777,6.834861394990239,27.979735904528965,102.27584645845397,0.0,0.75,0,0,2026-06-12T14:42:20
ITA-Go Local,LinearRegression,12,15.314146340875748,445.36746415567114,2286.4962955542537,4.936153361010691,177.90723546245053,915.447404126932,0.0,0.5,0,0,2026-06-12T14:42:20
JPN-Go Local,ARIMA_Fixed,12,11.789916350319963,107.02855910897803,535.7405313354916,4.753105037118019,35.64012515979619,176.98136248230998,0.0,0.4166666666666667,0,0,2026-06-12T14:42:20
JPN-Go Local,ETS_Current,12,7.410541372201708,32.75490611088642,133.10789632738735,2.6834317806478816,10.887606282797286,42.98146967364856,0.0,0.3333333333333333,0,0,2026-06-12T14:42:20
JPN-Go Local,FixedGrowth_1_5,12,8.708987210598883,13.334795571208316,40.545243047741295,3.0342295349346076,4.551672582158319,12.45687187212309,0.0,0.25,0,0,2026-06-12T14:42:20
JPN-Go Local,FixedGrowth_3,12,12.989045570820014,17.475843750412054,42.458930689768145,4.20690808984737,5.909507460755543,13.174003931368052,0.0,0.4166666666666667,0,0,2026-06-12T14:42:20
JPN-Go Local,FixedGrowth_4,12,21.30959973920168,24.49333032238667,43.4353875255376,7.128523774902535,8.3475240844775,14.214382079866736,0.0,0.8333333333333334,0,0,2026-06-12T14:42:20
JPN-Go Local,FixedGrowth_6,12,37.41336771607761,39.293760557715224,57.670157922717905,12.643613852860568,13.532902518341977,20.172622467615664,0.0,1.0,0,0,2026-06-12T14:42:20
JPN-Go Local,LinearRegression,12,8.383340779420022,14.784879945451088,44.10679026946045,2.9962516819184684,4.997046698334067,13.553950149972907,0.0,0.3333333333333333,0,0,2026-06-12T14:42:20
KOR-Go Local,ARIMA_Fixed,12,29.230745796195365,55.478316959560495,163.66483856813633,9.414646332228196,16.491368222061496,49.11709601162858,0.16666666666666666,0.5833333333333334,0,0,2026-06-12T14:42:20
KOR-Go Local,ETS_Current,12,32.32818754729549,43.108223256253716,119.2098004575035,9.216716537803954,13.17436310301373,35.93024313053365,0.16666666666666666,0.5833333333333334,0,0,2026-06-12T14:42:20
KOR-Go Local,FixedGrowth_1_5,12,14.266219617391762,31.736804315714647,114.80360782778328,4.402759616101864,9.791198860098167,36.06936620356958,0.0,0.3333333333333333,0,0,2026-06-12T14:42:20
KOR-Go Local,FixedGrowth_3,12,21.514809098012712,32.687872166979126,102.26357666282223,6.115469344666151,10.13540793418906,32.28264554588785,0.0,0.75,0,0,2026-06-12T14:42:20
KOR-Go Local,FixedGrowth_4,12,27.962343748845434,35.764986545884256,94.18825315148729,7.78455970589995,11.00426624342794,29.76617399854726,0.0,0.6666666666666666,0,0,2026-06-12T14:42:20
KOR-Go Local,FixedGrowth_6,12,42.69271460167079,44.99732374979329,92.74170828975099,11.91404049686539,13.572269379682863,29.54033777505607,0.0,0.8333333333333334,0,0,2026-06-12T14:42:20
KOR-Go Local,LinearRegression,12,20.093972490253655,41.01303885551345,134.75468382871722,6.348350900954186,12.903296029025116,42.86271410906219,0.0,0.5,0,0,2026-06-12T14:42:20
LAM-Multitenant,ARIMA_Fixed,12,7.369892597706928,107.8380570577828,556.81970324097,1.809718602095306,25.224356143622515,130.09957866190314,0.0,0.16666666666666666,0,0,2026-06-12T14:42:20
LAM-Multitenant,ETS_Current,12,3.729429070734402,62.797758777752165,324.87024602736415,1.0590079022770107,15.876607561756709,82.98566660792983,0.0,0.16666666666666666,0,0,2026-06-12T14:42:20
LAM-Multitenant,FixedGrowth_1_5,12,2.7140776356225946,21.552250249731383,107.74989438849542,0.677367140928431,5.894950568394254,30.627918437197934,0.25,0.16666666666666666,0,0,2026-06-12T14:42:20
LAM-Multitenant,FixedGrowth_3,12,10.7429123822018,28.253307911561162,110.02874993890741,2.9857226839973885,7.6031712058580645,31.006821499351176,0.0,0.16666666666666666,0,0,2026-06-12T14:42:20
LAM-Multitenant,FixedGrowth_4,12,18.17705226843197,34.29142509920265,111.64515139261243,4.712997593520805,9.205600141778095,31.38975037094722,0.0,0.4166666666666667,0,0,2026-06-12T14:42:20
LAM-Multitenant,FixedGrowth_6,12,33.04533204089238,46.368862668634826,114.87795430002261,8.246253630208148,12.452842882177913,32.37111960194474,0.0,1.0,0,0,2026-06-12T14:42:20
LAM-Multitenant,LinearRegression,12,3.298141790076302,27.771485082476456,131.24727593830474,0.8853790455015929,7.299786402547009,35.93000247982056,0.08333333333333333,0.16666666666666666,0,0,2026-06-12T14:42:20
MEX-Go Local,ARIMA_Fixed,12,13.248927466332812,74.79715495452062,351.00952671784137,5.0811062551943,18.947333275351667,85.59214618115595,0.0,0.5,0,0,2026-06-12T14:42:20
MEX-Go Local,ETS_Current,12,9.467852603526453,38.596127185284466,172.12175012343724,2.6979544157161124,10.42888619065776,44.71988891480335,0.0,0.3333333333333333,0,0,2026-06-12T14:42:20
MEX-Go Local,FixedGrowth_1_5,12,22.360026404339262,39.98712374036881,106.92475657596451,7.239878601289087,11.400802922004713,28.121822471353706,0.0,0.9166666666666666,0,0,2026-06-12T14:42:20
MEX-Go Local,FixedGrowth_3,12,16.8947281804206,34.5604710706364,102.06030721473148,5.419141898281856,9.782340808958244,26.8071497131777,0.0,0.5833333333333334,0,0,2026-06-12T14:42:20
MEX-Go Local,FixedGrowth_4,12,13.376638060829155,30.985913467394308,98.84359338766428,4.2303359376330905,8.715561493188686,25.933270539078027,0.0,0.4166666666666667,0,0,2026-06-12T14:42:20
MEX-Go Local,FixedGrowth_6,12,6.866476484562282,25.256772825363033,92.45643334873503,2.237261646122578,6.966419053655969,24.192671582867344,0.0,0.4166666666666667,0,0,2026-06-12T14:42:20
MEX-Go Local,LinearRegression,12,22.497918163046247,35.67407948191073,108.77084639220672,6.263982950132263,9.840320573128446,27.294702134693296,0.0,0.5,0,0,2026-06-12T14:42:20
NAM-Dedicated,ARIMA_Fixed,12,17.193992719678207,118.98222040432485,578.3739966491718,4.801431285468084,31.370815545923666,148.7702404429726,0.0,0.5,0,0,2026-06-12T14:42:20
NAM-Dedicated,ETS_Current,12,8.149064243322753,50.62146962866549,236.9699177271056,2.8201810981749906,14.507674988385139,67.11902641177629,0.08333333333333333,0.3333333333333333,0,0,2026-06-12T14:42:20
NAM-Dedicated,FixedGrowth_1_5,12,29.943171885183393,35.46034463832408,89.88879277175744,8.272577712824498,10.76871933721725,25.483691068676052,0.0,0.6666666666666666,0,0,2026-06-12T14:42:20
NAM-Dedicated,FixedGrowth_3,12,40.51737918951401,45.147429271059615,92.79896807164145,11.207792847691124,13.662816808956968,26.82635520627104,0.0,0.9166666666666666,0,0,2026-06-12T14:42:20
NAM-Dedicated,FixedGrowth_4,12,47.56685072573447,51.6352979319272,94.73908493823082,13.172536577604006,15.623173730429626,27.731619963754753,0.0,1.0,0,0,2026-06-12T14:42:20
NAM-Dedicated,FixedGrowth_6,12,61.66579379817524,64.61771421985763,98.61931867140952,17.108823574310918,19.573553052118886,29.928718516145025,0.0,1.0,0,0,2026-06-12T14:42:20
NAM-Dedicated,LinearRegression,12,24.485606508302297,38.553309992898534,120.9529154684985,7.136514290493824,11.211664795648277,32.81699481792381,0.0,0.6666666666666666,0,0,2026-06-12T14:42:20
NAM-GCC Low,ARIMA_Fixed,12,5.249369353851487,104.37604596353209,543.0002039609224,1.8268127546385813,30.544945281199045,156.79642902165855,0.08333333333333333,0.16666666666666666,0,0,2026-06-12T14:42:20
NAM-GCC Low,ETS_Current,12,2.9898732700708535,25.904438148087767,128.90459371571595,0.9355161377493219,7.785664276257861,37.447211375507045,0.25,0.08333333333333333,0,0,2026-06-12T14:42:20
NAM-GCC Low,FixedGrowth_1_5,12,2.6843164502429806,10.050224230699058,41.82521893533765,0.7774553614726281,3.050280570946526,11.824756604661879,0.08333333333333333,0.08333333333333333,0,0,2026-06-12T14:42:20
NAM-GCC Low,FixedGrowth_3,12,15.804430298102414,19.13291190493756,41.07537244437451,4.819740336596231,5.800227422678159,11.689417698898561,0.0,0.4166666666666667,0,0,2026-06-12T14:42:20
NAM-GCC Low,FixedGrowth_4,12,24.962554117198586,26.684953725104588,42.344943233030094,7.605679653837138,8.142458812306108,12.040407033285943,0.0,0.9166666666666666,0,0,2026-06-12T14:42:20
NAM-GCC Low,FixedGrowth_6,12,42.5141129509517,42.194691569019035,48.09839297927876,12.899157820144946,12.994478833337228,15.16915499260356,0.0,1.0,0,0,2026-06-12T14:42:20
NAM-GCC Low,LinearRegression,12,2.590509084227569,9.00538583108204,35.32558739584528,0.8294266041498985,2.7687636234158077,9.953399503137142,0.08333333333333333,0.08333333333333333,0,0,2026-06-12T14:42:20
NAM-ITAR DoD,ARIMA_Fixed,12,4.316207847094249,35.00568362919234,168.71992172931039,0.8154024622682727,5.850829806497558,28.018050786542947,0.08333333333333333,0.25,0,0,2026-06-12T14:42:20
NAM-ITAR DoD,ETS_Current,12,6.412079030739522,51.06968631126162,239.16553293600762,1.1418594586489101,7.937745483624362,28.888607405264487,0.08333333333333333,0.3333333333333333,0,0,2026-06-12T14:42:20
NAM-ITAR DoD,FixedGrowth_1_5,12,3.9237598467042387,33.64202538030354,166.5624203288805,0.7096325826243839,5.647721704284661,27.774359396107638,0.16666666666666666,0.25,0,0,2026-06-12T14:42:20
NAM-ITAR DoD,FixedGrowth_3,12,3.71784148534124,34.45833313663233,168.0367726434531,0.5856652003464088,5.76448695595954,27.950622765694114,0.0,0.25,0,0,2026-06-12T14:42:20
NAM-ITAR DoD,FixedGrowth_4,12,5.056284253045133,35.53825487849471,169.22588293027115,0.7574399202449169,5.881079957781595,28.07065337306018,0.0,0.25,0,0,2026-06-12T14:42:20
NAM-ITAR DoD,FixedGrowth_6,12,8.316853775706303,38.25143789011326,171.60410350390728,1.150396171163085,6.223292271983876,28.31651242533819,0.0,0.25,0,0,2026-06-12T14:42:20
NAM-ITAR DoD,LinearRegression,12,5.212628828646471,30.006988536193337,122.41163995982421,0.8909060469055909,5.204436848635223,22.420719073742095,0.08333333333333333,0.25,0,0,2026-06-12T14:42:20
NAM-ITAR GCCH,ARIMA_Fixed,12,7.782768123602493,81.09983148942135,315.1289925882957,0.8865674305471697,8.43089844210057,27.438675084796593,0.0,0.3333333333333333,0,0,2026-06-12T14:42:20
NAM-ITAR GCCH,ETS_Current,12,8.508843521029197,102.15916654809239,338.288293650685,1.1088079300161668,10.811713945579362,29.60739919889676,0.16666666666666666,0.4166666666666667,0,0,2026-06-12T14:42:20
NAM-ITAR GCCH,FixedGrowth_1_5,12,3.7166371246469034,78.81940489355365,314.7774241992871,0.4835018943788665,8.219332240475206,27.423377306639125,0.08333333333333333,0.3333333333333333,0,0,2026-06-12T14:42:20
NAM-ITAR GCCH,FixedGrowth_3,12,3.4772251299614627,79.32522550114983,314.54189254351417,0.35090629591762074,8.26678516886833,27.40143278940753,0.25,0.3333333333333333,0,0,2026-06-12T14:42:20
NAM-ITAR GCCH,FixedGrowth_4,12,5.451233687783429,80.70326486829318,314.38487143966563,0.5758823989360062,8.396362754767315,27.38680734495341,0.08333333333333333,0.3333333333333333,0,0,2026-06-12T14:42:20
NAM-ITAR GCCH,FixedGrowth_6,12,10.09717911257519,84.43733450327248,314.07082923196833,1.0574584289940128,8.752946976565537,27.35756667049273,0.0,0.3333333333333333,0,0,2026-06-12T14:42:20
NAM-ITAR GCCH,LinearRegression,12,16.989830175938625,85.4265023434209,304.7460261024588,1.720514990389792,8.822369621071994,26.487097336922133,0.0,0.3333333333333333,0,0,2026-06-12T14:42:20
NAM-MSIT,ARIMA_Fixed,12,4.521180238542792,5.443656123055885,11.889112862881294,1.08603782757165,1.521522362644161,3.50126748787629,0.0,0.0,0,0,2026-06-12T14:42:20
NAM-MSIT,ETS_Current,12,3.8641584698575357,6.6449221871923605,17.174166493291466,0.9407150119499887,1.7840658565479892,4.047899654658812,0.0,0.0,0,0,2026-06-12T14:42:20
NAM-MSIT,FixedGrowth_1_5,12,6.302582426390067,7.1128491147494275,15.768274479900494,1.6816736770671716,1.84335914433041,4.11065665225808,0.0,0.08333333333333333,0,0,2026-06-12T14:42:20
NAM-MSIT,FixedGrowth_3,12,5.963259148347659,6.890540191758876,17.13347778644542,1.339022028604776,1.8059342655304806,4.405360663894133,0.08333333333333333,0.08333333333333333,0,0,2026-06-12T14:42:20
NAM-MSIT,FixedGrowth_4,12,5.039868373674321,6.988683570782293,18.43253186013267,1.1363454252965213,1.8257701884426052,4.68874013539191,0.0,0.08333333333333333,0,0,2026-06-12T14:42:20
NAM-MSIT,FixedGrowth_6,12,5.216046338572483,7.790071126650131,21.12273235496979,1.1670261899875327,2.0018229066636373,5.266239684208597,0.0,0.08333333333333333,0,0,2026-06-12T14:42:20
NAM-MSIT,LinearRegression,12,6.466269497760478,8.957674596696878,20.74897832592629,1.7862535285581447,2.2013672707112253,4.71388431981341,0.08333333333333333,0.08333333333333333,0,0,2026-06-12T14:42:20
NAM-Multitenant,ARIMA_Fixed,12,27.097444169142733,77.65097951033205,332.856913871882,6.911224803896382,16.79344583856751,66.6938438455637,0.0,0.6666666666666666,0,0,2026-06-12T14:42:20
NAM-Multitenant,ETS_Current,12,8.69303000069338,61.55881350891076,287.5733640147139,2.543121974311439,13.71282690786064,62.25130324842294,0.0,0.3333333333333333,0,0,2026-06-12T14:42:20
NAM-Multitenant,FixedGrowth_1_5,12,4.730226893501323,26.59356691915438,120.8306019301529,1.1155679509730898,6.523396887525037,30.324922262843504,0.0,0.16666666666666666,0,0,2026-06-12T14:42:20
NAM-Multitenant,FixedGrowth_3,12,6.453053800898807,27.28836973380766,120.44040170423304,1.8684506423355267,6.766593932613303,30.520965515803823,0.0,0.16666666666666666,0,0,2026-06-12T14:42:20
NAM-Multitenant,FixedGrowth_4,12,9.651155645275196,28.931216080610884,120.82278571510294,2.232524469319837,7.17778684363222,30.70011982293817,0.0,0.16666666666666666,0,0,2026-06-12T14:42:20
NAM-Multitenant,FixedGrowth_6,12,16.29543308976683,33.89318804866361,122.8919403692305,3.7793181448150923,8.426893934708716,31.155213229366417,0.0,0.3333333333333333,0,0,2026-06-12T14:42:20
NAM-Multitenant,LinearRegression,12,6.548817454845619,34.942640615243356,158.76732737358626,1.5344287948282653,8.134841897659097,36.10835995630028,0.0,0.25,0,0,2026-06-12T14:42:20
NAM-SDF,ARIMA_Fixed,12,4.143168897374547,5.6270437894521,13.871785720357131,2.267185715313266,2.082510011152072,4.455908320453507,0.08333333333333333,0.08333333333333333,0,0,2026-06-12T14:42:20
NAM-SDF,ETS_Current,12,3.8546242589150905,5.66227013528258,16.367182018173043,1.849433366884124,2.2251405805575164,5.760001719686528,0.08333333333333333,0.08333333333333333,0,0,2026-06-12T14:42:20
NAM-SDF,FixedGrowth_1_5,12,1.7974149895771596,2.6391378341025207,4.816511492751018,0.5154079386402641,1.3083887919850445,2.850120146286299,0.08333333333333333,0.0,0,0,2026-06-12T14:42:20
NAM-SDF,FixedGrowth_3,12,1.6845462178987836,2.5898769940714534,4.619552656365063,0.5280676980444095,1.3149818427127322,2.8581551189877836,0.0,0.0,0,0,2026-06-12T14:42:20
NAM-SDF,FixedGrowth_4,12,1.8025663043594253,2.5706539597508145,4.539922907100072,0.571975798771415,1.3210339972011094,2.8646799706489694,0.0,0.0,0,0,2026-06-12T14:42:20
NAM-SDF,FixedGrowth_6,12,2.0544024977966564,2.5593911647105565,4.637217344540665,0.6638153419046617,1.3369945354127293,2.8805055004194964,0.08333333333333333,0.0,0,0,2026-06-12T14:42:20
NAM-SDF,LinearRegression,12,5.580685255023868,4.997938336094512,7.639190045143374,1.9910241376980964,1.7678312311387936,2.8036690785311498,0.0,0.0,0,0,2026-06-12T14:42:20
NAM-TDF,ARIMA_Fixed,12,3.953195622514505,6.888030144960698,21.031388787326808,0.8758447920367947,1.8495563524194027,5.014149462900077,0.16666666666666666,0.08333333333333333,0,0,2026-06-12T14:42:20
NAM-TDF,ETS_Current,12,5.130391530716775,9.251734636714007,29.689753873005763,1.587423149762035,2.3494787423022463,7.077178116454537,0.08333333333333333,0.08333333333333333,0,0,2026-06-12T14:42:20
NAM-TDF,FixedGrowth_1_5,12,1.4956481073491537,3.9189750468222546,11.652206764646355,0.3665596643658451,1.3831795291291211,3.93504220144151,0.3333333333333333,0.0,0,0,2026-06-12T14:42:20
NAM-TDF,FixedGrowth_3,12,1.2417379989636868,3.942891451007096,12.095276713181258,0.3392349800799454,1.384107315997224,3.976059031745772,0.3333333333333333,0.0,0,0,2026-06-12T14:42:20
NAM-TDF,FixedGrowth_4,12,1.1369310854935706,4.005118261772574,12.39065667887119,0.3346931651396497,1.391517401385584,4.004206609663825,0.4166666666666667,0.0,0,0,2026-06-12T14:42:20
NAM-TDF,FixedGrowth_6,12,1.5076356807112228,4.2577073428555865,12.981416610251065,0.36297337689041154,1.4222308573144107,4.062376218644686,0.3333333333333333,0.0,0,0,2026-06-12T14:42:20
NAM-TDF,LinearRegression,12,5.212516091957131,6.629316453977066,11.614308177958367,1.7745793076590806,1.8551897181077066,3.888013963436855,0.0,0.0,0,0,2026-06-12T14:42:20
NOR-Go Local,ARIMA_Fixed,12,15.311110919268803,77.04842381024069,358.96640650689983,3.645803578949516,16.939369390889635,77.15202613768476,0.0,0.4166666666666667,0,0,2026-06-12T14:42:20
NOR-Go Local,ETS_Current,12,8.987024055493132,58.7506032065855,277.25230772630596,2.1838666196339513,13.405889125073342,62.61754498554093,0.0,0.3333333333333333,0,0,2026-06-12T14:42:20
NOR-Go Local,FixedGrowth_1_5,12,10.07111747394828,44.99228892189675,200.5624718798585,2.2718379673062783,10.05187699539263,44.62551295329598,0.0,0.16666666666666666,0,0,2026-06-12T14:42:20
NOR-Go Local,FixedGrowth_3,12,20.5233748535218,50.84509398926687,198.4242237815693,4.799628197581544,11.33344808170272,43.512975412244735,0.0,0.5,0,0,2026-06-12T14:42:20
NOR-Go Local,FixedGrowth_4,12,25.850537587150964,55.32746169611022,199.24875114899965,6.160398112036793,12.305448812257138,44.00039121783236,0.0,0.6666666666666666,0,0,2026-06-12T14:42:20
NOR-Go Local,FixedGrowth_6,12,41.35424793495855,65.70734804509154,202.61121105003812,9.403293864914373,14.646392862102564,44.97747500723481,0.0,0.8333333333333334,0,0,2026-06-12T14:42:20
NOR-Go Local,LinearRegression,12,9.959002012543547,60.00552781265595,293.16570757186776,2.526591939182227,13.636864011117448,65.80794821363426,0.0,0.25,0,0,2026-06-12T14:42:20
NZL-Go Local,ARIMA_Fixed,7,16.20725465744178,45.55796302620178,180.63972042507345,6.033207465790567,16.359913832576982,65.20292903649084,0.14285714285714285,0.5714285714285714,0,0,2026-06-12T14:42:20
NZL-Go Local,ETS_Current,7,8.783470312458348,42.69438871138414,175.2628029378679,3.242387876480025,15.42226638554944,63.47198290737593,0.0,0.2857142857142857,0,0,2026-06-12T14:42:20
NZL-Go Local,FixedGrowth_1_5,7,16.57154115433253,51.51779094355384,196.8718220291271,5.737797043476287,18.620486412977836,71.32441837774903,0.0,0.5714285714285714,0,0,2026-06-12T14:42:20
NZL-Go Local,FixedGrowth_3,7,12.99909093913804,49.31689848409318,193.05669002685795,4.514662788866621,17.865996842537346,69.96579636551515,0.0,0.42857142857142855,0,0,2026-06-12T14:42:20
NZL-Go Local,FixedGrowth_4,7,11.464117273494647,47.87747549428677,190.52103140015532,4.253567447707408,17.383031749151552,69.06204858661228,0.0,0.42857142857142855,0,0,2026-06-12T14:42:20
NZL-Go Local,FixedGrowth_6,7,8.52201336116323,45.536254717643196,185.46692249649848,3.541299238897993,16.601922363149306,67.26076600365462,0.0,0.42857142857142855,0,0,2026-06-12T14:42:20
NZL-Go Local,LinearRegression,7,9.49576945571986,44.83326580777132,182.79036447372317,2.7974827126432014,16.512201279021497,66.66615844587625,0.0,0.42857142857142855,0,0,2026-06-12T14:42:20
POL-Go Local,ARIMA_Fixed,12,85.8785621650287,143.97081021640807,444.3605989981511,25.002590661702484,44.39332765586568,131.8599238496712,0.0,0.5833333333333334,0,0,2026-06-12T14:42:20
POL-Go Local,ETS_Current,12,33.893441800097634,95.93281463924103,265.0145694945892,10.177321943154952,30.55872115767549,91.92478819022018,0.08333333333333333,0.5833333333333334,0,0,2026-06-12T14:42:20
POL-Go Local,FixedGrowth_1_5,12,20.960974649728566,115.95403379528375,354.860809954121,6.439954084517429,36.27776334258799,122.15784955496093,0.0,0.5,0,0,2026-06-12T14:42:20
POL-Go Local,FixedGrowth_3,12,28.447079697252928,117.40716444088308,348.41541750434527,8.609549434162941,36.73290831075231,120.12121403128768,0.0,0.75,0,0,2026-06-12T14:42:20
POL-Go Local,FixedGrowth_4,12,33.43781639560255,118.5525240562863,344.11848920449484,10.106535979924558,37.097574229080585,118.76401001189323,0.0,0.9166666666666666,0,0,2026-06-12T14:42:20
POL-Go Local,FixedGrowth_6,12,43.41928979230162,120.92180334896602,335.5246326047939,13.103089315846312,37.844209584308096,116.05099234765187,0.0,1.0,0,0,2026-06-12T14:42:20
POL-Go Local,LinearRegression,12,141.96269441451423,137.1841930586059,350.47104039856333,43.75039895097751,43.10575339823969,100.61035786975827,0.0,0.8333333333333334,0,0,2026-06-12T14:42:20
QAT-Go Local,ARIMA_Fixed,12,8.385696278188389,80.10381645692667,393.13836971295933,3.2457063138079647,20.519272316350776,97.84192959950322,0.16666666666666666,0.4166666666666667,0,0,2026-06-12T14:42:20
QAT-Go Local,ETS_Current,12,4.8939472531713495,39.41014024874065,170.43472098926844,1.6776251372329702,11.314811430738073,45.92020384943629,0.16666666666666666,0.3333333333333333,0,0,2026-06-12T14:42:20
QAT-Go Local,FixedGrowth_1_5,12,10.678093321145418,23.11494019929674,71.33250998296288,3.021283005857599,6.70869043206278,21.58055154808581,0.0,0.25,0,0,2026-06-12T14:42:20
QAT-Go Local,FixedGrowth_3,12,4.015332467431581,19.914420825811302,72.34046747081504,1.2180387491371794,5.9490220692107165,21.70256668136231,0.25,0.25,0,0,2026-06-12T14:42:20
QAT-Go Local,FixedGrowth_4,12,4.904343430888915,21.73043358784561,73.3486933460222,1.4606805842673123,6.497943876314564,21.74774018647589,0.08333333333333333,0.3333333333333333,0,0,2026-06-12T14:42:20
QAT-Go Local,FixedGrowth_6,12,14.410507316814858,29.465948867487384,75.35756792888252,4.157477995604806,8.543022886593796,22.03534027338324,0.0,0.4166666666666667,0,0,2026-06-12T14:42:20
QAT-Go Local,LinearRegression,12,10.294037317585458,26.8435720050898,104.8123282628813,2.866985547928678,7.461978460533557,29.18149305114651,0.0,0.25,0,0,2026-06-12T14:42:20
SGP-Go Local,ARIMA_Fixed,10,21.305965612933946,21.993840334883934,62.38263330209306,2.2245653440883504,7.384346556074648,27.509932830729028,0.4,0.3,0,0,2026-06-12T14:42:20
SGP-Go Local,ETS_Current,10,16.172317853285396,13.255656057421977,24.699154249796667,1.652313063172989,3.8115820565737915,11.135007005911628,0.3,0.3,0,0,2026-06-12T14:42:20
SGP-Go Local,FixedGrowth_1_5,10,47.9227113598981,38.26871037769767,71.22952261906472,4.531443599301426,9.893060644284542,28.696291292657687,0.0,0.3,0,0,2026-06-12T14:42:20
SGP-Go Local,FixedGrowth_3,10,38.52133906425402,35.799992595227124,57.50623778221126,3.6239149464791955,8.500776270672302,23.336117202703043,0.0,0.3,0,0,2026-06-12T14:42:20
SGP-Go Local,FixedGrowth_4,10,32.253757533824626,34.205008138546276,48.56467617519267,3.0281110677255505,7.591000682489589,19.827955556887815,0.0,0.3,0,0,2026-06-12T14:42:20
SGP-Go Local,FixedGrowth_6,10,32.28233053399647,31.529734403335038,42.875035988463566,4.366210688089323,5.877059717398945,13.177380396917936,0.0,0.3,0,0,2026-06-12T14:42:20
SGP-Go Local,LinearRegression,10,30.072572238446774,34.73698007680573,68.15122792646716,5.436477281427315,5.825087536153843,10.920929592942507,0.0,0.6,0,0,2026-06-12T14:42:20
SWE-Go Local,ARIMA_Fixed,12,32.113583816465066,95.11795929769977,390.3540264176801,8.885230143172857,29.37026977341256,118.79105901248998,0.0,0.5,0,0,2026-06-12T14:42:20
SWE-Go Local,ETS_Current,12,20.65162244888951,36.34468902237426,100.45860047533898,6.79155075197738,11.2467893586726,29.73544605045693,0.08333333333333333,0.5,0,0,2026-06-12T14:42:20
SWE-Go Local,FixedGrowth_1_5,12,12.306950354442849,45.25630710502191,127.78843566008759,3.710801190691763,13.81482285880967,39.903880984448186,0.0,0.4166666666666667,0,0,2026-06-12T14:42:20
SWE-Go Local,FixedGrowth_3,12,19.169095938543542,47.31001255823724,127.17132617458823,6.185198570996011,14.54606136774126,40.43934657906466,0.0,0.6666666666666666,0,0,2026-06-12T14:42:20
SWE-Go Local,FixedGrowth_4,12,24.229527176345993,48.79126065730182,127.07012914152835,7.849426951673561,15.09192688735483,40.740903108572184,0.0,0.9166666666666666,0,0,2026-06-12T14:42:20
SWE-Go Local,FixedGrowth_6,12,34.35038965195079,52.64625785796773,126.86773507540855,10.764350122137841,16.370127520426585,40.841390099019804,0.0,0.9166666666666666,0,0,2026-06-12T14:42:20
SWE-Go Local,LinearRegression,12,23.080122270462823,45.005559033490016,116.11147127984201,7.315728777034057,13.723600780208011,36.90987988850649,0.0,0.5833333333333334,0,0,2026-06-12T14:42:20
TWN-Go Local,ARIMA_Fixed,7,30.279311727651887,42.42123603299833,90.55132451644297,14.71477756522269,16.290392861010158,38.835339752915175,0.14285714285714285,0.7142857142857143,0,0,2026-06-12T14:42:20
TWN-Go Local,ETS_Current,7,94.09550876045653,85.85479347351016,162.40318710248795,25.54999020030055,28.25744773584662,55.21817952019566,0.0,1.0,0,0,2026-06-12T14:42:20
TWN-Go Local,FixedGrowth_1_5,7,18.34384625716271,86.89561746295861,327.5105836795171,8.725089431150765,26.605509087090162,87.18846489146253,0.0,0.8571428571428571,0,0,2026-06-12T14:42:20
TWN-Go Local,FixedGrowth_3,7,16.376973962538557,84.87122470404917,324.4483403211932,8.314724615678402,25.98893405053705,86.20867726944701,0.0,0.5714285714285714,0,0,2026-06-12T14:42:20
TWN-Go Local,FixedGrowth_4,7,16.52907963144241,83.7327640325366,322.4112210416782,8.063460194947355,25.60184995667985,85.55704141788695,0.0,0.5714285714285714,0,0,2026-06-12T14:42:20
TWN-Go Local,FixedGrowth_6,7,18.65662495304688,82.26961808914459,318.33698248264795,7.622357379893588,24.92340151255443,84.2578752646438,0.0,0.7142857142857143,0,0,2026-06-12T14:42:20
TWN-Go Local,LinearRegression,7,96.9106011629714,136.32045887406375,350.3686980526995,35.115488548007626,44.54888853640387,95.15651680220081,0.0,1.0,0,0,2026-06-12T14:42:20
ZAF-Go Local,ARIMA_Fixed,10,6.431335618685336,6.743518061285175,11.37788028115568,0.5578967299867348,1.5300464743721245,4.722123566087996,0.0,0.1,0,0,2026-06-12T14:42:20
ZAF-Go Local,ETS_Current,10,7.594771024807171,6.733670320114496,11.321527758016268,0.728989059208742,0.970948815057068,2.360847370284294,0.0,0.0,0,0,2026-06-12T14:42:20
ZAF-Go Local,FixedGrowth_1_5,10,4.255653377823872,5.770848020672761,12.454780693993754,0.7231936830066492,0.7150744671015035,1.2085941057074479,0.0,0.0,0,0,2026-06-12T14:42:20
ZAF-Go Local,FixedGrowth_3,10,11.139374666721679,10.370964069215862,19.442746335413158,1.0897995044517617,1.9745098664326115,5.23281436080172,0.0,0.2,0,0,2026-06-12T14:42:20
ZAF-Go Local,FixedGrowth_4,10,17.716549085886264,15.750271105640223,25.000298957721164,1.4864102622904627,3.124389742069816,8.259356200399614,0.0,0.3,0,0,2026-06-12T14:42:20
ZAF-Go Local,FixedGrowth_6,10,28.49951497143288,27.335616832510645,37.81717199073349,2.2847503874086854,5.4943919882840415,14.357837277221662,0.0,0.3,0,0,2026-06-12T14:42:20
ZAF-Go Local,LinearRegression,10,8.431067434993887,9.454239943330332,21.866947347417906,0.8431599761319357,1.0593278896973914,1.8459493216572174,0.0,0.0,0,0,2026-06-12T14:42:20
