entity_key,model_name,window_count,entity_model_score,median_normalized_wmape,median_normalized_smape,median_normalized_rmse,median_normalized_abs_bias,diagnostic_position_within_entity,publication_timestamp
APC-Dedicated,ARIMA_Fixed,12,66.66666666666667,66.66666666666667,66.66666666666667,66.66666666666667,66.66666666666667,2.0,2026-06-11T12:31:48
APC-Dedicated,ETS_Current,12,83.33333333333334,83.33333333333334,83.33333333333334,83.33333333333334,83.33333333333334,1.0,2026-06-11T12:31:48
APC-Dedicated,FixedGrowth_1_5,12,66.66666666666667,66.66666666666667,66.66666666666667,66.66666666666667,66.66666666666667,2.0,2026-06-11T12:31:48
APC-Dedicated,FixedGrowth_3,12,33.333333333333336,33.333333333333336,33.333333333333336,33.333333333333336,33.333333333333336,5.0,2026-06-11T12:31:48
APC-Dedicated,FixedGrowth_4,12,16.666666666666664,16.666666666666664,16.666666666666664,16.666666666666664,16.666666666666664,6.0,2026-06-11T12:31:48
APC-Dedicated,FixedGrowth_6,12,0.0,0.0,0.0,0.0,0.0,7.0,2026-06-11T12:31:48
APC-Dedicated,LinearRegression,12,66.66666666666667,66.66666666666667,66.66666666666667,66.66666666666667,66.66666666666667,2.0,2026-06-11T12:31:48
APC-MSIT,ARIMA_Fixed,12,65.0,66.66666666666667,66.66666666666667,58.333333333333336,66.66666666666667,3.0,2026-06-11T12:31:48
APC-MSIT,ETS_Current,12,57.083333333333336,58.333333333333336,58.333333333333336,58.333333333333336,58.333333333333336,4.0,2026-06-11T12:31:48
APC-MSIT,FixedGrowth_1_5,12,83.33333333333334,83.33333333333334,83.33333333333334,83.33333333333334,75.0,1.0,2026-06-11T12:31:48
APC-MSIT,FixedGrowth_3,12,41.66666666666667,41.66666666666667,41.66666666666667,41.66666666666667,41.66666666666667,5.0,2026-06-11T12:31:48
APC-MSIT,FixedGrowth_4,12,16.666666666666664,16.666666666666664,16.666666666666664,16.666666666666664,16.666666666666664,6.0,2026-06-11T12:31:48
APC-MSIT,FixedGrowth_6,12,0.0,0.0,0.0,0.0,0.0,7.0,2026-06-11T12:31:48
APC-MSIT,LinearRegression,12,65.41666666666667,66.66666666666667,66.66666666666667,66.66666666666667,58.333333333333336,2.0,2026-06-11T12:31:48
APC-Multitenant,ARIMA_Fixed,12,16.666666666666664,16.666666666666664,16.666666666666664,16.666666666666664,16.666666666666664,6.0,2026-06-11T12:31:48
APC-Multitenant,ETS_Current,12,40.0,41.66666666666667,41.66666666666667,33.333333333333336,41.66666666666667,4.0,2026-06-11T12:31:48
APC-Multitenant,FixedGrowth_1_5,12,85.0,83.33333333333334,83.33333333333334,91.66666666666669,83.33333333333334,1.0,2026-06-11T12:31:48
APC-Multitenant,FixedGrowth_3,12,75.0,75.0,75.0,75.0,75.0,2.0,2026-06-11T12:31:48
APC-Multitenant,FixedGrowth_4,12,35.0,33.333333333333336,33.333333333333336,41.66666666666667,33.333333333333336,5.0,2026-06-11T12:31:48
APC-Multitenant,FixedGrowth_6,12,0.0,0.0,0.0,0.0,0.0,7.0,2026-06-11T12:31:48
APC-Multitenant,LinearRegression,12,75.0,75.0,75.0,75.0,75.0,2.0,2026-06-11T12:31:48
ARE-Go Local,ARIMA_Fixed,12,73.75,75.0,75.0,75.0,66.66666666666667,1.0,2026-06-11T12:31:48
ARE-Go Local,ETS_Current,12,57.5,50.0,50.0,58.333333333333336,58.333333333333336,4.0,2026-06-11T12:31:48
ARE-Go Local,FixedGrowth_1_5,12,60.0,58.333333333333336,58.333333333333336,66.66666666666667,58.333333333333336,3.0,2026-06-11T12:31:48
ARE-Go Local,FixedGrowth_3,12,56.66666666666667,58.333333333333336,58.333333333333336,50.0,58.333333333333336,5.0,2026-06-11T12:31:48
ARE-Go Local,FixedGrowth_4,12,33.33333333333333,33.33333333333333,33.33333333333333,25.0,25.0,6.0,2026-06-11T12:31:48
ARE-Go Local,FixedGrowth_6,12,0.0,0.0,0.0,0.0,0.0,7.0,2026-06-11T12:31:48
ARE-Go Local,LinearRegression,12,69.58333333333334,66.66666666666667,66.66666666666667,66.66666666666667,66.66666666666667,2.0,2026-06-11T12:31:48
AUS-Go Local,ARIMA_Fixed,12,66.66666666666667,66.66666666666667,66.66666666666667,66.66666666666667,66.66666666666667,4.0,2026-06-11T12:31:48
AUS-Go Local,ETS_Current,12,75.0,75.0,75.0,75.0,66.66666666666667,3.0,2026-06-11T12:31:48
AUS-Go Local,FixedGrowth_1_5,12,83.33333333333334,83.33333333333334,83.33333333333334,83.33333333333334,83.33333333333334,1.0,2026-06-11T12:31:48
AUS-Go Local,FixedGrowth_3,12,41.66666666666667,41.66666666666667,41.66666666666667,41.66666666666667,41.66666666666667,5.0,2026-06-11T12:31:48
AUS-Go Local,FixedGrowth_4,12,16.666666666666664,16.666666666666664,16.666666666666664,16.666666666666664,16.666666666666664,6.0,2026-06-11T12:31:48
AUS-Go Local,FixedGrowth_6,12,0.0,0.0,0.0,0.0,0.0,7.0,2026-06-11T12:31:48
AUS-Go Local,LinearRegression,12,77.5,75.0,75.0,66.66666666666667,75.0,2.0,2026-06-11T12:31:48
BRA-Go Local,ARIMA_Fixed,12,31.666666666666668,33.333333333333336,33.333333333333336,25.0,33.333333333333336,5.0,2026-06-11T12:31:48
BRA-Go Local,ETS_Current,12,65.0,66.66666666666667,66.66666666666667,58.333333333333336,66.66666666666667,3.0,2026-06-11T12:31:48
BRA-Go Local,FixedGrowth_1_5,12,61.66666666666667,58.333333333333336,58.333333333333336,75.0,58.333333333333336,4.0,2026-06-11T12:31:48
BRA-Go Local,FixedGrowth_3,12,76.66666666666667,75.0,75.0,83.33333333333334,75.0,1.0,2026-06-11T12:31:48
BRA-Go Local,FixedGrowth_4,12,26.666666666666668,25.0,25.0,33.333333333333336,25.0,6.0,2026-06-11T12:31:48
BRA-Go Local,FixedGrowth_6,12,0.0,0.0,0.0,0.0,0.0,7.0,2026-06-11T12:31:48
BRA-Go Local,LinearRegression,12,66.66666666666667,66.66666666666667,66.66666666666667,66.66666666666667,66.66666666666667,2.0,2026-06-11T12:31:48
CAN-Go Local,ARIMA_Fixed,12,25.0,25.0,25.0,25.0,25.0,5.0,2026-06-11T12:31:48
CAN-Go Local,ETS_Current,12,66.66666666666667,66.66666666666667,66.66666666666667,66.66666666666667,66.66666666666667,3.0,2026-06-11T12:31:48
CAN-Go Local,FixedGrowth_1_5,12,83.33333333333334,83.33333333333334,83.33333333333334,83.33333333333334,83.33333333333334,1.0,2026-06-11T12:31:48
CAN-Go Local,FixedGrowth_3,12,50.0,50.0,50.0,50.0,50.0,4.0,2026-06-11T12:31:48
CAN-Go Local,FixedGrowth_4,12,25.0,25.0,25.0,25.0,25.0,5.0,2026-06-11T12:31:48
CAN-Go Local,FixedGrowth_6,12,0.0,0.0,0.0,0.0,0.0,7.0,2026-06-11T12:31:48
CAN-Go Local,LinearRegression,12,83.33333333333334,83.33333333333334,83.33333333333334,83.33333333333334,83.33333333333334,1.0,2026-06-11T12:31:48
CHE-Go Local,ARIMA_Fixed,12,33.333333333333336,33.333333333333336,33.333333333333336,33.333333333333336,33.333333333333336,5.0,2026-06-11T12:31:48
CHE-Go Local,ETS_Current,12,83.33333333333334,83.33333333333334,83.33333333333334,83.33333333333334,83.33333333333334,1.0,2026-06-11T12:31:48
CHE-Go Local,FixedGrowth_1_5,12,68.33333333333334,66.66666666666667,66.66666666666667,75.0,66.66666666666667,2.0,2026-06-11T12:31:48
CHE-Go Local,FixedGrowth_3,12,50.0,50.0,50.0,50.0,50.0,4.0,2026-06-11T12:31:48
CHE-Go Local,FixedGrowth_4,12,16.666666666666664,16.666666666666664,16.666666666666664,16.666666666666664,16.666666666666664,6.0,2026-06-11T12:31:48
CHE-Go Local,FixedGrowth_6,12,0.0,0.0,0.0,0.0,0.0,7.0,2026-06-11T12:31:48
CHE-Go Local,LinearRegression,12,66.66666666666667,66.66666666666667,66.66666666666667,66.66666666666667,66.66666666666667,3.0,2026-06-11T12:31:48
DEU-Go Local,ARIMA_Fixed,12,33.333333333333336,33.333333333333336,33.333333333333336,33.333333333333336,33.333333333333336,5.0,2026-06-11T12:31:48
DEU-Go Local,ETS_Current,12,74.58333333333334,75.0,75.0,66.66666666666667,75.0,2.0,2026-06-11T12:31:48
DEU-Go Local,FixedGrowth_1_5,12,60.0,58.333333333333336,58.333333333333336,66.66666666666667,58.333333333333336,3.0,2026-06-11T12:31:48
DEU-Go Local,FixedGrowth_3,12,50.0,50.0,50.0,50.0,50.0,4.0,2026-06-11T12:31:48
DEU-Go Local,FixedGrowth_4,12,16.666666666666664,16.666666666666664,16.666666666666664,16.666666666666664,16.666666666666664,6.0,2026-06-11T12:31:48
DEU-Go Local,FixedGrowth_6,12,0.0,0.0,0.0,0.0,0.0,7.0,2026-06-11T12:31:48
DEU-Go Local,LinearRegression,12,87.5,91.66666666666669,91.66666666666669,83.33333333333334,75.0,1.0,2026-06-11T12:31:48
ESP-Go Local,ARIMA_Fixed,12,66.66666666666667,66.66666666666667,66.66666666666667,66.66666666666667,66.66666666666667,2.0,2026-06-11T12:31:48
ESP-Go Local,ETS_Current,12,83.33333333333334,83.33333333333334,83.33333333333334,83.33333333333334,83.33333333333334,1.0,2026-06-11T12:31:48
ESP-Go Local,FixedGrowth_1_5,12,58.333333333333336,58.333333333333336,58.333333333333336,58.333333333333336,58.333333333333336,3.0,2026-06-11T12:31:48
ESP-Go Local,FixedGrowth_3,12,48.75,50.0,50.0,50.0,41.66666666666667,4.0,2026-06-11T12:31:48
ESP-Go Local,FixedGrowth_4,12,33.333333333333336,33.333333333333336,33.333333333333336,33.333333333333336,33.333333333333336,7.0,2026-06-11T12:31:48
ESP-Go Local,FixedGrowth_6,12,41.66666666666667,41.66666666666667,41.66666666666667,41.66666666666667,41.66666666666667,5.0,2026-06-11T12:31:48
ESP-Go Local,LinearRegression,12,39.58333333333333,33.33333333333333,33.33333333333333,33.33333333333333,58.333333333333336,6.0,2026-06-11T12:31:48
EUR-Dedicated,ARIMA_Fixed,12,75.0,75.0,75.0,75.0,75.0,3.0,2026-06-11T12:31:48
EUR-Dedicated,ETS_Current,12,83.33333333333334,83.33333333333334,83.33333333333334,83.33333333333334,83.33333333333334,1.0,2026-06-11T12:31:48
EUR-Dedicated,FixedGrowth_1_5,12,50.0,50.0,50.0,50.0,50.0,4.0,2026-06-11T12:31:48
EUR-Dedicated,FixedGrowth_3,12,33.333333333333336,33.333333333333336,33.333333333333336,33.333333333333336,33.333333333333336,5.0,2026-06-11T12:31:48
EUR-Dedicated,FixedGrowth_4,12,16.666666666666664,16.666666666666664,16.666666666666664,16.666666666666664,16.666666666666664,6.0,2026-06-11T12:31:48
EUR-Dedicated,FixedGrowth_6,12,0.0,0.0,0.0,0.0,0.0,7.0,2026-06-11T12:31:48
EUR-Dedicated,LinearRegression,12,80.83333333333334,75.0,75.0,83.33333333333334,83.33333333333334,2.0,2026-06-11T12:31:48
EUR-MSIT,ARIMA_Fixed,12,77.91666666666669,83.33333333333334,75.0,66.66666666666667,83.33333333333334,1.0,2026-06-11T12:31:48
EUR-MSIT,ETS_Current,12,76.66666666666667,75.0,75.0,83.33333333333334,75.0,2.0,2026-06-11T12:31:48
EUR-MSIT,FixedGrowth_1_5,12,70.41666666666667,66.66666666666667,75.0,83.33333333333334,66.66666666666667,3.0,2026-06-11T12:31:48
EUR-MSIT,FixedGrowth_3,12,33.333333333333336,33.333333333333336,33.333333333333336,33.333333333333336,33.333333333333336,5.0,2026-06-11T12:31:48
EUR-MSIT,FixedGrowth_4,12,16.666666666666664,16.666666666666664,16.666666666666664,16.666666666666664,16.666666666666664,6.0,2026-06-11T12:31:48
EUR-MSIT,FixedGrowth_6,12,0.0,0.0,0.0,0.0,0.0,7.0,2026-06-11T12:31:48
EUR-MSIT,LinearRegression,12,66.66666666666667,66.66666666666667,66.66666666666667,66.66666666666667,66.66666666666667,4.0,2026-06-11T12:31:48
EUR-Multitenant,ARIMA_Fixed,12,8.333333333333332,8.333333333333332,8.333333333333332,8.333333333333332,8.333333333333332,7.0,2026-06-11T12:31:48
EUR-Multitenant,ETS_Current,12,33.333333333333336,33.333333333333336,33.333333333333336,33.333333333333336,33.333333333333336,5.0,2026-06-11T12:31:48
EUR-Multitenant,FixedGrowth_1_5,12,66.66666666666667,66.66666666666667,66.66666666666667,66.66666666666667,75.0,2.0,2026-06-11T12:31:48
EUR-Multitenant,FixedGrowth_3,12,60.833333333333336,66.66666666666667,66.66666666666667,50.0,50.0,3.0,2026-06-11T12:31:48
EUR-Multitenant,FixedGrowth_4,12,45.0,41.66666666666667,41.66666666666667,41.66666666666667,33.333333333333336,4.0,2026-06-11T12:31:48
EUR-Multitenant,FixedGrowth_6,12,16.666666666666664,16.666666666666664,16.666666666666664,16.666666666666664,16.666666666666664,6.0,2026-06-11T12:31:48
EUR-Multitenant,LinearRegression,12,70.0,66.66666666666667,75.0,83.33333333333334,75.0,1.0,2026-06-11T12:31:48
FRA-Go Local,ARIMA_Fixed,12,58.333333333333336,58.333333333333336,58.333333333333336,58.333333333333336,58.333333333333336,4.0,2026-06-11T12:31:48
FRA-Go Local,ETS_Current,12,75.0,75.0,75.0,75.0,75.0,1.0,2026-06-11T12:31:48
FRA-Go Local,FixedGrowth_1_5,12,68.33333333333334,66.66666666666667,66.66666666666667,75.0,66.66666666666667,2.0,2026-06-11T12:31:48
FRA-Go Local,FixedGrowth_3,12,33.333333333333336,33.333333333333336,33.333333333333336,33.333333333333336,33.333333333333336,5.0,2026-06-11T12:31:48
FRA-Go Local,FixedGrowth_4,12,16.666666666666664,16.666666666666664,16.666666666666664,16.666666666666664,16.666666666666664,6.0,2026-06-11T12:31:48
FRA-Go Local,FixedGrowth_6,12,0.0,0.0,0.0,0.0,0.0,7.0,2026-06-11T12:31:48
FRA-Go Local,LinearRegression,12,66.66666666666667,66.66666666666667,66.66666666666667,66.66666666666667,66.66666666666667,3.0,2026-06-11T12:31:48
GBR-Dedicated,ARIMA_Fixed,12,8.333333333333332,8.333333333333332,8.333333333333332,8.333333333333332,8.333333333333332,7.0,2026-06-11T12:31:48
GBR-Dedicated,ETS_Current,12,75.0,75.0,75.0,75.0,83.33333333333334,3.0,2026-06-11T12:31:48
GBR-Dedicated,FixedGrowth_1_5,12,80.41666666666669,83.33333333333334,83.33333333333334,75.0,75.0,2.0,2026-06-11T12:31:48
GBR-Dedicated,FixedGrowth_3,12,50.0,50.0,50.0,50.0,50.0,4.0,2026-06-11T12:31:48
GBR-Dedicated,FixedGrowth_4,12,33.333333333333336,33.333333333333336,33.333333333333336,33.333333333333336,33.333333333333336,5.0,2026-06-11T12:31:48
GBR-Dedicated,FixedGrowth_6,12,16.666666666666664,16.666666666666664,16.666666666666664,16.666666666666664,16.666666666666664,6.0,2026-06-11T12:31:48
GBR-Dedicated,LinearRegression,12,87.91666666666667,91.66666666666669,91.66666666666669,91.66666666666669,83.33333333333334,1.0,2026-06-11T12:31:48
GBR-Go Local,ARIMA_Fixed,12,26.666666666666668,25.0,25.0,33.33333333333333,25.0,5.0,2026-06-11T12:31:48
GBR-Go Local,ETS_Current,12,16.666666666666664,16.666666666666664,16.666666666666664,16.666666666666664,16.666666666666664,6.0,2026-06-11T12:31:48
GBR-Go Local,FixedGrowth_1_5,12,75.0,75.0,75.0,83.33333333333334,66.66666666666667,2.0,2026-06-11T12:31:48
GBR-Go Local,FixedGrowth_3,12,58.333333333333336,58.333333333333336,58.333333333333336,58.333333333333336,58.333333333333336,3.0,2026-06-11T12:31:48
GBR-Go Local,FixedGrowth_4,12,41.66666666666667,41.66666666666667,41.66666666666667,33.333333333333336,41.66666666666667,4.0,2026-06-11T12:31:48
GBR-Go Local,FixedGrowth_6,12,9.999999999999998,8.333333333333332,8.333333333333332,16.666666666666664,8.333333333333332,7.0,2026-06-11T12:31:48
GBR-Go Local,LinearRegression,12,83.33333333333334,83.33333333333334,83.33333333333334,83.33333333333334,83.33333333333334,1.0,2026-06-11T12:31:48
IND-Go Local,ARIMA_Fixed,12,34.58333333333333,33.33333333333333,33.33333333333333,33.33333333333333,41.66666666666667,5.0,2026-06-11T12:31:48
IND-Go Local,ETS_Current,12,69.16666666666667,66.66666666666667,66.66666666666667,66.66666666666667,75.0,2.0,2026-06-11T12:31:48
IND-Go Local,FixedGrowth_1_5,12,50.0,50.0,50.0,50.0,50.0,4.0,2026-06-11T12:31:48
IND-Go Local,FixedGrowth_3,12,75.0,75.0,75.0,75.0,66.66666666666667,1.0,2026-06-11T12:31:48
IND-Go Local,FixedGrowth_4,12,33.333333333333336,33.333333333333336,33.333333333333336,33.333333333333336,33.333333333333336,6.0,2026-06-11T12:31:48
IND-Go Local,FixedGrowth_6,12,0.0,0.0,0.0,0.0,0.0,7.0,2026-06-11T12:31:48
IND-Go Local,LinearRegression,12,69.16666666666667,66.66666666666667,66.66666666666667,66.66666666666667,66.66666666666667,2.0,2026-06-11T12:31:48
ISR-Go Local,ARIMA_Fixed,12,33.333333333333336,33.333333333333336,33.333333333333336,33.333333333333336,33.333333333333336,6.0,2026-06-11T12:31:48
ISR-Go Local,ETS_Current,12,74.58333333333334,75.0,75.0,58.333333333333336,58.333333333333336,1.0,2026-06-11T12:31:48
ISR-Go Local,FixedGrowth_1_5,12,0.0,0.0,0.0,0.0,0.0,7.0,2026-06-11T12:31:48
ISR-Go Local,FixedGrowth_3,12,41.66666666666667,41.66666666666667,41.66666666666667,41.66666666666667,41.66666666666667,5.0,2026-06-11T12:31:48
ISR-Go Local,FixedGrowth_4,12,64.58333333333334,58.333333333333336,58.333333333333336,75.0,66.66666666666667,3.0,2026-06-11T12:31:48
ISR-Go Local,FixedGrowth_6,12,52.91666666666667,50.0,50.0,58.333333333333336,58.333333333333336,4.0,2026-06-11T12:31:48
ISR-Go Local,LinearRegression,12,69.58333333333334,66.66666666666667,66.66666666666667,66.66666666666667,75.0,2.0,2026-06-11T12:31:48
ITA-Go Local,ARIMA_Fixed,12,67.91666666666667,66.66666666666667,66.66666666666667,66.66666666666667,75.0,2.0,2026-06-11T12:31:48
ITA-Go Local,ETS_Current,12,66.66666666666667,66.66666666666667,66.66666666666667,66.66666666666667,66.66666666666667,3.0,2026-06-11T12:31:48
ITA-Go Local,FixedGrowth_1_5,12,50.0,50.0,50.0,50.0,50.0,4.0,2026-06-11T12:31:48
ITA-Go Local,FixedGrowth_3,12,33.333333333333336,33.333333333333336,33.333333333333336,33.333333333333336,33.333333333333336,5.0,2026-06-11T12:31:48
ITA-Go Local,FixedGrowth_4,12,33.333333333333336,33.333333333333336,33.333333333333336,33.333333333333336,33.333333333333336,5.0,2026-06-11T12:31:48
ITA-Go Local,FixedGrowth_6,12,25.0,25.0,25.0,25.0,25.0,7.0,2026-06-11T12:31:48
ITA-Go Local,LinearRegression,12,68.33333333333334,66.66666666666667,66.66666666666667,75.0,66.66666666666667,1.0,2026-06-11T12:31:48
JPN-Go Local,ARIMA_Fixed,12,48.333333333333336,50.0,50.0,41.66666666666667,50.0,5.0,2026-06-11T12:31:48
JPN-Go Local,ETS_Current,12,83.33333333333334,83.33333333333334,83.33333333333334,83.33333333333334,83.33333333333334,1.0,2026-06-11T12:31:48
JPN-Go Local,FixedGrowth_1_5,12,82.08333333333334,83.33333333333334,83.33333333333334,83.33333333333334,75.0,2.0,2026-06-11T12:31:48
JPN-Go Local,FixedGrowth_3,12,50.0,50.0,50.0,50.0,50.0,4.0,2026-06-11T12:31:48
JPN-Go Local,FixedGrowth_4,12,16.666666666666664,16.666666666666664,16.666666666666664,16.666666666666664,16.666666666666664,6.0,2026-06-11T12:31:48
JPN-Go Local,FixedGrowth_6,12,0.0,0.0,0.0,0.0,0.0,7.0,2026-06-11T12:31:48
JPN-Go Local,LinearRegression,12,66.66666666666667,66.66666666666667,66.66666666666667,66.66666666666667,66.66666666666667,3.0,2026-06-11T12:31:48
KOR-Go Local,ARIMA_Fixed,12,50.0,50.0,50.0,50.0,50.0,4.0,2026-06-11T12:31:48
KOR-Go Local,ETS_Current,12,33.75,33.333333333333336,33.333333333333336,41.66666666666667,33.333333333333336,6.0,2026-06-11T12:31:48
KOR-Go Local,FixedGrowth_1_5,12,58.333333333333336,58.333333333333336,58.333333333333336,58.333333333333336,58.333333333333336,2.0,2026-06-11T12:31:48
KOR-Go Local,FixedGrowth_3,12,66.66666666666667,66.66666666666667,66.66666666666667,66.66666666666667,66.66666666666667,1.0,2026-06-11T12:31:48
KOR-Go Local,FixedGrowth_4,12,50.0,50.0,50.0,50.0,50.0,4.0,2026-06-11T12:31:48
KOR-Go Local,FixedGrowth_6,12,8.333333333333332,8.333333333333332,8.333333333333332,8.333333333333332,8.333333333333332,7.0,2026-06-11T12:31:48
KOR-Go Local,LinearRegression,12,56.25,58.333333333333336,58.333333333333336,41.66666666666667,58.333333333333336,3.0,2026-06-11T12:31:48
LAM-Multitenant,ARIMA_Fixed,12,50.0,50.0,50.0,50.0,50.0,4.0,2026-06-11T12:31:48
LAM-Multitenant,ETS_Current,12,75.0,75.0,75.0,75.0,75.0,3.0,2026-06-11T12:31:48
LAM-Multitenant,FixedGrowth_1_5,12,85.0,83.33333333333334,83.33333333333334,83.33333333333334,83.33333333333334,1.0,2026-06-11T12:31:48
LAM-Multitenant,FixedGrowth_3,12,33.333333333333336,33.333333333333336,33.333333333333336,33.333333333333336,33.333333333333336,5.0,2026-06-11T12:31:48
LAM-Multitenant,FixedGrowth_4,12,16.666666666666664,16.666666666666664,16.666666666666664,16.666666666666664,16.666666666666664,6.0,2026-06-11T12:31:48
LAM-Multitenant,FixedGrowth_6,12,0.0,0.0,0.0,0.0,0.0,7.0,2026-06-11T12:31:48
LAM-Multitenant,LinearRegression,12,80.83333333333334,75.0,75.0,83.33333333333334,83.33333333333334,2.0,2026-06-11T12:31:48
MEX-Go Local,ARIMA_Fixed,12,66.66666666666667,66.66666666666667,66.66666666666667,66.66666666666667,66.66666666666667,3.0,2026-06-11T12:31:48
MEX-Go Local,ETS_Current,12,83.33333333333334,83.33333333333334,83.33333333333334,83.33333333333334,83.33333333333334,1.0,2026-06-11T12:31:48
MEX-Go Local,FixedGrowth_1_5,12,7.916666666666665,8.333333333333332,0.0,8.333333333333332,16.666666666666664,7.0,2026-06-11T12:31:48
MEX-Go Local,FixedGrowth_3,12,33.333333333333336,33.333333333333336,33.333333333333336,33.333333333333336,33.333333333333336,6.0,2026-06-11T12:31:48
MEX-Go Local,FixedGrowth_4,12,50.0,50.0,50.0,50.0,50.0,4.0,2026-06-11T12:31:48
MEX-Go Local,FixedGrowth_6,12,83.33333333333334,83.33333333333334,83.33333333333334,83.33333333333334,83.33333333333334,1.0,2026-06-11T12:31:48
MEX-Go Local,LinearRegression,12,50.0,50.0,50.0,50.0,50.0,4.0,2026-06-11T12:31:48
NAM-Dedicated,ARIMA_Fixed,12,83.33333333333334,83.33333333333334,83.33333333333334,83.33333333333334,83.33333333333334,2.0,2026-06-11T12:31:48
NAM-Dedicated,ETS_Current,12,91.66666666666669,91.66666666666669,91.66666666666669,91.66666666666669,91.66666666666669,1.0,2026-06-11T12:31:48
NAM-Dedicated,FixedGrowth_1_5,12,50.0,50.0,50.0,50.0,50.0,4.0,2026-06-11T12:31:48
NAM-Dedicated,FixedGrowth_3,12,33.333333333333336,33.333333333333336,33.333333333333336,33.333333333333336,33.333333333333336,5.0,2026-06-11T12:31:48
NAM-Dedicated,FixedGrowth_4,12,16.666666666666664,16.666666666666664,16.666666666666664,16.666666666666664,16.666666666666664,6.0,2026-06-11T12:31:48
NAM-Dedicated,FixedGrowth_6,12,0.0,0.0,0.0,0.0,0.0,7.0,2026-06-11T12:31:48
NAM-Dedicated,LinearRegression,12,66.66666666666667,66.66666666666667,66.66666666666667,66.66666666666667,66.66666666666667,3.0,2026-06-11T12:31:48
NAM-GCC Low,ARIMA_Fixed,12,50.0,50.0,50.0,50.0,50.0,4.0,2026-06-11T12:31:48
NAM-GCC Low,ETS_Current,12,79.16666666666667,83.33333333333334,83.33333333333334,83.33333333333334,75.0,2.0,2026-06-11T12:31:48
NAM-GCC Low,FixedGrowth_1_5,12,80.41666666666667,83.33333333333334,75.0,83.33333333333334,83.33333333333334,1.0,2026-06-11T12:31:48
NAM-GCC Low,FixedGrowth_3,12,33.333333333333336,33.333333333333336,33.333333333333336,33.333333333333336,33.333333333333336,5.0,2026-06-11T12:31:48
NAM-GCC Low,FixedGrowth_4,12,16.666666666666664,16.666666666666664,16.666666666666664,16.666666666666664,16.666666666666664,6.0,2026-06-11T12:31:48
NAM-GCC Low,FixedGrowth_6,12,0.0,0.0,0.0,0.0,0.0,7.0,2026-06-11T12:31:48
NAM-GCC Low,LinearRegression,12,66.66666666666667,66.66666666666667,66.66666666666667,66.66666666666667,66.66666666666667,3.0,2026-06-11T12:31:48
NAM-ITAR DoD,ARIMA_Fixed,12,50.0,50.0,50.0,50.0,50.0,4.0,2026-06-11T12:31:48
NAM-ITAR DoD,ETS_Current,12,41.66666666666667,41.66666666666667,41.66666666666667,41.66666666666667,41.66666666666667,5.0,2026-06-11T12:31:48
NAM-ITAR DoD,FixedGrowth_1_5,12,80.83333333333334,83.33333333333334,83.33333333333334,83.33333333333334,83.33333333333334,1.0,2026-06-11T12:31:48
NAM-ITAR DoD,FixedGrowth_3,12,66.66666666666667,66.66666666666667,66.66666666666667,66.66666666666667,58.333333333333336,2.0,2026-06-11T12:31:48
NAM-ITAR DoD,FixedGrowth_4,12,33.333333333333336,33.333333333333336,33.333333333333336,33.333333333333336,33.333333333333336,6.0,2026-06-11T12:31:48
NAM-ITAR DoD,FixedGrowth_6,12,5.416666666666666,8.333333333333332,8.333333333333332,0.0,8.333333333333332,7.0,2026-06-11T12:31:48
NAM-ITAR DoD,LinearRegression,12,60.833333333333336,58.333333333333336,58.333333333333336,66.66666666666667,75.0,3.0,2026-06-11T12:31:48
NAM-ITAR GCCH,ARIMA_Fixed,12,50.0,50.0,50.0,50.0,50.0,4.0,2026-06-11T12:31:48
NAM-ITAR GCCH,ETS_Current,12,55.41666666666667,58.333333333333336,58.333333333333336,50.0,50.0,3.0,2026-06-11T12:31:48
NAM-ITAR GCCH,FixedGrowth_1_5,12,75.0,75.0,75.0,75.0,75.0,1.0,2026-06-11T12:31:48
NAM-ITAR GCCH,FixedGrowth_3,12,73.33333333333334,75.0,75.0,66.66666666666667,75.0,2.0,2026-06-11T12:31:48
NAM-ITAR GCCH,FixedGrowth_4,12,33.333333333333336,33.333333333333336,33.333333333333336,33.333333333333336,33.333333333333336,5.0,2026-06-11T12:31:48
NAM-ITAR GCCH,FixedGrowth_6,12,16.666666666666664,16.666666666666664,16.666666666666664,16.666666666666664,16.666666666666664,6.0,2026-06-11T12:31:48
NAM-ITAR GCCH,LinearRegression,12,8.333333333333332,8.333333333333332,8.333333333333332,8.333333333333332,8.333333333333332,7.0,2026-06-11T12:31:48
NAM-MSIT,ARIMA_Fixed,12,56.66666666666667,58.333333333333336,58.333333333333336,50.0,58.333333333333336,2.0,2026-06-11T12:31:48
NAM-MSIT,ETS_Current,12,50.41666666666667,50.0,50.0,58.333333333333336,50.0,4.0,2026-06-11T12:31:48
NAM-MSIT,FixedGrowth_1_5,12,55.833333333333336,58.333333333333336,58.333333333333336,58.333333333333336,50.0,3.0,2026-06-11T12:31:48
NAM-MSIT,FixedGrowth_3,12,50.0,50.0,50.0,50.0,50.0,5.0,2026-06-11T12:31:48
NAM-MSIT,FixedGrowth_4,12,57.91666666666667,58.333333333333336,58.333333333333336,50.0,58.333333333333336,1.0,2026-06-11T12:31:48
NAM-MSIT,FixedGrowth_6,12,25.0,25.0,25.0,25.0,25.0,6.0,2026-06-11T12:31:48
NAM-MSIT,LinearRegression,12,15.416666666666664,16.666666666666664,8.333333333333332,25.0,8.333333333333332,7.0,2026-06-11T12:31:48
NAM-Multitenant,ARIMA_Fixed,12,8.333333333333332,8.333333333333332,8.333333333333332,8.333333333333332,8.333333333333332,7.0,2026-06-11T12:31:48
NAM-Multitenant,ETS_Current,12,50.0,50.0,50.0,50.0,50.0,3.0,2026-06-11T12:31:48
NAM-Multitenant,FixedGrowth_1_5,12,85.83333333333334,91.66666666666669,91.66666666666669,83.33333333333334,83.33333333333334,1.0,2026-06-11T12:31:48
NAM-Multitenant,FixedGrowth_3,12,50.0,50.0,50.0,50.0,50.0,3.0,2026-06-11T12:31:48
NAM-Multitenant,FixedGrowth_4,12,33.333333333333336,33.333333333333336,33.333333333333336,33.333333333333336,33.333333333333336,5.0,2026-06-11T12:31:48
NAM-Multitenant,FixedGrowth_6,12,16.666666666666664,16.666666666666664,16.666666666666664,16.666666666666664,16.666666666666664,6.0,2026-06-11T12:31:48
NAM-Multitenant,LinearRegression,12,66.66666666666667,66.66666666666667,66.66666666666667,66.66666666666667,66.66666666666667,2.0,2026-06-11T12:31:48
NAM-SDF,ARIMA_Fixed,12,24.166666666666664,16.666666666666664,16.666666666666664,33.333333333333336,25.0,7.0,2026-06-11T12:31:48
NAM-SDF,ETS_Current,12,41.66666666666667,33.333333333333336,33.333333333333336,16.666666666666664,33.333333333333336,5.0,2026-06-11T12:31:48
NAM-SDF,FixedGrowth_1_5,12,59.583333333333336,50.0,50.0,83.33333333333334,66.66666666666667,3.0,2026-06-11T12:31:48
NAM-SDF,FixedGrowth_3,12,66.66666666666667,66.66666666666667,66.66666666666667,66.66666666666667,66.66666666666667,1.0,2026-06-11T12:31:48
NAM-SDF,FixedGrowth_4,12,62.5,75.0,75.0,50.0,50.0,2.0,2026-06-11T12:31:48
NAM-SDF,FixedGrowth_6,12,54.16666666666667,100.0,100.0,33.333333333333336,33.333333333333336,4.0,2026-06-11T12:31:48
NAM-SDF,LinearRegression,12,33.333333333333336,8.333333333333332,8.333333333333332,25.0,25.0,6.0,2026-06-11T12:31:48
NAM-TDF,ARIMA_Fixed,12,25.0,25.0,25.0,25.0,25.0,6.0,2026-06-11T12:31:48
NAM-TDF,ETS_Current,12,16.666666666666664,16.666666666666664,16.666666666666664,16.666666666666664,16.666666666666664,7.0,2026-06-11T12:31:48
NAM-TDF,FixedGrowth_1_5,12,70.0,66.66666666666667,66.66666666666667,83.33333333333334,66.66666666666667,1.0,2026-06-11T12:31:48
NAM-TDF,FixedGrowth_3,12,66.66666666666667,66.66666666666667,66.66666666666667,66.66666666666667,66.66666666666667,2.0,2026-06-11T12:31:48
NAM-TDF,FixedGrowth_4,12,66.66666666666667,66.66666666666667,66.66666666666667,58.333333333333336,58.333333333333336,2.0,2026-06-11T12:31:48
NAM-TDF,FixedGrowth_6,12,42.083333333333336,50.0,50.0,33.333333333333336,33.333333333333336,4.0,2026-06-11T12:31:48
NAM-TDF,LinearRegression,12,33.333333333333336,25.0,25.0,25.0,33.333333333333336,5.0,2026-06-11T12:31:48
NOR-Go Local,ARIMA_Fixed,12,58.333333333333336,58.333333333333336,58.333333333333336,58.333333333333336,58.333333333333336,4.0,2026-06-11T12:31:48
NOR-Go Local,ETS_Current,12,76.25,75.0,75.0,75.0,75.0,1.0,2026-06-11T12:31:48
NOR-Go Local,FixedGrowth_1_5,12,66.66666666666667,66.66666666666667,66.66666666666667,66.66666666666667,66.66666666666667,3.0,2026-06-11T12:31:48
NOR-Go Local,FixedGrowth_3,12,50.0,50.0,50.0,50.0,50.0,5.0,2026-06-11T12:31:48
NOR-Go Local,FixedGrowth_4,12,16.666666666666664,16.666666666666664,16.666666666666664,16.666666666666664,16.666666666666664,6.0,2026-06-11T12:31:48
NOR-Go Local,FixedGrowth_6,12,0.0,0.0,0.0,0.0,0.0,7.0,2026-06-11T12:31:48
NOR-Go Local,LinearRegression,12,67.91666666666667,66.66666666666667,66.66666666666667,66.66666666666667,75.0,2.0,2026-06-11T12:31:48
NZL-Go Local,ARIMA_Fixed,7,97.5,100.0,100.0,100.0,83.33333333333334,1.0,2026-06-11T12:31:48
NZL-Go Local,ETS_Current,7,66.66666666666667,66.66666666666667,66.66666666666667,66.66666666666667,66.66666666666667,2.0,2026-06-11T12:31:48
NZL-Go Local,FixedGrowth_1_5,7,16.666666666666664,16.666666666666664,16.666666666666664,16.666666666666664,16.666666666666664,7.0,2026-06-11T12:31:48
NZL-Go Local,FixedGrowth_3,7,33.333333333333336,33.333333333333336,33.333333333333336,33.333333333333336,33.333333333333336,5.0,2026-06-11T12:31:48
NZL-Go Local,FixedGrowth_4,7,33.333333333333336,33.333333333333336,33.333333333333336,33.333333333333336,33.333333333333336,5.0,2026-06-11T12:31:48
NZL-Go Local,FixedGrowth_6,7,50.0,50.0,50.0,50.0,50.0,4.0,2026-06-11T12:31:48
NZL-Go Local,LinearRegression,7,66.66666666666667,66.66666666666667,66.66666666666667,66.66666666666667,66.66666666666667,2.0,2026-06-11T12:31:48
POL-Go Local,ARIMA_Fixed,12,58.333333333333336,58.333333333333336,75.0,58.333333333333336,58.333333333333336,2.0,2026-06-11T12:31:48
POL-Go Local,ETS_Current,12,83.33333333333334,83.33333333333334,83.33333333333334,83.33333333333334,83.33333333333334,1.0,2026-06-11T12:31:48
POL-Go Local,FixedGrowth_1_5,12,50.0,50.0,50.0,50.0,50.0,4.0,2026-06-11T12:31:48
POL-Go Local,FixedGrowth_3,12,33.333333333333336,33.333333333333336,33.333333333333336,33.333333333333336,33.333333333333336,5.0,2026-06-11T12:31:48
POL-Go Local,FixedGrowth_4,12,33.333333333333336,33.333333333333336,33.333333333333336,33.333333333333336,33.333333333333336,5.0,2026-06-11T12:31:48
POL-Go Local,FixedGrowth_6,12,33.33333333333333,33.33333333333333,33.33333333333333,33.33333333333333,33.33333333333333,7.0,2026-06-11T12:31:48
POL-Go Local,LinearRegression,12,58.333333333333336,58.333333333333336,58.333333333333336,58.333333333333336,75.0,2.0,2026-06-11T12:31:48
QAT-Go Local,ARIMA_Fixed,12,58.333333333333336,58.333333333333336,58.333333333333336,58.333333333333336,58.333333333333336,3.0,2026-06-11T12:31:48
QAT-Go Local,ETS_Current,12,66.66666666666667,66.66666666666667,66.66666666666667,66.66666666666667,66.66666666666667,1.0,2026-06-11T12:31:48
QAT-Go Local,FixedGrowth_1_5,12,21.25,16.666666666666664,16.666666666666664,33.33333333333333,25.0,6.0,2026-06-11T12:31:48
QAT-Go Local,FixedGrowth_3,12,66.66666666666667,66.66666666666667,66.66666666666667,66.66666666666667,66.66666666666667,1.0,2026-06-11T12:31:48
QAT-Go Local,FixedGrowth_4,12,50.0,50.0,50.0,50.0,50.0,4.0,2026-06-11T12:31:48
QAT-Go Local,FixedGrowth_6,12,0.0,0.0,0.0,0.0,0.0,7.0,2026-06-11T12:31:48
QAT-Go Local,LinearRegression,12,35.833333333333336,33.333333333333336,33.333333333333336,33.333333333333336,41.66666666666667,5.0,2026-06-11T12:31:48
SGP-Go Local,ARIMA_Fixed,10,66.66666666666667,66.66666666666667,66.66666666666667,66.66666666666667,66.66666666666667,2.0,2026-06-11T12:31:48
SGP-Go Local,ETS_Current,10,83.33333333333334,83.33333333333334,83.33333333333334,83.33333333333334,83.33333333333334,1.0,2026-06-11T12:31:48
SGP-Go Local,FixedGrowth_1_5,10,16.666666666666664,16.666666666666664,16.666666666666664,16.666666666666664,16.666666666666664,7.0,2026-06-11T12:31:48
SGP-Go Local,FixedGrowth_3,10,33.333333333333336,33.333333333333336,33.333333333333336,33.333333333333336,33.333333333333336,5.0,2026-06-11T12:31:48
SGP-Go Local,FixedGrowth_4,10,33.333333333333336,33.333333333333336,33.333333333333336,33.333333333333336,33.333333333333336,5.0,2026-06-11T12:31:48
SGP-Go Local,FixedGrowth_6,10,66.66666666666667,66.66666666666667,66.66666666666667,66.66666666666667,66.66666666666667,2.0,2026-06-11T12:31:48
SGP-Go Local,LinearRegression,10,41.66666666666667,41.66666666666667,41.66666666666667,41.66666666666667,41.66666666666667,4.0,2026-06-11T12:31:48
SWE-Go Local,ARIMA_Fixed,12,65.0,66.66666666666667,66.66666666666667,58.333333333333336,66.66666666666667,2.0,2026-06-11T12:31:48
SWE-Go Local,ETS_Current,12,83.33333333333334,83.33333333333334,83.33333333333334,83.33333333333334,83.33333333333334,1.0,2026-06-11T12:31:48
SWE-Go Local,FixedGrowth_1_5,12,50.0,50.0,50.0,50.0,50.0,4.0,2026-06-11T12:31:48
SWE-Go Local,FixedGrowth_3,12,33.333333333333336,33.333333333333336,33.333333333333336,33.333333333333336,33.333333333333336,5.0,2026-06-11T12:31:48
SWE-Go Local,FixedGrowth_4,12,33.333333333333336,33.333333333333336,33.333333333333336,33.333333333333336,33.333333333333336,5.0,2026-06-11T12:31:48
SWE-Go Local,FixedGrowth_6,12,16.666666666666668,16.666666666666668,16.666666666666668,16.666666666666668,16.666666666666668,7.0,2026-06-11T12:31:48
SWE-Go Local,LinearRegression,12,51.66666666666667,50.0,50.0,58.333333333333336,50.0,3.0,2026-06-11T12:31:48
TWN-Go Local,ARIMA_Fixed,7,66.66666666666667,66.66666666666667,66.66666666666667,66.66666666666667,66.66666666666667,2.0,2026-06-11T12:31:48
TWN-Go Local,ETS_Current,7,16.666666666666664,16.666666666666664,16.666666666666664,16.666666666666664,16.666666666666664,7.0,2026-06-11T12:31:48
TWN-Go Local,FixedGrowth_1_5,7,33.333333333333336,33.333333333333336,33.333333333333336,16.666666666666664,16.666666666666664,5.0,2026-06-11T12:31:48
TWN-Go Local,FixedGrowth_3,7,50.0,50.0,50.0,50.0,50.0,4.0,2026-06-11T12:31:48
TWN-Go Local,FixedGrowth_4,7,60.833333333333336,66.66666666666667,66.66666666666667,50.0,50.0,3.0,2026-06-11T12:31:48
TWN-Go Local,FixedGrowth_6,7,83.33333333333334,83.33333333333334,83.33333333333334,83.33333333333334,83.33333333333334,1.0,2026-06-11T12:31:48
TWN-Go Local,LinearRegression,7,21.666666666666668,0.0,0.0,0.0,16.666666666666664,6.0,2026-06-11T12:31:48
ZAF-Go Local,ARIMA_Fixed,10,60.0,58.333333333333336,58.333333333333336,66.66666666666667,58.333333333333336,4.0,2026-06-11T12:31:48
ZAF-Go Local,ETS_Current,10,68.33333333333334,66.66666666666667,66.66666666666667,75.0,66.66666666666667,2.0,2026-06-11T12:31:48
ZAF-Go Local,FixedGrowth_1_5,10,81.66666666666669,83.33333333333334,83.33333333333334,75.0,83.33333333333334,1.0,2026-06-11T12:31:48
ZAF-Go Local,FixedGrowth_3,10,35.0,33.333333333333336,33.333333333333336,41.66666666666667,33.333333333333336,5.0,2026-06-11T12:31:48
ZAF-Go Local,FixedGrowth_4,10,16.666666666666664,16.666666666666664,16.666666666666664,16.666666666666664,16.666666666666664,6.0,2026-06-11T12:31:48
ZAF-Go Local,FixedGrowth_6,10,0.0,0.0,0.0,0.0,0.0,7.0,2026-06-11T12:31:48
ZAF-Go Local,LinearRegression,10,66.66666666666667,66.66666666666667,66.66666666666667,66.66666666666667,66.66666666666667,3.0,2026-06-11T12:31:48
