entity_key,window_id,train_start_date,train_end_date,test_start_date,test_end_date,train_observations,test_observations
APC-Dedicated,1,2019-07-01,2024-05-07,2024-05-08,2024-07-06,1773,60
APC-Dedicated,2,2019-07-01,2024-07-06,2024-07-07,2024-09-04,1833,60
APC-Dedicated,4,2019-07-01,2024-11-03,2024-11-04,2025-01-02,1951,60
APC-Dedicated,5,2019-07-01,2025-01-02,2025-01-03,2025-03-03,2011,60
APC-Dedicated,6,2019-07-01,2025-03-03,2025-03-04,2025-05-02,2071,60
APC-Dedicated,7,2019-07-01,2025-05-02,2025-05-03,2025-07-01,2131,60
APC-Dedicated,8,2019-07-01,2025-07-01,2025-07-02,2025-08-30,2191,60
APC-Dedicated,9,2019-07-01,2025-08-30,2025-08-31,2025-10-29,2251,60
APC-Dedicated,10,2019-07-01,2025-10-29,2025-10-30,2025-12-28,2311,60
APC-Dedicated,11,2019-07-01,2025-12-28,2025-12-29,2026-02-26,2371,60
APC-Dedicated,12,2019-07-01,2026-02-26,2026-02-27,2026-04-27,2431,60
APC-MSIT,1,2019-07-01,2024-05-07,2024-05-08,2024-07-06,1773,60
APC-MSIT,2,2019-07-01,2024-07-06,2024-07-07,2024-09-04,1833,60
APC-MSIT,3,2019-07-01,2024-09-04,2024-09-05,2024-11-03,1893,60
APC-MSIT,4,2019-07-01,2024-11-03,2024-11-04,2025-01-02,1953,60
APC-MSIT,5,2019-07-01,2025-01-02,2025-01-03,2025-03-03,2013,60
APC-MSIT,6,2019-07-01,2025-03-03,2025-03-04,2025-05-02,2073,60
APC-MSIT,7,2019-07-01,2025-05-02,2025-05-03,2025-07-01,2133,60
APC-MSIT,8,2019-07-01,2025-07-01,2025-07-02,2025-08-30,2193,60
APC-MSIT,9,2019-07-01,2025-08-30,2025-08-31,2025-10-29,2253,60
APC-MSIT,10,2019-07-01,2025-10-29,2025-10-30,2025-12-28,2313,60
APC-MSIT,11,2019-07-01,2025-12-28,2025-12-29,2026-02-26,2373,60
APC-MSIT,12,2019-07-01,2026-02-26,2026-02-27,2026-04-27,2433,60
APC-Multitenant,1,2019-07-01,2024-05-07,2024-05-08,2024-07-06,1773,60
APC-Multitenant,2,2019-07-01,2024-07-06,2024-07-07,2024-09-04,1833,60
APC-Multitenant,3,2019-07-01,2024-09-04,2024-09-05,2024-11-03,1893,60
APC-Multitenant,4,2019-07-01,2024-11-03,2024-11-04,2025-01-02,1953,60
APC-Multitenant,5,2019-07-01,2025-01-02,2025-01-03,2025-03-03,2013,60
APC-Multitenant,6,2019-07-01,2025-03-03,2025-03-04,2025-05-02,2073,60
APC-Multitenant,7,2019-07-01,2025-05-02,2025-05-03,2025-07-01,2133,60
APC-Multitenant,8,2019-07-01,2025-07-01,2025-07-02,2025-08-30,2193,60
APC-Multitenant,9,2019-07-01,2025-08-30,2025-08-31,2025-10-29,2253,60
APC-Multitenant,10,2019-07-01,2025-10-29,2025-10-30,2025-12-28,2313,60
APC-Multitenant,11,2019-07-01,2025-12-28,2025-12-29,2026-02-26,2373,60
APC-Multitenant,12,2019-07-01,2026-02-26,2026-02-27,2026-04-27,2433,60
ARE-Go Local,1,2019-07-01,2024-05-07,2024-05-08,2024-07-06,1773,60
ARE-Go Local,2,2019-07-01,2024-07-06,2024-07-07,2024-09-04,1833,60
ARE-Go Local,3,2019-07-01,2024-09-04,2024-09-05,2024-11-03,1893,60
ARE-Go Local,4,2019-07-01,2024-11-03,2024-11-04,2025-01-02,1953,60
ARE-Go Local,5,2019-07-01,2025-01-02,2025-01-03,2025-03-03,2013,60
ARE-Go Local,6,2019-07-01,2025-03-03,2025-03-04,2025-05-02,2073,60
ARE-Go Local,7,2019-07-01,2025-05-02,2025-05-03,2025-07-01,2133,60
ARE-Go Local,8,2019-07-01,2025-07-01,2025-07-02,2025-08-30,2193,60
ARE-Go Local,9,2019-07-01,2025-08-30,2025-08-31,2025-10-29,2253,60
ARE-Go Local,10,2019-07-01,2025-10-29,2025-10-30,2025-12-28,2313,60
ARE-Go Local,11,2019-07-01,2025-12-28,2025-12-29,2026-02-26,2373,60
ARE-Go Local,12,2019-07-01,2026-02-26,2026-02-27,2026-04-27,2433,60
AUS-Go Local,1,2019-07-01,2024-05-07,2024-05-08,2024-07-06,1773,60
AUS-Go Local,2,2019-07-01,2024-07-06,2024-07-07,2024-09-04,1833,60
AUS-Go Local,3,2019-07-01,2024-09-04,2024-09-05,2024-11-03,1893,60
AUS-Go Local,4,2019-07-01,2024-11-03,2024-11-04,2025-01-02,1953,60
AUS-Go Local,5,2019-07-01,2025-01-02,2025-01-03,2025-03-03,2013,60
AUS-Go Local,6,2019-07-01,2025-03-03,2025-03-04,2025-05-02,2073,60
AUS-Go Local,7,2019-07-01,2025-05-02,2025-05-03,2025-07-01,2133,60
AUS-Go Local,8,2019-07-01,2025-07-01,2025-07-02,2025-08-30,2193,60
AUS-Go Local,9,2019-07-01,2025-08-30,2025-08-31,2025-10-29,2253,60
AUS-Go Local,10,2019-07-01,2025-10-29,2025-10-30,2025-12-28,2313,60
AUS-Go Local,11,2019-07-01,2025-12-28,2025-12-29,2026-02-26,2373,60
AUS-Go Local,12,2019-07-01,2026-02-26,2026-02-27,2026-04-27,2433,60
BRA-Go Local,1,2020-09-22,2024-05-07,2024-05-08,2024-07-06,1324,60
BRA-Go Local,2,2020-09-22,2024-07-06,2024-07-07,2024-09-04,1384,60
BRA-Go Local,3,2020-09-22,2024-09-04,2024-09-05,2024-11-03,1444,60
BRA-Go Local,4,2020-09-22,2024-11-03,2024-11-04,2025-01-02,1504,60
BRA-Go Local,5,2020-09-22,2025-01-02,2025-01-03,2025-03-03,1564,60
BRA-Go Local,6,2020-09-22,2025-03-03,2025-03-04,2025-05-02,1624,60
BRA-Go Local,7,2020-09-22,2025-05-02,2025-05-03,2025-07-01,1684,60
BRA-Go Local,8,2020-09-22,2025-07-01,2025-07-02,2025-08-30,1744,60
BRA-Go Local,9,2020-09-22,2025-08-30,2025-08-31,2025-10-29,1804,60
BRA-Go Local,10,2020-09-22,2025-10-29,2025-10-30,2025-12-28,1864,60
BRA-Go Local,11,2020-09-22,2025-12-28,2025-12-29,2026-02-26,1924,60
BRA-Go Local,12,2020-09-22,2026-02-26,2026-02-27,2026-04-27,1984,60
CAN-Go Local,1,2019-07-01,2024-05-07,2024-05-08,2024-07-06,1773,60
CAN-Go Local,2,2019-07-01,2024-07-06,2024-07-07,2024-09-04,1833,60
CAN-Go Local,3,2019-07-01,2024-09-04,2024-09-05,2024-11-03,1893,60
CAN-Go Local,4,2019-07-01,2024-11-03,2024-11-04,2025-01-02,1953,60
CAN-Go Local,5,2019-07-01,2025-01-02,2025-01-03,2025-03-03,2013,60
CAN-Go Local,6,2019-07-01,2025-03-03,2025-03-04,2025-05-02,2073,60
CAN-Go Local,7,2019-07-01,2025-05-02,2025-05-03,2025-07-01,2133,60
CAN-Go Local,8,2019-07-01,2025-07-01,2025-07-02,2025-08-30,2193,60
CAN-Go Local,9,2019-07-01,2025-08-30,2025-08-31,2025-10-29,2253,60
CAN-Go Local,10,2019-07-01,2025-10-29,2025-10-30,2025-12-28,2313,60
CAN-Go Local,11,2019-07-01,2025-12-28,2025-12-29,2026-02-26,2373,60
CAN-Go Local,12,2019-07-01,2026-02-26,2026-02-27,2026-04-27,2433,60
CHE-Go Local,1,2019-09-28,2024-05-07,2024-05-08,2024-07-06,1684,60
CHE-Go Local,2,2019-09-28,2024-07-06,2024-07-07,2024-09-04,1744,60
CHE-Go Local,3,2019-09-28,2024-09-04,2024-09-05,2024-11-03,1804,60
CHE-Go Local,4,2019-09-28,2024-11-03,2024-11-04,2025-01-02,1864,60
CHE-Go Local,5,2019-09-28,2025-01-02,2025-01-03,2025-03-03,1924,60
CHE-Go Local,6,2019-09-28,2025-03-03,2025-03-04,2025-05-02,1984,60
CHE-Go Local,7,2019-09-28,2025-05-02,2025-05-03,2025-07-01,2044,60
CHE-Go Local,8,2019-09-28,2025-07-01,2025-07-02,2025-08-30,2104,60
CHE-Go Local,9,2019-09-28,2025-08-30,2025-08-31,2025-10-29,2164,60
CHE-Go Local,10,2019-09-28,2025-10-29,2025-10-30,2025-12-28,2224,60
CHE-Go Local,11,2019-09-28,2025-12-28,2025-12-29,2026-02-26,2284,60
CHE-Go Local,12,2019-09-28,2026-02-26,2026-02-27,2026-04-27,2344,60
DEU-Go Local,1,2019-10-31,2024-05-07,2024-05-08,2024-07-06,1651,60
DEU-Go Local,2,2019-10-31,2024-07-06,2024-07-07,2024-09-04,1711,60
DEU-Go Local,3,2019-10-31,2024-09-04,2024-09-05,2024-11-03,1771,60
DEU-Go Local,4,2019-10-31,2024-11-03,2024-11-04,2025-01-02,1831,60
DEU-Go Local,5,2019-10-31,2025-01-02,2025-01-03,2025-03-03,1891,60
DEU-Go Local,6,2019-10-31,2025-03-03,2025-03-04,2025-05-02,1951,60
DEU-Go Local,7,2019-10-31,2025-05-02,2025-05-03,2025-07-01,2011,60
DEU-Go Local,8,2019-10-31,2025-07-01,2025-07-02,2025-08-30,2071,60
DEU-Go Local,9,2019-10-31,2025-08-30,2025-08-31,2025-10-29,2131,60
DEU-Go Local,10,2019-10-31,2025-10-29,2025-10-30,2025-12-28,2191,60
DEU-Go Local,11,2019-10-31,2025-12-28,2025-12-29,2026-02-26,2251,60
DEU-Go Local,12,2019-10-31,2026-02-26,2026-02-27,2026-04-27,2311,60
ESP-Go Local,5,2023-11-17,2025-01-02,2025-01-03,2025-03-03,413,60
ESP-Go Local,6,2023-11-17,2025-03-03,2025-03-04,2025-05-02,473,60
ESP-Go Local,7,2023-11-17,2025-05-02,2025-05-03,2025-07-01,533,60
ESP-Go Local,8,2023-11-17,2025-07-01,2025-07-02,2025-08-30,593,60
ESP-Go Local,9,2023-11-17,2025-08-30,2025-08-31,2025-10-29,653,60
ESP-Go Local,10,2023-11-17,2025-10-29,2025-10-30,2025-12-28,713,60
ESP-Go Local,11,2023-11-17,2025-12-28,2025-12-29,2026-02-26,773,60
ESP-Go Local,12,2023-11-17,2026-02-26,2026-02-27,2026-04-27,833,60
EUR-Dedicated,1,2019-07-01,2024-05-07,2024-05-08,2024-07-06,1773,60
EUR-Dedicated,2,2019-07-01,2024-07-06,2024-07-07,2024-09-04,1833,60
EUR-Dedicated,3,2019-07-01,2024-09-04,2024-09-05,2024-11-03,1893,60
EUR-Dedicated,4,2019-07-01,2024-11-03,2024-11-04,2025-01-02,1953,60
EUR-Dedicated,5,2019-07-01,2025-01-02,2025-01-03,2025-03-03,2013,60
EUR-Dedicated,6,2019-07-01,2025-03-03,2025-03-04,2025-05-02,2073,60
EUR-Dedicated,7,2019-07-01,2025-05-02,2025-05-03,2025-07-01,2133,60
EUR-Dedicated,8,2019-07-01,2025-07-01,2025-07-02,2025-08-30,2193,60
EUR-Dedicated,9,2019-07-01,2025-08-30,2025-08-31,2025-10-29,2253,60
EUR-Dedicated,10,2019-07-01,2025-10-29,2025-10-30,2025-12-28,2313,60
EUR-Dedicated,11,2019-07-01,2025-12-28,2025-12-29,2026-02-26,2373,60
EUR-Dedicated,12,2019-07-01,2026-02-26,2026-02-27,2026-04-27,2433,60
EUR-MSIT,1,2019-07-01,2024-05-07,2024-05-08,2024-07-06,1773,60
EUR-MSIT,2,2019-07-01,2024-07-06,2024-07-07,2024-09-04,1833,60
EUR-MSIT,3,2019-07-01,2024-09-04,2024-09-05,2024-11-03,1893,60
EUR-MSIT,4,2019-07-01,2024-11-03,2024-11-04,2025-01-02,1953,60
EUR-MSIT,5,2019-07-01,2025-01-02,2025-01-03,2025-03-03,2013,60
EUR-MSIT,6,2019-07-01,2025-03-03,2025-03-04,2025-05-02,2073,60
EUR-MSIT,7,2019-07-01,2025-05-02,2025-05-03,2025-07-01,2133,60
EUR-MSIT,8,2019-07-01,2025-07-01,2025-07-02,2025-08-30,2193,60
EUR-MSIT,9,2019-07-01,2025-08-30,2025-08-31,2025-10-29,2253,60
EUR-MSIT,10,2019-07-01,2025-10-29,2025-10-30,2025-12-28,2313,60
EUR-MSIT,11,2019-07-01,2025-12-28,2025-12-29,2026-02-26,2373,60
EUR-MSIT,12,2019-07-01,2026-02-26,2026-02-27,2026-04-27,2433,60
EUR-Multitenant,1,2019-07-01,2024-05-07,2024-05-08,2024-07-06,1773,60
EUR-Multitenant,2,2019-07-01,2024-07-06,2024-07-07,2024-09-04,1833,60
EUR-Multitenant,3,2019-07-01,2024-09-04,2024-09-05,2024-11-03,1893,60
EUR-Multitenant,4,2019-07-01,2024-11-03,2024-11-04,2025-01-02,1953,60
EUR-Multitenant,5,2019-07-01,2025-01-02,2025-01-03,2025-03-03,2013,60
EUR-Multitenant,6,2019-07-01,2025-03-03,2025-03-04,2025-05-02,2073,60
EUR-Multitenant,7,2019-07-01,2025-05-02,2025-05-03,2025-07-01,2133,60
EUR-Multitenant,8,2019-07-01,2025-07-01,2025-07-02,2025-08-30,2193,60
EUR-Multitenant,9,2019-07-01,2025-08-30,2025-08-31,2025-10-29,2253,60
EUR-Multitenant,10,2019-07-01,2025-10-29,2025-10-30,2025-12-28,2313,60
EUR-Multitenant,11,2019-07-01,2025-12-28,2025-12-29,2026-02-26,2373,60
EUR-Multitenant,12,2019-07-01,2026-02-26,2026-02-27,2026-04-27,2433,60
FRA-Go Local,1,2019-07-01,2024-05-07,2024-05-08,2024-07-06,1773,60
FRA-Go Local,2,2019-07-01,2024-07-06,2024-07-07,2024-09-04,1833,60
FRA-Go Local,3,2019-07-01,2024-09-04,2024-09-05,2024-11-03,1893,60
FRA-Go Local,4,2019-07-01,2024-11-03,2024-11-04,2025-01-02,1953,60
FRA-Go Local,5,2019-07-01,2025-01-02,2025-01-03,2025-03-03,2013,60
FRA-Go Local,6,2019-07-01,2025-03-03,2025-03-04,2025-05-02,2073,60
FRA-Go Local,7,2019-07-01,2025-05-02,2025-05-03,2025-07-01,2133,60
FRA-Go Local,8,2019-07-01,2025-07-01,2025-07-02,2025-08-30,2193,60
FRA-Go Local,9,2019-07-01,2025-08-30,2025-08-31,2025-10-29,2253,60
FRA-Go Local,10,2019-07-01,2025-10-29,2025-10-30,2025-12-28,2313,60
FRA-Go Local,11,2019-07-01,2025-12-28,2025-12-29,2026-02-26,2373,60
FRA-Go Local,12,2019-07-01,2026-02-26,2026-02-27,2026-04-27,2433,60
GBR-Dedicated,1,2019-07-01,2024-05-07,2024-05-08,2024-07-06,1773,60
GBR-Dedicated,2,2019-07-01,2024-07-06,2024-07-07,2024-09-04,1833,60
GBR-Dedicated,3,2019-07-01,2024-09-04,2024-09-05,2024-11-03,1893,60
GBR-Dedicated,4,2019-07-01,2024-11-03,2024-11-04,2025-01-02,1953,60
GBR-Dedicated,5,2019-07-01,2025-01-02,2025-01-03,2025-03-03,2013,60
GBR-Dedicated,6,2019-07-01,2025-03-03,2025-03-04,2025-05-02,2073,60
GBR-Dedicated,7,2019-07-01,2025-05-02,2025-05-03,2025-07-01,2133,60
GBR-Dedicated,8,2019-07-01,2025-07-01,2025-07-02,2025-08-30,2193,60
GBR-Dedicated,9,2019-07-01,2025-08-30,2025-08-31,2025-10-29,2253,60
GBR-Dedicated,10,2019-07-01,2025-10-29,2025-10-30,2025-12-28,2313,60
GBR-Dedicated,11,2019-07-01,2025-12-28,2025-12-29,2026-02-26,2373,60
GBR-Dedicated,12,2019-07-01,2026-02-26,2026-02-27,2026-04-27,2433,60
GBR-Go Local,1,2019-07-01,2024-05-07,2024-05-08,2024-07-06,1773,60
GBR-Go Local,2,2019-07-01,2024-07-06,2024-07-07,2024-09-04,1833,60
GBR-Go Local,3,2019-07-01,2024-09-04,2024-09-05,2024-11-03,1893,60
GBR-Go Local,4,2019-07-01,2024-11-03,2024-11-04,2025-01-02,1953,60
GBR-Go Local,5,2019-07-01,2025-01-02,2025-01-03,2025-03-03,2013,60
GBR-Go Local,6,2019-07-01,2025-03-03,2025-03-04,2025-05-02,2073,60
GBR-Go Local,7,2019-07-01,2025-05-02,2025-05-03,2025-07-01,2133,60
GBR-Go Local,8,2019-07-01,2025-07-01,2025-07-02,2025-08-30,2193,60
GBR-Go Local,9,2019-07-01,2025-08-30,2025-08-31,2025-10-29,2253,60
GBR-Go Local,10,2019-07-01,2025-10-29,2025-10-30,2025-12-28,2313,60
GBR-Go Local,11,2019-07-01,2025-12-28,2025-12-29,2026-02-26,2373,60
GBR-Go Local,12,2019-07-01,2026-02-26,2026-02-27,2026-04-27,2433,60
IND-Go Local,1,2019-07-01,2024-05-07,2024-05-08,2024-07-06,1773,60
IND-Go Local,2,2019-07-01,2024-07-06,2024-07-07,2024-09-04,1833,60
IND-Go Local,3,2019-07-01,2024-09-04,2024-09-05,2024-11-03,1893,60
IND-Go Local,4,2019-07-01,2024-11-03,2024-11-04,2025-01-02,1953,60
IND-Go Local,5,2019-07-01,2025-01-02,2025-01-03,2025-03-03,2013,60
IND-Go Local,6,2019-07-01,2025-03-03,2025-03-04,2025-05-02,2073,60
IND-Go Local,7,2019-07-01,2025-05-02,2025-05-03,2025-07-01,2133,60
IND-Go Local,8,2019-07-01,2025-07-01,2025-07-02,2025-08-30,2193,60
IND-Go Local,9,2019-07-01,2025-08-30,2025-08-31,2025-10-29,2253,60
IND-Go Local,10,2019-07-01,2025-10-29,2025-10-30,2025-12-28,2313,60
IND-Go Local,11,2019-07-01,2025-12-28,2025-12-29,2026-02-26,2373,60
IND-Go Local,12,2019-07-01,2026-02-26,2026-02-27,2026-04-27,2433,60
ISR-Go Local,3,2023-07-26,2024-09-04,2024-09-05,2024-11-03,407,60
ISR-Go Local,4,2023-07-26,2024-11-03,2024-11-04,2025-01-02,467,60
ISR-Go Local,5,2023-07-26,2025-01-02,2025-01-03,2025-03-03,527,60
ISR-Go Local,6,2023-07-26,2025-03-03,2025-03-04,2025-05-02,587,60
ISR-Go Local,7,2023-07-26,2025-05-02,2025-05-03,2025-07-01,647,60
ISR-Go Local,8,2023-07-26,2025-07-01,2025-07-02,2025-08-30,707,60
ISR-Go Local,9,2023-07-26,2025-08-30,2025-08-31,2025-10-29,767,60
ISR-Go Local,10,2023-07-26,2025-10-29,2025-10-30,2025-12-28,827,60
ISR-Go Local,11,2023-07-26,2025-12-28,2025-12-29,2026-02-26,887,60
ISR-Go Local,12,2023-07-26,2026-02-26,2026-02-27,2026-04-27,947,60
ITA-Go Local,3,2023-07-26,2024-09-04,2024-09-05,2024-11-03,407,60
ITA-Go Local,4,2023-07-26,2024-11-03,2024-11-04,2025-01-02,467,60
ITA-Go Local,5,2023-07-26,2025-01-02,2025-01-03,2025-03-03,527,60
ITA-Go Local,6,2023-07-26,2025-03-03,2025-03-04,2025-05-02,587,60
ITA-Go Local,7,2023-07-26,2025-05-02,2025-05-03,2025-07-01,647,60
ITA-Go Local,8,2023-07-26,2025-07-01,2025-07-02,2025-08-30,707,60
ITA-Go Local,9,2023-07-26,2025-08-30,2025-08-31,2025-10-29,767,60
ITA-Go Local,10,2023-07-26,2025-10-29,2025-10-30,2025-12-28,827,60
ITA-Go Local,11,2023-07-26,2025-12-28,2025-12-29,2026-02-26,887,60
ITA-Go Local,12,2023-07-26,2026-02-26,2026-02-27,2026-04-27,947,60
JPN-Go Local,1,2019-07-01,2024-05-07,2024-05-08,2024-07-06,1773,60
JPN-Go Local,2,2019-07-01,2024-07-06,2024-07-07,2024-09-04,1833,60
JPN-Go Local,3,2019-07-01,2024-09-04,2024-09-05,2024-11-03,1893,60
JPN-Go Local,4,2019-07-01,2024-11-03,2024-11-04,2025-01-02,1953,60
JPN-Go Local,5,2019-07-01,2025-01-02,2025-01-03,2025-03-03,2013,60
JPN-Go Local,6,2019-07-01,2025-03-03,2025-03-04,2025-05-02,2073,60
JPN-Go Local,7,2019-07-01,2025-05-02,2025-05-03,2025-07-01,2133,60
JPN-Go Local,8,2019-07-01,2025-07-01,2025-07-02,2025-08-30,2193,60
JPN-Go Local,9,2019-07-01,2025-08-30,2025-08-31,2025-10-29,2253,60
JPN-Go Local,10,2019-07-01,2025-10-29,2025-10-30,2025-12-28,2313,60
JPN-Go Local,11,2019-07-01,2025-12-28,2025-12-29,2026-02-26,2373,60
JPN-Go Local,12,2019-07-01,2026-02-26,2026-02-27,2026-04-27,2433,60
KOR-Go Local,1,2019-07-01,2024-05-07,2024-05-08,2024-07-06,1773,60
KOR-Go Local,2,2019-07-01,2024-07-06,2024-07-07,2024-09-04,1833,60
KOR-Go Local,3,2019-07-01,2024-09-04,2024-09-05,2024-11-03,1893,60
KOR-Go Local,4,2019-07-01,2024-11-03,2024-11-04,2025-01-02,1953,60
KOR-Go Local,5,2019-07-01,2025-01-02,2025-01-03,2025-03-03,2013,60
KOR-Go Local,6,2019-07-01,2025-03-03,2025-03-04,2025-05-02,2073,60
KOR-Go Local,7,2019-07-01,2025-05-02,2025-05-03,2025-07-01,2133,60
KOR-Go Local,8,2019-07-01,2025-07-01,2025-07-02,2025-08-30,2193,60
KOR-Go Local,9,2019-07-01,2025-08-30,2025-08-31,2025-10-29,2253,60
KOR-Go Local,10,2019-07-01,2025-10-29,2025-10-30,2025-12-28,2313,60
KOR-Go Local,11,2019-07-01,2025-12-28,2025-12-29,2026-02-26,2373,60
KOR-Go Local,12,2019-07-01,2026-02-26,2026-02-27,2026-04-27,2433,60
LAM-Multitenant,1,2019-07-01,2024-05-07,2024-05-08,2024-07-06,1773,60
LAM-Multitenant,2,2019-07-01,2024-07-06,2024-07-07,2024-09-04,1833,60
LAM-Multitenant,3,2019-07-01,2024-09-04,2024-09-05,2024-11-03,1893,60
LAM-Multitenant,4,2019-07-01,2024-11-03,2024-11-04,2025-01-02,1953,60
LAM-Multitenant,5,2019-07-01,2025-01-02,2025-01-03,2025-03-03,2013,60
LAM-Multitenant,6,2019-07-01,2025-03-03,2025-03-04,2025-05-02,2073,60
LAM-Multitenant,7,2019-07-01,2025-05-02,2025-05-03,2025-07-01,2133,60
LAM-Multitenant,8,2019-07-01,2025-07-01,2025-07-02,2025-08-30,2193,60
LAM-Multitenant,9,2019-07-01,2025-08-30,2025-08-31,2025-10-29,2253,60
LAM-Multitenant,10,2019-07-01,2025-10-29,2025-10-30,2025-12-28,2313,60
LAM-Multitenant,11,2019-07-01,2025-12-28,2025-12-29,2026-02-26,2373,60
LAM-Multitenant,12,2019-07-01,2026-02-26,2026-02-27,2026-04-27,2433,60
MEX-Go Local,3,2023-07-26,2024-09-04,2024-09-05,2024-11-03,407,60
MEX-Go Local,4,2023-07-26,2024-11-03,2024-11-04,2025-01-02,467,60
MEX-Go Local,5,2023-07-26,2025-01-02,2025-01-03,2025-03-03,527,60
MEX-Go Local,6,2023-07-26,2025-03-03,2025-03-04,2025-05-02,587,60
MEX-Go Local,7,2023-07-26,2025-05-02,2025-05-03,2025-07-01,647,60
MEX-Go Local,8,2023-07-26,2025-07-01,2025-07-02,2025-08-30,707,60
MEX-Go Local,9,2023-07-26,2025-08-30,2025-08-31,2025-10-29,767,60
MEX-Go Local,10,2023-07-26,2025-10-29,2025-10-30,2025-12-28,827,60
MEX-Go Local,11,2023-07-26,2025-12-28,2025-12-29,2026-02-26,887,60
MEX-Go Local,12,2023-07-26,2026-02-26,2026-02-27,2026-04-27,947,60
NAM-Dedicated,1,2019-07-01,2024-05-07,2024-05-08,2024-07-06,1773,60
NAM-Dedicated,2,2019-07-01,2024-07-06,2024-07-07,2024-09-04,1833,60
NAM-Dedicated,3,2019-07-01,2024-09-04,2024-09-05,2024-11-03,1893,60
NAM-Dedicated,4,2019-07-01,2024-11-03,2024-11-04,2025-01-02,1953,60
NAM-Dedicated,5,2019-07-01,2025-01-02,2025-01-03,2025-03-03,2013,60
NAM-Dedicated,6,2019-07-01,2025-03-03,2025-03-04,2025-05-02,2073,60
NAM-Dedicated,7,2019-07-01,2025-05-02,2025-05-03,2025-07-01,2133,60
NAM-Dedicated,8,2019-07-01,2025-07-01,2025-07-02,2025-08-30,2193,60
NAM-Dedicated,9,2019-07-01,2025-08-30,2025-08-31,2025-10-29,2253,60
NAM-Dedicated,10,2019-07-01,2025-10-29,2025-10-30,2025-12-28,2313,60
NAM-Dedicated,11,2019-07-01,2025-12-28,2025-12-29,2026-02-26,2373,60
NAM-Dedicated,12,2019-07-01,2026-02-26,2026-02-27,2026-04-27,2433,60
NAM-GCC Low,1,2019-07-01,2024-05-07,2024-05-08,2024-07-06,1773,60
NAM-GCC Low,2,2019-07-01,2024-07-06,2024-07-07,2024-09-04,1833,60
NAM-GCC Low,3,2019-07-01,2024-09-04,2024-09-05,2024-11-03,1893,60
NAM-GCC Low,4,2019-07-01,2024-11-03,2024-11-04,2025-01-02,1953,60
NAM-GCC Low,5,2019-07-01,2025-01-02,2025-01-03,2025-03-03,2013,60
NAM-GCC Low,6,2019-07-01,2025-03-03,2025-03-04,2025-05-02,2073,60
NAM-GCC Low,7,2019-07-01,2025-05-02,2025-05-03,2025-07-01,2133,60
NAM-GCC Low,8,2019-07-01,2025-07-01,2025-07-02,2025-08-30,2193,60
NAM-GCC Low,9,2019-07-01,2025-08-30,2025-08-31,2025-10-29,2253,60
NAM-GCC Low,10,2019-07-01,2025-10-29,2025-10-30,2025-12-28,2313,60
NAM-GCC Low,11,2019-07-01,2025-12-28,2025-12-29,2026-02-26,2373,60
NAM-GCC Low,12,2019-07-01,2026-02-26,2026-02-27,2026-04-27,2433,60
NAM-ITAR DoD,1,2019-07-01,2024-05-07,2024-05-08,2024-07-06,1773,60
NAM-ITAR DoD,2,2019-07-01,2024-07-06,2024-07-07,2024-09-04,1833,60
NAM-ITAR DoD,3,2019-07-01,2024-09-04,2024-09-05,2024-11-03,1893,60
NAM-ITAR DoD,4,2019-07-01,2024-11-03,2024-11-04,2025-01-02,1953,60
NAM-ITAR DoD,5,2019-07-01,2025-01-02,2025-01-03,2025-03-03,2013,60
NAM-ITAR DoD,6,2019-07-01,2025-03-03,2025-03-04,2025-05-02,2073,60
NAM-ITAR DoD,7,2019-07-01,2025-05-02,2025-05-03,2025-07-01,2133,60
NAM-ITAR DoD,8,2019-07-01,2025-07-01,2025-07-02,2025-08-30,2193,60
NAM-ITAR DoD,9,2019-07-01,2025-08-30,2025-08-31,2025-10-29,2253,60
NAM-ITAR DoD,10,2019-07-01,2025-10-29,2025-10-30,2025-12-28,2313,60
NAM-ITAR DoD,11,2019-07-01,2025-12-28,2025-12-29,2026-02-26,2373,60
NAM-ITAR DoD,12,2019-07-01,2026-02-26,2026-02-27,2026-04-27,2433,60
NAM-ITAR GCCH,1,2019-07-01,2024-05-07,2024-05-08,2024-07-06,1773,60
NAM-ITAR GCCH,2,2019-07-01,2024-07-06,2024-07-07,2024-09-04,1833,60
NAM-ITAR GCCH,3,2019-07-01,2024-09-04,2024-09-05,2024-11-03,1893,60
NAM-ITAR GCCH,4,2019-07-01,2024-11-03,2024-11-04,2025-01-02,1953,60
NAM-ITAR GCCH,5,2019-07-01,2025-01-02,2025-01-03,2025-03-03,2013,60
NAM-ITAR GCCH,6,2019-07-01,2025-03-03,2025-03-04,2025-05-02,2073,60
NAM-ITAR GCCH,7,2019-07-01,2025-05-02,2025-05-03,2025-07-01,2133,60
NAM-ITAR GCCH,8,2019-07-01,2025-07-01,2025-07-02,2025-08-30,2193,60
NAM-ITAR GCCH,9,2019-07-01,2025-08-30,2025-08-31,2025-10-29,2253,60
NAM-ITAR GCCH,10,2019-07-01,2025-10-29,2025-10-30,2025-12-28,2313,60
NAM-ITAR GCCH,11,2019-07-01,2025-12-28,2025-12-29,2026-02-26,2373,60
NAM-ITAR GCCH,12,2019-07-01,2026-02-26,2026-02-27,2026-04-27,2433,60
NAM-MSIT,1,2019-07-01,2024-05-07,2024-05-08,2024-07-06,1773,60
NAM-MSIT,2,2019-07-01,2024-07-06,2024-07-07,2024-09-04,1833,60
NAM-MSIT,3,2019-07-01,2024-09-04,2024-09-05,2024-11-03,1893,60
NAM-MSIT,4,2019-07-01,2024-11-03,2024-11-04,2025-01-02,1953,60
NAM-MSIT,5,2019-07-01,2025-01-02,2025-01-03,2025-03-03,2013,60
NAM-MSIT,6,2019-07-01,2025-03-03,2025-03-04,2025-05-02,2073,60
NAM-MSIT,7,2019-07-01,2025-05-02,2025-05-03,2025-07-01,2133,60
NAM-MSIT,8,2019-07-01,2025-07-01,2025-07-02,2025-08-30,2193,60
NAM-MSIT,9,2019-07-01,2025-08-30,2025-08-31,2025-10-29,2253,60
NAM-MSIT,10,2019-07-01,2025-10-29,2025-10-30,2025-12-28,2313,60
NAM-MSIT,11,2019-07-01,2025-12-28,2025-12-29,2026-02-26,2373,60
NAM-MSIT,12,2019-07-01,2026-02-26,2026-02-27,2026-04-27,2433,60
NAM-Multitenant,1,2019-07-01,2024-05-07,2024-05-08,2024-07-06,1773,60
NAM-Multitenant,2,2019-07-01,2024-07-06,2024-07-07,2024-09-04,1833,60
NAM-Multitenant,3,2019-07-01,2024-09-04,2024-09-05,2024-11-03,1893,60
NAM-Multitenant,4,2019-07-01,2024-11-03,2024-11-04,2025-01-02,1953,60
NAM-Multitenant,5,2019-07-01,2025-01-02,2025-01-03,2025-03-03,2013,60
NAM-Multitenant,6,2019-07-01,2025-03-03,2025-03-04,2025-05-02,2073,60
NAM-Multitenant,7,2019-07-01,2025-05-02,2025-05-03,2025-07-01,2133,60
NAM-Multitenant,8,2019-07-01,2025-07-01,2025-07-02,2025-08-30,2193,60
NAM-Multitenant,9,2019-07-01,2025-08-30,2025-08-31,2025-10-29,2253,60
NAM-Multitenant,10,2019-07-01,2025-10-29,2025-10-30,2025-12-28,2313,60
NAM-Multitenant,11,2019-07-01,2025-12-28,2025-12-29,2026-02-26,2373,60
NAM-Multitenant,12,2019-07-01,2026-02-26,2026-02-27,2026-04-27,2433,60
NAM-SDF,1,2019-07-01,2024-05-07,2024-05-08,2024-07-06,1757,60
NAM-SDF,2,2019-07-01,2024-07-06,2024-07-07,2024-09-04,1817,60
NAM-SDF,3,2019-07-01,2024-09-04,2024-09-05,2024-11-03,1877,60
NAM-SDF,4,2019-07-01,2024-11-03,2024-11-04,2025-01-02,1937,60
NAM-SDF,5,2019-07-01,2025-01-02,2025-01-03,2025-03-03,1997,60
NAM-SDF,6,2019-07-01,2025-03-03,2025-03-04,2025-05-02,2057,60
NAM-SDF,7,2019-07-01,2025-05-02,2025-05-03,2025-07-01,2117,60
NAM-SDF,8,2019-07-01,2025-07-01,2025-07-02,2025-08-30,2177,60
NAM-SDF,9,2019-07-01,2025-08-30,2025-08-31,2025-10-29,2237,60
NAM-SDF,10,2019-07-01,2025-10-29,2025-10-30,2025-12-28,2297,60
NAM-SDF,11,2019-07-01,2025-12-28,2025-12-29,2026-02-26,2357,60
NAM-SDF,12,2019-07-01,2026-02-26,2026-02-27,2026-04-27,2417,60
NAM-TDF,1,2021-01-09,2024-05-07,2024-05-08,2024-07-06,1192,60
NAM-TDF,3,2021-01-09,2024-09-04,2024-09-05,2024-11-03,1309,60
NAM-TDF,4,2021-01-09,2024-11-03,2024-11-04,2025-01-02,1369,60
NAM-TDF,5,2021-01-09,2025-01-02,2025-01-03,2025-03-03,1429,60
NAM-TDF,6,2021-01-09,2025-03-03,2025-03-04,2025-05-02,1489,60
NAM-TDF,7,2021-01-09,2025-05-02,2025-05-03,2025-07-01,1549,60
NAM-TDF,8,2021-01-09,2025-07-01,2025-07-02,2025-08-30,1609,60
NAM-TDF,9,2021-01-09,2025-08-30,2025-08-31,2025-10-29,1669,60
NAM-TDF,10,2021-01-09,2025-10-29,2025-10-30,2025-12-28,1729,60
NAM-TDF,11,2021-01-09,2025-12-28,2025-12-29,2026-02-26,1789,60
NAM-TDF,12,2021-01-09,2026-02-26,2026-02-27,2026-04-27,1849,60
NOR-Go Local,1,2020-03-08,2024-05-07,2024-05-08,2024-07-06,1522,60
NOR-Go Local,2,2020-03-08,2024-07-06,2024-07-07,2024-09-04,1582,60
NOR-Go Local,3,2020-03-08,2024-09-04,2024-09-05,2024-11-03,1642,60
NOR-Go Local,4,2020-03-08,2024-11-03,2024-11-04,2025-01-02,1702,60
NOR-Go Local,5,2020-03-08,2025-01-02,2025-01-03,2025-03-03,1762,60
NOR-Go Local,6,2020-03-08,2025-03-03,2025-03-04,2025-05-02,1822,60
NOR-Go Local,7,2020-03-08,2025-05-02,2025-05-03,2025-07-01,1882,60
NOR-Go Local,8,2020-03-08,2025-07-01,2025-07-02,2025-08-30,1942,60
NOR-Go Local,9,2020-03-08,2025-08-30,2025-08-31,2025-10-29,2002,60
NOR-Go Local,10,2020-03-08,2025-10-29,2025-10-30,2025-12-28,2062,60
NOR-Go Local,11,2020-03-08,2025-12-28,2025-12-29,2026-02-26,2122,60
NOR-Go Local,12,2020-03-08,2026-02-26,2026-02-27,2026-04-27,2182,60
NZL-Go Local,10,2024-09-14,2025-10-29,2025-10-30,2025-12-28,411,60
NZL-Go Local,11,2024-09-14,2025-12-28,2025-12-29,2026-02-26,471,60
NZL-Go Local,12,2024-09-14,2026-02-26,2026-02-27,2026-04-27,531,60
POL-Go Local,1,2022-12-13,2024-05-07,2024-05-08,2024-07-06,512,60
POL-Go Local,2,2022-12-13,2024-07-06,2024-07-07,2024-09-04,572,60
POL-Go Local,3,2022-12-13,2024-09-04,2024-09-05,2024-11-03,632,60
POL-Go Local,4,2022-12-13,2024-11-03,2024-11-04,2025-01-02,692,60
POL-Go Local,5,2022-12-13,2025-01-02,2025-01-03,2025-03-03,752,60
POL-Go Local,6,2022-12-13,2025-03-03,2025-03-04,2025-05-02,812,60
POL-Go Local,7,2022-12-13,2025-05-02,2025-05-03,2025-07-01,872,60
POL-Go Local,8,2022-12-13,2025-07-01,2025-07-02,2025-08-30,932,60
POL-Go Local,9,2022-12-13,2025-08-30,2025-08-31,2025-10-29,992,60
POL-Go Local,10,2022-12-13,2025-10-29,2025-10-30,2025-12-28,1052,60
POL-Go Local,11,2022-12-13,2025-12-28,2025-12-29,2026-02-26,1112,60
POL-Go Local,12,2022-12-13,2026-02-26,2026-02-27,2026-04-27,1172,60
QAT-Go Local,1,2022-06-09,2024-05-07,2024-05-08,2024-07-06,699,60
QAT-Go Local,2,2022-06-09,2024-07-06,2024-07-07,2024-09-04,759,60
QAT-Go Local,3,2022-06-09,2024-09-04,2024-09-05,2024-11-03,819,60
QAT-Go Local,4,2022-06-09,2024-11-03,2024-11-04,2025-01-02,879,60
QAT-Go Local,5,2022-06-09,2025-01-02,2025-01-03,2025-03-03,939,60
QAT-Go Local,6,2022-06-09,2025-03-03,2025-03-04,2025-05-02,999,60
QAT-Go Local,7,2022-06-09,2025-05-02,2025-05-03,2025-07-01,1059,60
QAT-Go Local,8,2022-06-09,2025-07-01,2025-07-02,2025-08-30,1119,60
QAT-Go Local,9,2022-06-09,2025-08-30,2025-08-31,2025-10-29,1179,60
QAT-Go Local,10,2022-06-09,2025-10-29,2025-10-30,2025-12-28,1239,60
QAT-Go Local,11,2022-06-09,2025-12-28,2025-12-29,2026-02-26,1299,60
QAT-Go Local,12,2022-06-09,2026-02-26,2026-02-27,2026-04-27,1359,60
SGP-Go Local,1,2019-07-01,2024-05-07,2024-05-08,2024-07-06,1773,60
SGP-Go Local,2,2019-07-01,2024-07-06,2024-07-07,2024-09-04,1833,60
SGP-Go Local,3,2019-07-01,2024-09-04,2024-09-05,2024-11-03,1893,60
SGP-Go Local,4,2019-07-01,2024-11-03,2024-11-04,2025-01-02,1953,60
SGP-Go Local,5,2019-07-01,2025-01-02,2025-01-03,2025-03-03,2013,60
SGP-Go Local,6,2019-07-01,2025-03-03,2025-03-04,2025-05-02,2073,60
SGP-Go Local,7,2019-07-01,2025-05-02,2025-05-03,2025-07-01,2133,60
SGP-Go Local,10,2019-07-01,2025-10-29,2025-10-30,2025-12-28,2309,60
SGP-Go Local,11,2019-07-01,2025-12-28,2025-12-29,2026-02-26,2369,60
SGP-Go Local,12,2019-07-01,2026-02-26,2026-02-27,2026-04-27,2429,60
SWE-Go Local,1,2021-10-23,2024-05-07,2024-05-08,2024-07-06,928,60
SWE-Go Local,2,2021-10-23,2024-07-06,2024-07-07,2024-09-04,988,60
SWE-Go Local,3,2021-10-23,2024-09-04,2024-09-05,2024-11-03,1048,60
SWE-Go Local,4,2021-10-23,2024-11-03,2024-11-04,2025-01-02,1108,60
SWE-Go Local,5,2021-10-23,2025-01-02,2025-01-03,2025-03-03,1168,60
SWE-Go Local,6,2021-10-23,2025-03-03,2025-03-04,2025-05-02,1228,60
SWE-Go Local,7,2021-10-23,2025-05-02,2025-05-03,2025-07-01,1288,60
SWE-Go Local,8,2021-10-23,2025-07-01,2025-07-02,2025-08-30,1348,60
SWE-Go Local,9,2021-10-23,2025-08-30,2025-08-31,2025-10-29,1408,60
SWE-Go Local,10,2021-10-23,2025-10-29,2025-10-30,2025-12-28,1468,60
SWE-Go Local,11,2021-10-23,2025-12-28,2025-12-29,2026-02-26,1528,60
SWE-Go Local,12,2021-10-23,2026-02-26,2026-02-27,2026-04-27,1588,60
TWN-Go Local,10,2024-09-13,2025-10-29,2025-10-30,2025-12-28,412,60
TWN-Go Local,11,2024-09-13,2025-12-28,2025-12-29,2026-02-26,472,60
TWN-Go Local,12,2024-09-13,2026-02-26,2026-02-27,2026-04-27,532,60
ZAF-Go Local,1,2019-07-01,2024-05-07,2024-05-08,2024-07-06,1773,60
ZAF-Go Local,2,2019-07-01,2024-07-06,2024-07-07,2024-09-04,1833,60
ZAF-Go Local,3,2019-07-01,2024-09-04,2024-09-05,2024-11-03,1893,60
ZAF-Go Local,4,2019-07-01,2024-11-03,2024-11-04,2025-01-02,1953,60
ZAF-Go Local,5,2019-07-01,2025-01-02,2025-01-03,2025-03-03,2013,60
ZAF-Go Local,6,2019-07-01,2025-03-03,2025-03-04,2025-05-02,2073,60
ZAF-Go Local,7,2019-07-01,2025-05-02,2025-05-03,2025-07-01,2133,60
ZAF-Go Local,10,2019-07-01,2025-10-29,2025-10-30,2025-12-28,2309,60
ZAF-Go Local,11,2019-07-01,2025-12-28,2025-12-29,2026-02-26,2369,60
ZAF-Go Local,12,2019-07-01,2026-02-26,2026-02-27,2026-04-27,2429,60
