run_id,entity_key,window_id,training_start_date,train_end_date,training_observations,denominator_observations,mase_denominator_mae_raw,mase_denominator_mae,mase_denominator_floored,rmsse_denominator_mse_raw,rmsse_denominator_mse,rmsse_denominator_floored,created_timestamp
denominator_reconciliation_20260612_144136,APC-Dedicated,1,2019-07-01,2025-05-02,2131,2130,1.945896260093897,1.945896260093897,False,684.3370182568166,684.3370182568166,False,2026-06-12T14:41:36
denominator_reconciliation_20260612_144136,APC-Dedicated,2,2019-07-01,2025-06-01,2161,2160,2.0485902615740743,2.0485902615740743,False,685.7312872838161,685.7312872838161,False,2026-06-12T14:41:36
denominator_reconciliation_20260612_144136,APC-Dedicated,3,2019-07-01,2025-07-01,2191,2190,2.417680256164384,2.417680256164384,False,705.6589391049331,705.6589391049331,False,2026-06-12T14:41:36
denominator_reconciliation_20260612_144136,APC-Dedicated,4,2019-07-01,2025-07-31,2221,2220,2.4083128968468475,2.4083128968468475,False,696.2925720613566,696.2925720613566,False,2026-06-12T14:41:36
denominator_reconciliation_20260612_144136,APC-Dedicated,5,2019-07-01,2025-08-30,2251,2250,2.383121795555556,2.383121795555556,False,687.0166997814845,687.0166997814845,False,2026-06-12T14:41:36
denominator_reconciliation_20260612_144136,APC-Dedicated,6,2019-07-01,2025-09-29,2281,2280,2.357009958333334,2.357009958333334,False,677.9803412756737,677.9803412756737,False,2026-06-12T14:41:36
denominator_reconciliation_20260612_144136,APC-Dedicated,7,2019-07-01,2025-10-29,2311,2310,2.3321813008658014,2.3321813008658014,False,669.178576024628,669.178576024628,False,2026-06-12T14:41:36
denominator_reconciliation_20260612_144136,APC-Dedicated,8,2019-07-01,2025-11-28,2341,2340,2.308471160256411,2.308471160256411,False,660.6038623493534,660.6038623493534,False,2026-06-12T14:41:36
denominator_reconciliation_20260612_144136,APC-Dedicated,9,2019-07-01,2025-12-28,2371,2370,2.2878407409282713,2.2878407409282713,False,652.2654264012745,652.2654264012745,False,2026-06-12T14:41:36
denominator_reconciliation_20260612_144136,APC-Dedicated,10,2019-07-01,2026-01-27,2401,2400,2.789373885416668,2.789373885416668,False,738.1819696440588,738.1819696440588,False,2026-06-12T14:41:36
denominator_reconciliation_20260612_144136,APC-Dedicated,11,2019-07-01,2026-02-26,2431,2430,2.773597172016461,2.773597172016461,False,729.1459855547479,729.1459855547479,False,2026-06-12T14:41:36
denominator_reconciliation_20260612_144136,APC-Dedicated,12,2019-07-01,2026-03-28,2461,2460,2.7399025979674803,2.7399025979674803,False,720.2539639112184,720.2539639112184,False,2026-06-12T14:41:36
denominator_reconciliation_20260612_144136,APC-MSIT,1,2019-07-01,2025-05-02,2133,2132,19.054072439884614,19.054072439884614,False,14797.168735098625,14797.168735098625,False,2026-06-12T14:41:36
denominator_reconciliation_20260612_144136,APC-MSIT,2,2019-07-01,2025-06-01,2163,2162,18.855374090117483,18.855374090117483,False,14593.259737940118,14593.259737940118,False,2026-06-12T14:41:36
denominator_reconciliation_20260612_144136,APC-MSIT,3,2019-07-01,2025-07-01,2193,2192,18.722272006767337,18.722272006767337,False,14396.408022522233,14396.408022522233,False,2026-06-12T14:41:36
denominator_reconciliation_20260612_144136,APC-MSIT,4,2019-07-01,2025-07-31,2223,2222,18.60161842971827,18.60161842971827,False,14205.572716417131,14205.572716417131,False,2026-06-12T14:41:36
denominator_reconciliation_20260612_144136,APC-MSIT,5,2019-07-01,2025-08-30,2253,2252,19.192399042999106,19.192399042999106,False,14619.842040641486,14619.842040641486,False,2026-06-12T14:41:36
denominator_reconciliation_20260612_144136,APC-MSIT,6,2019-07-01,2025-09-29,2283,2282,19.02181768529097,19.02181768529097,False,14430.25573934025,14430.25573934025,False,2026-06-12T14:41:36
denominator_reconciliation_20260612_144136,APC-MSIT,7,2019-07-01,2025-10-29,2313,2312,18.828990348544114,18.828990348544114,False,14243.701989279612,14243.701989279612,False,2026-06-12T14:41:36
denominator_reconciliation_20260612_144136,APC-MSIT,8,2019-07-01,2025-11-28,2343,2342,18.601609272345858,18.601609272345858,False,14061.278472852204,14061.278472852204,False,2026-06-12T14:41:36
denominator_reconciliation_20260612_144136,APC-MSIT,9,2019-07-01,2025-12-28,2373,2372,18.414931182897973,18.414931182897973,False,13884.149391606756,13884.149391606756,False,2026-06-12T14:41:36
denominator_reconciliation_20260612_144136,APC-MSIT,10,2019-07-01,2026-01-27,2403,2402,18.197495516999997,18.197495516999997,False,13710.763643396533,13710.763643396533,False,2026-06-12T14:41:36
denominator_reconciliation_20260612_144136,APC-MSIT,11,2019-07-01,2026-02-26,2433,2432,17.99886366481661,17.99886366481661,False,13541.744361962363,13541.744361962363,False,2026-06-12T14:41:36
denominator_reconciliation_20260612_144136,APC-MSIT,12,2019-07-01,2026-03-28,2463,2462,17.801972460127534,17.801972460127534,False,13376.820877251792,13376.820877251792,False,2026-06-12T14:41:36
denominator_reconciliation_20260612_144136,APC-Multitenant,1,2019-07-01,2025-05-02,2133,2132,622.0842613084909,622.0842613084909,False,8927520.26377704,8927520.26377704,False,2026-06-12T14:41:36
denominator_reconciliation_20260612_144136,APC-Multitenant,2,2019-07-01,2025-06-01,2163,2162,618.5962310220641,618.5962310220641,False,8807272.798411714,8807272.798411714,False,2026-06-12T14:41:36
denominator_reconciliation_20260612_144136,APC-Multitenant,3,2019-07-01,2025-07-01,2193,2192,622.6591947617255,622.6591947617255,False,8705343.1835347,8705343.1835347,False,2026-06-12T14:41:36
denominator_reconciliation_20260612_144136,APC-Multitenant,4,2019-07-01,2025-07-31,2223,2222,619.106986678534,619.106986678534,False,8591054.438205441,8591054.438205441,False,2026-06-12T14:41:36
denominator_reconciliation_20260612_144136,APC-Multitenant,5,2019-07-01,2025-08-30,2253,2252,696.7082316104364,696.7082316104364,False,17467161.560642336,17467161.560642336,False,2026-06-12T14:41:36
denominator_reconciliation_20260612_144136,APC-Multitenant,6,2019-07-01,2025-09-29,2283,2282,776.4620073841818,776.4620073841818,False,20464579.721834388,20464579.721834388,False,2026-06-12T14:41:36
denominator_reconciliation_20260612_144136,APC-Multitenant,7,2019-07-01,2025-10-29,2313,2312,773.4048254669995,773.4048254669995,False,20205178.873420913,20205178.873420913,False,2026-06-12T14:41:36
denominator_reconciliation_20260612_144136,APC-Multitenant,8,2019-07-01,2025-11-28,2343,2342,768.4897417991898,768.4897417991898,False,19949297.962950684,19949297.962950684,False,2026-06-12T14:41:36
denominator_reconciliation_20260612_144136,APC-Multitenant,9,2019-07-01,2025-12-28,2373,2372,762.6780270416116,762.6780270416116,False,19699409.085503846,19699409.085503846,False,2026-06-12T14:41:36
denominator_reconciliation_20260612_144136,APC-Multitenant,10,2019-07-01,2026-01-27,2403,2402,756.7987996780612,756.7987996780612,False,19455186.674325727,19455186.674325727,False,2026-06-12T14:41:36
denominator_reconciliation_20260612_144136,APC-Multitenant,11,2019-07-01,2026-02-26,2433,2432,753.0354057256179,753.0354057256179,False,19218336.25333972,19218336.25333972,False,2026-06-12T14:41:36
denominator_reconciliation_20260612_144136,APC-Multitenant,12,2019-07-01,2026-03-28,2463,2462,747.7162692525195,747.7162692525195,False,18985977.50097613,18985977.50097613,False,2026-06-12T14:41:36
denominator_reconciliation_20260612_144136,ARE-Go Local,1,2019-07-01,2025-05-02,2133,2132,31.49347179978546,31.49347179978546,False,47030.81292664591,47030.81292664591,False,2026-06-12T14:41:36
denominator_reconciliation_20260612_144136,ARE-Go Local,2,2019-07-01,2025-06-01,2163,2162,31.658661215144583,31.658661215144583,False,46416.27755419534,46416.27755419534,False,2026-06-12T14:41:36
denominator_reconciliation_20260612_144136,ARE-Go Local,3,2019-07-01,2025-07-01,2193,2192,31.90791003610519,31.90791003610519,False,45831.855176760044,45831.855176760044,False,2026-06-12T14:41:36
denominator_reconciliation_20260612_144136,ARE-Go Local,4,2019-07-01,2025-07-31,2223,2222,32.149508952359405,32.149508952359405,False,45272.321760395695,45272.321760395695,False,2026-06-12T14:41:36
denominator_reconciliation_20260612_144136,ARE-Go Local,5,2019-07-01,2025-08-30,2253,2252,33.32162925095142,33.32162925095142,False,45895.97946706245,45895.97946706245,False,2026-06-12T14:41:36
denominator_reconciliation_20260612_144136,ARE-Go Local,6,2019-07-01,2025-09-29,2283,2282,34.56573193433068,34.56573193433068,False,46396.60924650736,46396.60924650736,False,2026-06-12T14:41:36
denominator_reconciliation_20260612_144136,ARE-Go Local,7,2019-07-01,2025-10-29,2313,2312,34.804943946428466,34.804943946428466,False,45837.27439531544,45837.27439531544,False,2026-06-12T14:41:36
denominator_reconciliation_20260612_144136,ARE-Go Local,8,2019-07-01,2025-11-28,2343,2342,35.0330788822129,35.0330788822129,False,45300.0966629301,45300.0966629301,False,2026-06-12T14:41:36
denominator_reconciliation_20260612_144136,ARE-Go Local,9,2019-07-01,2025-12-28,2373,2372,35.089128552336675,35.089128552336675,False,44753.84560208372,44753.84560208372,False,2026-06-12T14:41:36
denominator_reconciliation_20260612_144136,ARE-Go Local,10,2019-07-01,2026-01-27,2403,2402,34.82127746425585,34.82127746425585,False,44199.86827449657,44199.86827449657,False,2026-06-12T14:41:36
denominator_reconciliation_20260612_144136,ARE-Go Local,11,2019-07-01,2026-02-26,2433,2432,34.6081509560619,34.6081509560619,False,43661.16165176322,43661.16165176322,False,2026-06-12T14:41:36
denominator_reconciliation_20260612_144136,ARE-Go Local,12,2019-07-01,2026-03-28,2463,2462,38.92977818608552,38.92977818608552,False,48166.87133247129,48166.87133247129,False,2026-06-12T14:41:36
denominator_reconciliation_20260612_144136,AUS-Go Local,1,2019-07-01,2025-05-02,2133,2132,211.11954998074867,211.11954998074867,False,2356227.771215683,2356227.771215683,False,2026-06-12T14:41:36
denominator_reconciliation_20260612_144136,AUS-Go Local,2,2019-07-01,2025-06-01,2163,2162,210.16245481589095,210.16245481589095,False,2323927.742128093,2323927.742128093,False,2026-06-12T14:41:36
denominator_reconciliation_20260612_144136,AUS-Go Local,3,2019-07-01,2025-07-01,2193,2192,208.97883324861138,208.97883324861138,False,2292443.69523971,2292443.69523971,False,2026-06-12T14:41:36
denominator_reconciliation_20260612_144136,AUS-Go Local,4,2019-07-01,2025-07-31,2223,2222,207.80010501753208,207.80010501753208,False,2261796.224047218,2261796.224047218,False,2026-06-12T14:41:36
denominator_reconciliation_20260612_144136,AUS-Go Local,5,2019-07-01,2025-08-30,2253,2252,317.79816364385283,317.79816364385283,False,29199894.851354957,29199894.851354957,False,2026-06-12T14:41:36
denominator_reconciliation_20260612_144136,AUS-Go Local,6,2019-07-01,2025-09-29,2283,2282,424.525593390428,424.525593390428,False,37882099.135365136,37882099.135365136,False,2026-06-12T14:41:36
denominator_reconciliation_20260612_144136,AUS-Go Local,7,2019-07-01,2025-10-29,2313,2312,420.3828616141681,420.3828616141681,False,37390765.71684416,37390765.71684416,False,2026-06-12T14:41:36
denominator_reconciliation_20260612_144136,AUS-Go Local,8,2019-07-01,2025-11-28,2343,2342,417.24377271518233,417.24377271518233,False,36912723.09373933,36912723.09373933,False,2026-06-12T14:41:36
denominator_reconciliation_20260612_144136,AUS-Go Local,9,2019-07-01,2025-12-28,2373,2372,414.8390360256986,414.8390360256986,False,36446995.926951006,36446995.926951006,False,2026-06-12T14:41:36
denominator_reconciliation_20260612_144136,AUS-Go Local,10,2019-07-01,2026-01-27,2403,2402,410.6619514562686,410.6619514562686,False,35991953.820720375,35991953.820720375,False,2026-06-12T14:41:36
denominator_reconciliation_20260612_144136,AUS-Go Local,11,2019-07-01,2026-02-26,2433,2432,408.497681150887,408.497681150887,False,35549793.74082285,35549793.74082285,False,2026-06-12T14:41:36
denominator_reconciliation_20260612_144136,AUS-Go Local,12,2019-07-01,2026-03-28,2463,2462,408.42374256821967,408.42374256821967,False,35122364.47424441,35122364.47424441,False,2026-06-12T14:41:36
denominator_reconciliation_20260612_144136,BRA-Go Local,1,2020-09-22,2025-05-02,1684,1683,40.410717503547424,40.410717503547424,False,23711.868103256926,23711.868103256926,False,2026-06-12T14:41:36
denominator_reconciliation_20260612_144136,BRA-Go Local,2,2020-09-22,2025-06-01,1714,1713,40.32666699677194,40.32666699677194,False,23331.05864857803,23331.05864857803,False,2026-06-12T14:41:36
denominator_reconciliation_20260612_144136,BRA-Go Local,3,2020-09-22,2025-07-01,1744,1743,40.26492995551938,40.26492995551938,False,22962.88915549682,22962.88915549682,False,2026-06-12T14:41:36
denominator_reconciliation_20260612_144136,BRA-Go Local,4,2020-09-22,2025-07-31,1774,1773,40.30374966749592,40.30374966749592,False,22611.635408594713,22611.635408594713,False,2026-06-12T14:41:36
denominator_reconciliation_20260612_144136,BRA-Go Local,5,2020-09-22,2025-08-30,1804,1803,40.37747028700514,40.37747028700514,False,22348.0054417469,22348.0054417469,False,2026-06-12T14:41:36
denominator_reconciliation_20260612_144136,BRA-Go Local,6,2020-09-22,2025-09-29,1834,1833,40.71443302480647,40.71443302480647,False,22146.85586709218,22146.85586709218,False,2026-06-12T14:41:36
denominator_reconciliation_20260612_144136,BRA-Go Local,7,2020-09-22,2025-10-29,1864,1863,40.90843503514236,40.90843503514236,False,21868.838620287257,21868.838620287257,False,2026-06-12T14:41:36
denominator_reconciliation_20260612_144136,BRA-Go Local,8,2020-09-22,2025-11-28,1894,1893,40.633851860258915,40.633851860258915,False,21540.33636612251,21540.33636612251,False,2026-06-12T14:41:36
denominator_reconciliation_20260612_144136,BRA-Go Local,9,2020-09-22,2025-12-28,1924,1923,40.84106068823199,40.84106068823199,False,21298.99773351601,21298.99773351601,False,2026-06-12T14:41:36
denominator_reconciliation_20260612_144136,BRA-Go Local,10,2020-09-22,2026-01-27,1954,1953,40.9104379925602,40.9104379925602,False,21023.599456594293,21023.599456594293,False,2026-06-12T14:41:36
denominator_reconciliation_20260612_144136,BRA-Go Local,11,2020-09-22,2026-02-26,1984,1983,40.95372863614222,40.95372863614222,False,20750.17115334598,20750.17115334598,False,2026-06-12T14:41:36
denominator_reconciliation_20260612_144136,BRA-Go Local,12,2020-09-22,2026-03-28,2014,2013,41.25901293267264,41.25901293267264,False,20511.651723563056,20511.651723563056,False,2026-06-12T14:41:36
denominator_reconciliation_20260612_144136,CAN-Go Local,1,2019-07-01,2025-05-02,2133,2132,104.46814298840411,104.46814298840411,False,209323.02846070408,209323.02846070408,False,2026-06-12T14:41:36
denominator_reconciliation_20260612_144136,CAN-Go Local,2,2019-07-01,2025-06-01,2163,2162,104.64511047376388,104.64511047376388,False,207443.18960580006,207443.18960580006,False,2026-06-12T14:41:36
denominator_reconciliation_20260612_144136,CAN-Go Local,3,2019-07-01,2025-07-01,2193,2192,104.53913566664112,104.53913566664112,False,204848.11452287555,204848.11452287555,False,2026-06-12T14:41:36
denominator_reconciliation_20260612_144136,CAN-Go Local,4,2019-07-01,2025-07-31,2223,2222,104.27411129130401,104.27411129130401,False,202285.78048106516,202285.78048106516,False,2026-06-12T14:41:36
denominator_reconciliation_20260612_144136,CAN-Go Local,5,2019-07-01,2025-08-30,2253,2252,111.7880138078497,111.7880138078497,False,288414.40386589256,288414.40386589256,False,2026-06-12T14:41:36
denominator_reconciliation_20260612_144136,CAN-Go Local,6,2019-07-01,2025-09-29,2283,2282,121.09199130643205,121.09199130643205,False,315020.96677296556,315020.96677296556,False,2026-06-12T14:41:36
denominator_reconciliation_20260612_144136,CAN-Go Local,7,2019-07-01,2025-10-29,2313,2312,121.43863527347663,121.43863527347663,False,311473.1933301968,311473.1933301968,False,2026-06-12T14:41:36
denominator_reconciliation_20260612_144136,CAN-Go Local,8,2019-07-01,2025-11-28,2343,2342,121.85324588013573,121.85324588013573,False,308042.72585938475,308042.72585938475,False,2026-06-12T14:41:36
denominator_reconciliation_20260612_144136,CAN-Go Local,9,2019-07-01,2025-12-28,2373,2372,121.8860954638608,121.8860954638608,False,304515.4516500368,304515.4516500368,False,2026-06-12T14:41:36
denominator_reconciliation_20260612_144136,CAN-Go Local,10,2019-07-01,2026-01-27,2403,2402,122.12365467455358,122.12365467455358,False,301434.1429448966,301434.1429448966,False,2026-06-12T14:41:36
denominator_reconciliation_20260612_144136,CAN-Go Local,11,2019-07-01,2026-02-26,2433,2432,124.69817703383133,124.69817703383133,False,301181.65072188806,301181.65072188806,False,2026-06-12T14:41:36
denominator_reconciliation_20260612_144136,CAN-Go Local,12,2019-07-01,2026-03-28,2463,2462,125.64698973447518,125.64698973447518,False,299499.252886567,299499.252886567,False,2026-06-12T14:41:36
denominator_reconciliation_20260612_144136,CHE-Go Local,1,2019-09-28,2025-05-02,2044,2043,21.40651116709683,21.40651116709683,False,16732.20939813433,16732.20939813433,False,2026-06-12T14:41:36
denominator_reconciliation_20260612_144136,CHE-Go Local,2,2019-09-28,2025-06-01,2074,2073,21.368824904668994,21.368824904668994,False,16499.705496145587,16499.705496145587,False,2026-06-12T14:41:36
denominator_reconciliation_20260612_144136,CHE-Go Local,3,2019-09-28,2025-07-01,2104,2103,21.32685180759812,21.32685180759812,False,16271.496064480669,16271.496064480669,False,2026-06-12T14:41:36
denominator_reconciliation_20260612_144136,CHE-Go Local,4,2019-09-28,2025-07-31,2134,2133,21.37723996595351,21.37723996595351,False,16064.557602398849,16064.557602398849,False,2026-06-12T14:41:36
denominator_reconciliation_20260612_144136,CHE-Go Local,5,2019-09-28,2025-08-30,2164,2163,21.32152722116449,21.32152722116449,False,15855.882280038604,15855.882280038604,False,2026-06-12T14:41:36
denominator_reconciliation_20260612_144136,CHE-Go Local,6,2019-09-28,2025-09-29,2194,2193,21.603758793150387,21.603758793150387,False,15694.549695434069,15694.549695434069,False,2026-06-12T14:41:36
denominator_reconciliation_20260612_144136,CHE-Go Local,7,2019-09-28,2025-10-29,2224,2223,22.328015334403418,22.328015334403418,False,15575.777940564507,15575.777940564507,False,2026-06-12T14:41:36
denominator_reconciliation_20260612_144136,CHE-Go Local,8,2019-09-28,2025-11-28,2254,2253,22.927763046772657,22.927763046772657,False,15438.433759934354,15438.433759934354,False,2026-06-12T14:41:36
denominator_reconciliation_20260612_144136,CHE-Go Local,9,2019-09-28,2025-12-28,2284,2283,23.038416797800597,23.038416797800597,False,15253.538471602466,15253.538471602466,False,2026-06-12T14:41:36
denominator_reconciliation_20260612_144136,CHE-Go Local,10,2019-09-28,2026-01-27,2314,2313,23.027589089225582,23.027589089225582,False,15064.310261196268,15064.310261196268,False,2026-06-12T14:41:36
denominator_reconciliation_20260612_144136,CHE-Go Local,11,2019-09-28,2026-02-26,2344,2343,23.01638094083602,23.01638094083602,False,14881.287358402888,14881.287358402888,False,2026-06-12T14:41:36
denominator_reconciliation_20260612_144136,CHE-Go Local,12,2019-09-28,2026-03-28,2374,2373,22.96643373593712,22.96643373593712,False,14701.41871723889,14701.41871723889,False,2026-06-12T14:41:36
denominator_reconciliation_20260612_144136,DEU-Go Local,1,2019-10-31,2025-05-02,2011,2010,57.358712680636216,57.358712680636216,False,72299.44885299235,72299.44885299235,False,2026-06-12T14:41:36
denominator_reconciliation_20260612_144136,DEU-Go Local,2,2019-10-31,2025-06-01,2041,2040,57.73083759072491,57.73083759072491,False,71376.21942737895,71376.21942737895,False,2026-06-12T14:41:36
denominator_reconciliation_20260612_144136,DEU-Go Local,3,2019-10-31,2025-07-01,2071,2070,57.82232406332309,57.82232406332309,False,70424.8761298498,70424.8761298498,False,2026-06-12T14:41:36
denominator_reconciliation_20260612_144136,DEU-Go Local,4,2019-10-31,2025-07-31,2101,2100,57.807791261466086,57.807791261466086,False,69486.68946539178,69486.68946539178,False,2026-06-12T14:41:36
denominator_reconciliation_20260612_144136,DEU-Go Local,5,2019-10-31,2025-08-30,2131,2130,60.23644595308864,60.23644595308864,False,81911.8290114725,81911.8290114725,False,2026-06-12T14:41:36
denominator_reconciliation_20260612_144136,DEU-Go Local,6,2019-10-31,2025-09-29,2161,2160,62.93388641022165,62.93388641022165,False,84743.87057716925,84743.87057716925,False,2026-06-12T14:41:36
denominator_reconciliation_20260612_144136,DEU-Go Local,7,2019-10-31,2025-10-29,2191,2190,63.05647521875744,63.05647521875744,False,83677.98111249701,83677.98111249701,False,2026-06-12T14:41:36
denominator_reconciliation_20260612_144136,DEU-Go Local,8,2019-10-31,2025-11-28,2221,2220,63.08272558967512,63.08272558967512,False,82638.47738523185,82638.47738523185,False,2026-06-12T14:41:36
denominator_reconciliation_20260612_144136,DEU-Go Local,9,2019-10-31,2025-12-28,2251,2250,62.904367182257246,62.904367182257246,False,81599.37187147577,81599.37187147577,False,2026-06-12T14:41:36
denominator_reconciliation_20260612_144136,DEU-Go Local,10,2019-10-31,2026-01-27,2281,2280,62.82995007371876,62.82995007371876,False,80590.08899408362,80590.08899408362,False,2026-06-12T14:41:36
denominator_reconciliation_20260612_144136,DEU-Go Local,11,2019-10-31,2026-02-26,2311,2310,62.9495049649691,62.9495049649691,False,79651.28680130828,79651.28680130828,False,2026-06-12T14:41:36
denominator_reconciliation_20260612_144136,DEU-Go Local,12,2019-10-31,2026-03-28,2341,2340,63.06871903764045,63.06871903764045,False,78721.31518897075,78721.31518897075,False,2026-06-12T14:41:36
denominator_reconciliation_20260612_144136,ESP-Go Local,1,2023-11-17,2025-05-02,533,532,1.331056659829027,1.331056659829027,False,9.009614443899013,9.009614443899013,False,2026-06-12T14:41:36
denominator_reconciliation_20260612_144136,ESP-Go Local,2,2023-11-17,2025-06-01,563,562,2.79505727051431,2.79505727051431,False,87.29168865203137,87.29168865203137,False,2026-06-12T14:41:36
denominator_reconciliation_20260612_144136,ESP-Go Local,3,2023-11-17,2025-07-01,593,592,3.465304647008517,3.465304647008517,False,103.09327835343676,103.09327835343676,False,2026-06-12T14:41:36
denominator_reconciliation_20260612_144136,ESP-Go Local,4,2023-11-17,2025-07-31,623,622,6.783237064355372,6.783237064355372,False,418.6978433533275,418.6978433533275,False,2026-06-12T14:41:36
denominator_reconciliation_20260612_144136,ESP-Go Local,5,2023-11-17,2025-08-30,653,652,14.350697286854361,14.350697286854361,False,2390.2931000946924,2390.2931000946924,False,2026-06-12T14:41:36
denominator_reconciliation_20260612_144136,ESP-Go Local,6,2023-11-17,2025-09-29,683,682,21.023902736112966,21.023902736112966,False,5390.56824458645,5390.56824458645,False,2026-06-12T14:41:36
denominator_reconciliation_20260612_144136,ESP-Go Local,7,2023-11-17,2025-10-29,713,712,24.390772751445287,24.390772751445287,False,6277.610347065859,6277.610347065859,False,2026-06-12T14:41:36
denominator_reconciliation_20260612_144136,ESP-Go Local,8,2023-11-17,2025-11-28,743,742,23.956929637505453,23.956929637505453,False,6118.039529727591,6118.039529727591,False,2026-06-12T14:41:36
denominator_reconciliation_20260612_144136,ESP-Go Local,9,2023-11-17,2025-12-28,773,772,23.138077388638667,23.138077388638667,False,5880.84728815027,5880.84728815027,False,2026-06-12T14:41:36
denominator_reconciliation_20260612_144136,ESP-Go Local,10,2023-11-17,2026-01-27,803,802,22.47257429305369,22.47257429305369,False,5664.208751010407,5664.208751010407,False,2026-06-12T14:41:36
denominator_reconciliation_20260612_144136,ESP-Go Local,11,2023-11-17,2026-02-26,833,832,21.92781867311186,21.92781867311186,False,5463.669432830071,5463.669432830071,False,2026-06-12T14:41:36
denominator_reconciliation_20260612_144136,ESP-Go Local,12,2023-11-17,2026-03-28,863,862,21.331187039476887,21.331187039476887,False,5275.957267858038,5275.957267858038,False,2026-06-12T14:41:36
denominator_reconciliation_20260612_144136,EUR-Dedicated,1,2019-07-01,2025-05-02,2133,2132,22.270992506903298,22.270992506903298,False,6357.493964630424,6357.493964630424,False,2026-06-12T14:41:36
denominator_reconciliation_20260612_144136,EUR-Dedicated,2,2019-07-01,2025-06-01,2163,2162,22.269834063699285,22.269834063699285,False,6283.582476372044,6283.582476372044,False,2026-06-12T14:41:36
denominator_reconciliation_20260612_144136,EUR-Dedicated,3,2019-07-01,2025-07-01,2193,2192,24.798370713374943,24.798370713374943,False,6890.948454505803,6890.948454505803,False,2026-06-12T14:41:36
denominator_reconciliation_20260612_144136,EUR-Dedicated,4,2019-07-01,2025-07-31,2223,2222,25.89110503317636,25.89110503317636,False,7160.3747697538165,7160.3747697538165,False,2026-06-12T14:41:36
denominator_reconciliation_20260612_144136,EUR-Dedicated,5,2019-07-01,2025-08-30,2253,2252,27.01595244925305,27.01595244925305,False,8957.132981132077,8957.132981132077,False,2026-06-12T14:41:36
denominator_reconciliation_20260612_144136,EUR-Dedicated,6,2019-07-01,2025-09-29,2283,2282,28.169654502943853,28.169654502943853,False,9817.406585725546,9817.406585725546,False,2026-06-12T14:41:36
denominator_reconciliation_20260612_144136,EUR-Dedicated,7,2019-07-01,2025-10-29,2313,2312,28.037435190621913,28.037435190621913,False,9698.959343333458,9698.959343333458,False,2026-06-12T14:41:36
denominator_reconciliation_20260612_144136,EUR-Dedicated,8,2019-07-01,2025-11-28,2343,2342,28.04029262541326,28.04029262541326,False,9601.096656145559,9601.096656145559,False,2026-06-12T14:41:36
denominator_reconciliation_20260612_144136,EUR-Dedicated,9,2019-07-01,2025-12-28,2373,2372,27.821476452241928,27.821476452241928,False,9483.524728508484,9483.524728508484,False,2026-06-12T14:41:36
denominator_reconciliation_20260612_144136,EUR-Dedicated,10,2019-07-01,2026-01-27,2403,2402,27.726517596885035,27.726517596885035,False,9386.254238306876,9386.254238306876,False,2026-06-12T14:41:36
denominator_reconciliation_20260612_144136,EUR-Dedicated,11,2019-07-01,2026-02-26,2433,2432,27.53861537817347,27.53861537817347,False,9274.427958372162,9274.427958372162,False,2026-06-12T14:41:36
denominator_reconciliation_20260612_144136,EUR-Dedicated,12,2019-07-01,2026-03-28,2463,2462,27.413129087618962,27.413129087618962,False,9174.878138793858,9174.878138793858,False,2026-06-12T14:41:36
denominator_reconciliation_20260612_144136,EUR-MSIT,1,2019-07-01,2025-05-02,2133,2132,13.077898034555469,13.077898034555469,False,6713.849273798253,6713.849273798253,False,2026-06-12T14:41:36
denominator_reconciliation_20260612_144136,EUR-MSIT,2,2019-07-01,2025-06-01,2163,2162,12.917615320847483,12.917615320847483,False,6620.774345652417,6620.774345652417,False,2026-06-12T14:41:36
denominator_reconciliation_20260612_144136,EUR-MSIT,3,2019-07-01,2025-07-01,2193,2192,12.779822732514717,12.779822732514717,False,6530.404495642932,6530.404495642932,False,2026-06-12T14:41:36
denominator_reconciliation_20260612_144136,EUR-MSIT,4,2019-07-01,2025-07-31,2223,2222,12.679217579060422,12.679217579060422,False,6443.139338620051,6443.139338620051,False,2026-06-12T14:41:36
denominator_reconciliation_20260612_144136,EUR-MSIT,5,2019-07-01,2025-08-30,2253,2252,12.630090443460151,12.630090443460151,False,6364.085934603829,6364.085934603829,False,2026-06-12T14:41:36
denominator_reconciliation_20260612_144136,EUR-MSIT,6,2019-07-01,2025-09-29,2283,2282,12.484016006867773,12.484016006867773,False,6280.521028518808,6280.521028518808,False,2026-06-12T14:41:36
denominator_reconciliation_20260612_144136,EUR-MSIT,7,2019-07-01,2025-10-29,2313,2312,12.351225051761357,12.351225051761357,False,6199.2012111883,6199.2012111883,False,2026-06-12T14:41:36
denominator_reconciliation_20260612_144136,EUR-MSIT,8,2019-07-01,2025-11-28,2343,2342,12.200380018220436,12.200380018220436,False,6119.801966498858,6119.801966498858,False,2026-06-12T14:41:36
denominator_reconciliation_20260612_144136,EUR-MSIT,9,2019-07-01,2025-12-28,2373,2372,12.050978816472286,12.050978816472286,False,6042.408042683131,6042.408042683131,False,2026-06-12T14:41:36
denominator_reconciliation_20260612_144136,EUR-MSIT,10,2019-07-01,2026-01-27,2403,2402,11.912955683460558,11.912955683460558,False,5966.992429742919,5966.992429742919,False,2026-06-12T14:41:36
denominator_reconciliation_20260612_144136,EUR-MSIT,11,2019-07-01,2026-02-26,2433,2432,11.790793915572474,11.790793915572474,False,5893.526668165242,5893.526668165242,False,2026-06-12T14:41:36
denominator_reconciliation_20260612_144136,EUR-MSIT,12,2019-07-01,2026-03-28,2463,2462,11.665297845114646,11.665297845114646,False,5821.799953627873,5821.799953627873,False,2026-06-12T14:41:36
denominator_reconciliation_20260612_144136,EUR-Multitenant,1,2019-07-01,2025-05-02,2133,2132,1812.9007955014208,1812.9007955014208,False,60340983.633015744,60340983.633015744,False,2026-06-12T14:41:36
denominator_reconciliation_20260612_144136,EUR-Multitenant,2,2019-07-01,2025-06-01,2163,2162,1814.2462709158324,1814.2462709158324,False,59623201.76961836,59623201.76961836,False,2026-06-12T14:41:36
denominator_reconciliation_20260612_144136,EUR-Multitenant,3,2019-07-01,2025-07-01,2193,2192,1833.0785943074955,1833.0785943074955,False,59144576.566140145,59144576.566140145,False,2026-06-12T14:41:36
denominator_reconciliation_20260612_144136,EUR-Multitenant,4,2019-07-01,2025-07-31,2223,2222,1878.577035477061,1878.577035477061,False,59218287.66668833,59218287.66668833,False,2026-06-12T14:41:36
denominator_reconciliation_20260612_144136,EUR-Multitenant,5,2019-07-01,2025-08-30,2253,2252,2177.963646112801,2177.963646112801,False,144935788.35294425,144935788.35294425,False,2026-06-12T14:41:36
denominator_reconciliation_20260612_144136,EUR-Multitenant,6,2019-07-01,2025-09-29,2283,2282,2512.7237064943156,2512.7237064943156,False,176168312.9005216,176168312.9005216,False,2026-06-12T14:41:36
denominator_reconciliation_20260612_144136,EUR-Multitenant,7,2019-07-01,2025-10-29,2313,2312,2564.50683241913,2564.50683241913,False,175054118.14310282,175054118.14310282,False,2026-06-12T14:41:36
denominator_reconciliation_20260612_144136,EUR-Multitenant,8,2019-07-01,2025-11-28,2343,2342,2632.300637960729,2632.300637960729,False,174606738.91954064,174606738.91954064,False,2026-06-12T14:41:36
denominator_reconciliation_20260612_144136,EUR-Multitenant,9,2019-07-01,2025-12-28,2373,2372,2690.8162952251387,2690.8162952251387,False,174137857.48463684,174137857.48463684,False,2026-06-12T14:41:36
denominator_reconciliation_20260612_144136,EUR-Multitenant,10,2019-07-01,2026-01-27,2403,2402,2724.6176114542172,2724.6176114542172,False,172879856.89378116,172879856.89378116,False,2026-06-12T14:41:36
denominator_reconciliation_20260612_144136,EUR-Multitenant,11,2019-07-01,2026-02-26,2433,2432,2806.7103206118536,2806.7103206118536,False,173346379.97762093,173346379.97762093,False,2026-06-12T14:41:36
denominator_reconciliation_20260612_144136,EUR-Multitenant,12,2019-07-01,2026-03-28,2463,2462,2837.2014285385976,2837.2014285385976,False,174778925.81579697,174778925.81579697,False,2026-06-12T14:41:36
denominator_reconciliation_20260612_144136,FRA-Go Local,1,2019-07-01,2025-05-02,2133,2132,66.14521548164485,66.14521548164485,False,70482.73098663398,70482.73098663398,False,2026-06-12T14:41:36
denominator_reconciliation_20260612_144136,FRA-Go Local,2,2019-07-01,2025-06-01,2163,2162,65.86287863361093,65.86287863361093,False,69560.0362114292,69560.0362114292,False,2026-06-12T14:41:36
denominator_reconciliation_20260612_144136,FRA-Go Local,3,2019-07-01,2025-07-01,2193,2192,66.40638577457423,66.40638577457423,False,69036.03709848967,69036.03709848967,False,2026-06-12T14:41:36
denominator_reconciliation_20260612_144136,FRA-Go Local,4,2019-07-01,2025-07-31,2223,2222,66.61077442208229,66.61077442208229,False,68487.65178643932,68487.65178643932,False,2026-06-12T14:41:36
denominator_reconciliation_20260612_144136,FRA-Go Local,5,2019-07-01,2025-08-30,2253,2252,68.25281074194798,68.25281074194798,False,71090.69066741096,71090.69066741096,False,2026-06-12T14:41:36
denominator_reconciliation_20260612_144136,FRA-Go Local,6,2019-07-01,2025-09-29,2283,2282,72.53369549205387,72.53369549205387,False,77569.78367260461,77569.78367260461,False,2026-06-12T14:41:36
denominator_reconciliation_20260612_144136,FRA-Go Local,7,2019-07-01,2025-10-29,2313,2312,74.54501019847181,74.54501019847181,False,78783.85833386926,78783.85833386926,False,2026-06-12T14:41:36
denominator_reconciliation_20260612_144136,FRA-Go Local,8,2019-07-01,2025-11-28,2343,2342,74.57104638423014,74.57104638423014,False,77964.5623043248,77964.5623043248,False,2026-06-12T14:41:36
denominator_reconciliation_20260612_144136,FRA-Go Local,9,2019-07-01,2025-12-28,2373,2372,74.73031917152912,74.73031917152912,False,77166.81625763171,77166.81625763171,False,2026-06-12T14:41:36
denominator_reconciliation_20260612_144136,FRA-Go Local,10,2019-07-01,2026-01-27,2403,2402,74.53270147246751,74.53270147246751,False,76311.80743076799,76311.80743076799,False,2026-06-12T14:41:36
denominator_reconciliation_20260612_144136,FRA-Go Local,11,2019-07-01,2026-02-26,2433,2432,73.98152894443538,73.98152894443538,False,75391.4514665512,75391.4514665512,False,2026-06-12T14:41:36
denominator_reconciliation_20260612_144136,FRA-Go Local,12,2019-07-01,2026-03-28,2463,2462,73.45358153447073,73.45358153447073,False,74493.64635003272,74493.64635003272,False,2026-06-12T14:41:36
denominator_reconciliation_20260612_144136,GBR-Dedicated,1,2019-07-01,2025-05-02,2133,2132,1.696031029868521,1.696031029868521,False,172.67596365422884,172.67596365422884,False,2026-06-12T14:41:36
denominator_reconciliation_20260612_144136,GBR-Dedicated,2,2019-07-01,2025-06-01,2163,2162,2.3919801751945404,2.3919801751945404,False,327.2856696456301,327.2856696456301,False,2026-06-12T14:41:36
denominator_reconciliation_20260612_144136,GBR-Dedicated,3,2019-07-01,2025-07-01,2193,2192,2.437338773120295,2.437338773120295,False,328.35355657348435,328.35355657348435,False,2026-06-12T14:41:36
denominator_reconciliation_20260612_144136,GBR-Dedicated,4,2019-07-01,2025-07-31,2223,2222,2.411961374743333,2.411961374743333,False,323.92990830497587,323.92990830497587,False,2026-06-12T14:41:36
denominator_reconciliation_20260612_144136,GBR-Dedicated,5,2019-07-01,2025-08-30,2253,2252,2.565306692575349,2.565306692575349,False,392.7760889714267,392.7760889714267,False,2026-06-12T14:41:36
denominator_reconciliation_20260612_144136,GBR-Dedicated,6,2019-07-01,2025-09-29,2283,2282,2.7170329573530614,2.7170329573530614,False,406.62481777205636,406.62481777205636,False,2026-06-12T14:41:36
denominator_reconciliation_20260612_144136,GBR-Dedicated,7,2019-07-01,2025-10-29,2313,2312,2.7001696412974416,2.7001696412974416,False,401.4474062171766,401.4474062171766,False,2026-06-12T14:41:36
denominator_reconciliation_20260612_144136,GBR-Dedicated,8,2019-07-01,2025-11-28,2343,2342,2.813844214209942,2.813844214209942,False,402.0777518258667,402.0777518258667,False,2026-06-12T14:41:36
denominator_reconciliation_20260612_144136,GBR-Dedicated,9,2019-07-01,2025-12-28,2373,2372,2.955234855682835,2.955234855682835,False,408.3504971945813,408.3504971945813,False,2026-06-12T14:41:36
denominator_reconciliation_20260612_144136,GBR-Dedicated,10,2019-07-01,2026-01-27,2403,2402,2.9247069482429993,2.9247069482429993,False,403.2569478529805,403.2569478529805,False,2026-06-12T14:41:36
denominator_reconciliation_20260612_144136,GBR-Dedicated,11,2019-07-01,2026-02-26,2433,2432,3.102857731365002,3.102857731365002,False,412.98923352799926,412.98923352799926,False,2026-06-12T14:41:36
denominator_reconciliation_20260612_144136,GBR-Dedicated,12,2019-07-01,2026-03-28,2463,2462,3.071529962501903,3.071529962501903,False,407.9676043902337,407.9676043902337,False,2026-06-12T14:41:36
denominator_reconciliation_20260612_144136,GBR-Go Local,1,2019-07-01,2025-05-02,2133,2132,164.3709477370708,164.3709477370708,False,306388.68214006786,306388.68214006786,False,2026-06-12T14:41:36
denominator_reconciliation_20260612_144136,GBR-Go Local,2,2019-07-01,2025-06-01,2163,2162,164.4314943415517,164.4314943415517,False,303177.0736754647,303177.0736754647,False,2026-06-12T14:41:36
denominator_reconciliation_20260612_144136,GBR-Go Local,3,2019-07-01,2025-07-01,2193,2192,166.8988271256545,166.8988271256545,False,305195.1768898559,305195.1768898559,False,2026-06-12T14:41:36
denominator_reconciliation_20260612_144136,GBR-Go Local,4,2019-07-01,2025-07-31,2223,2222,176.0802605208978,176.0802605208978,False,324457.9598278202,324457.9598278202,False,2026-06-12T14:41:36
denominator_reconciliation_20260612_144136,GBR-Go Local,5,2019-07-01,2025-08-30,2253,2252,194.55814430347914,194.55814430347914,False,402140.51057824725,402140.51057824725,False,2026-06-12T14:41:36
denominator_reconciliation_20260612_144136,GBR-Go Local,6,2019-07-01,2025-09-29,2283,2282,209.40772932052366,209.40772932052366,False,453828.8861454113,453828.8861454113,False,2026-06-12T14:41:36
denominator_reconciliation_20260612_144136,GBR-Go Local,7,2019-07-01,2025-10-29,2313,2312,217.38318839378675,217.38318839378675,False,470345.4636856971,470345.4636856971,False,2026-06-12T14:41:36
denominator_reconciliation_20260612_144136,GBR-Go Local,8,2019-07-01,2025-11-28,2343,2342,225.71231115945122,225.71231115945122,False,486905.2127644801,486905.2127644801,False,2026-06-12T14:41:36
denominator_reconciliation_20260612_144136,GBR-Go Local,9,2019-07-01,2025-12-28,2373,2372,235.80635107100954,235.80635107100954,False,512456.7692852085,512456.7692852085,False,2026-06-12T14:41:36
denominator_reconciliation_20260612_144136,GBR-Go Local,10,2019-07-01,2026-01-27,2403,2402,248.59645472291183,248.59645472291183,False,561284.8615071245,561284.8615071245,False,2026-06-12T14:41:36
denominator_reconciliation_20260612_144136,GBR-Go Local,11,2019-07-01,2026-02-26,2433,2432,263.7511400577444,263.7511400577444,False,620653.7771807723,620653.7771807723,False,2026-06-12T14:41:36
denominator_reconciliation_20260612_144136,GBR-Go Local,12,2019-07-01,2026-03-28,2463,2462,269.2245453413625,269.2245453413625,False,668329.7340935625,668329.7340935625,False,2026-06-12T14:41:36
denominator_reconciliation_20260612_144136,IND-Go Local,1,2019-07-01,2025-05-02,2133,2132,222.0559321125696,222.0559321125696,False,2882220.551660835,2882220.551660835,False,2026-06-12T14:41:36
denominator_reconciliation_20260612_144136,IND-Go Local,2,2019-07-01,2025-06-01,2163,2162,222.9170608584637,222.9170608584637,False,2844024.980429155,2844024.980429155,False,2026-06-12T14:41:36
denominator_reconciliation_20260612_144136,IND-Go Local,3,2019-07-01,2025-07-01,2193,2192,228.72350488777315,228.72350488777315,False,2834437.7327416306,2834437.7327416306,False,2026-06-12T14:41:36
denominator_reconciliation_20260612_144136,IND-Go Local,4,2019-07-01,2025-07-31,2223,2222,230.05635397839723,230.05635397839723,False,2797794.2738232445,2797794.2738232445,False,2026-06-12T14:41:36
denominator_reconciliation_20260612_144136,IND-Go Local,5,2019-07-01,2025-08-30,2253,2252,235.95515856660683,235.95515856660683,False,2853118.686033775,2853118.686033775,False,2026-06-12T14:41:36
denominator_reconciliation_20260612_144136,IND-Go Local,6,2019-07-01,2025-09-29,2283,2282,245.07098909684424,245.07098909684424,False,2852674.945105195,2852674.945105195,False,2026-06-12T14:41:36
denominator_reconciliation_20260612_144136,IND-Go Local,7,2019-07-01,2025-10-29,2313,2312,245.32212743382294,245.32212743382294,False,2816904.2140654284,2816904.2140654284,False,2026-06-12T14:41:36
denominator_reconciliation_20260612_144136,IND-Go Local,8,2019-07-01,2025-11-28,2343,2342,246.59831122245885,246.59831122245885,False,2782973.53281815,2782973.53281815,False,2026-06-12T14:41:36
denominator_reconciliation_20260612_144136,IND-Go Local,9,2019-07-01,2025-12-28,2373,2372,247.33993272681226,247.33993272681226,False,2749197.7251077155,2749197.7251077155,False,2026-06-12T14:41:36
denominator_reconciliation_20260612_144136,IND-Go Local,10,2019-07-01,2026-01-27,2403,2402,247.70223541798447,247.70223541798447,False,2716044.482183598,2716044.482183598,False,2026-06-12T14:41:36
denominator_reconciliation_20260612_144136,IND-Go Local,11,2019-07-01,2026-02-26,2433,2432,246.72977014925948,246.72977014925948,False,2683393.7314566234,2683393.7314566234,False,2026-06-12T14:41:36
denominator_reconciliation_20260612_144136,IND-Go Local,12,2019-07-01,2026-03-28,2463,2462,246.4359997761979,246.4359997761979,False,2651795.7693991708,2651795.7693991708,False,2026-06-12T14:41:36
denominator_reconciliation_20260612_144136,ISR-Go Local,1,2023-07-26,2025-05-02,647,646,1.1251585987444697,1.1251585987444697,False,14.52292742984183,14.52292742984183,False,2026-06-12T14:41:36
denominator_reconciliation_20260612_144136,ISR-Go Local,2,2023-07-26,2025-06-01,677,676,1.1398328236522595,1.1398328236522595,False,14.217279010070651,14.217279010070651,False,2026-06-12T14:41:36
denominator_reconciliation_20260612_144136,ISR-Go Local,3,2023-07-26,2025-07-01,707,706,1.136462512448905,1.136462512448905,False,13.680885505195333,13.680885505195333,False,2026-06-12T14:41:36
denominator_reconciliation_20260612_144136,ISR-Go Local,4,2023-07-26,2025-07-31,737,736,1.141108393734955,1.141108393734955,False,13.209105129837635,13.209105129837635,False,2026-06-12T14:41:36
denominator_reconciliation_20260612_144136,ISR-Go Local,5,2023-07-26,2025-08-30,767,766,1.2353696824920726,1.2353696824920726,False,18.649194627832465,18.649194627832465,False,2026-06-12T14:41:36
denominator_reconciliation_20260612_144136,ISR-Go Local,6,2023-07-26,2025-09-29,797,796,1.3403647208403615,1.3403647208403615,False,20.672167629495036,20.672167629495036,False,2026-06-12T14:41:36
denominator_reconciliation_20260612_144136,ISR-Go Local,7,2023-07-26,2025-10-29,827,826,1.3773424198413171,1.3773424198413171,False,21.057335980973622,21.057335980973622,False,2026-06-12T14:41:36
denominator_reconciliation_20260612_144136,ISR-Go Local,8,2023-07-26,2025-11-28,857,856,1.5158385067627662,1.5158385067627662,False,23.376666599113847,23.376666599113847,False,2026-06-12T14:41:36
denominator_reconciliation_20260612_144136,ISR-Go Local,9,2023-07-26,2025-12-28,887,886,1.5409084523577061,1.5409084523577061,False,22.79661867179472,22.79661867179472,False,2026-06-12T14:41:36
denominator_reconciliation_20260612_144136,ISR-Go Local,10,2023-07-26,2026-01-27,917,916,1.5564435259704452,1.5564435259704452,False,22.207464315646934,22.207464315646934,False,2026-06-12T14:41:36
denominator_reconciliation_20260612_144136,ISR-Go Local,11,2023-07-26,2026-02-26,947,946,1.5798960716584862,1.5798960716584862,False,21.790886127229935,21.790886127229935,False,2026-06-12T14:41:36
denominator_reconciliation_20260612_144136,ISR-Go Local,12,2023-07-26,2026-03-28,977,976,1.606369382980459,1.606369382980459,False,21.448555347424918,21.448555347424918,False,2026-06-12T14:41:36
denominator_reconciliation_20260612_144136,ITA-Go Local,1,2023-07-26,2025-05-02,647,646,3.538902274611371,3.538902274611371,False,188.67939536265408,188.67939536265408,False,2026-06-12T14:41:36
denominator_reconciliation_20260612_144136,ITA-Go Local,2,2023-07-26,2025-06-01,677,676,5.003701996152286,5.003701996152286,False,298.29082950227337,298.29082950227337,False,2026-06-12T14:41:36
denominator_reconciliation_20260612_144136,ITA-Go Local,3,2023-07-26,2025-07-01,707,706,5.790106370253463,5.790106370253463,False,320.00333780869727,320.00333780869727,False,2026-06-12T14:41:36
denominator_reconciliation_20260612_144136,ITA-Go Local,4,2023-07-26,2025-07-31,737,736,9.779328681248565,9.779328681248565,False,835.1484685075693,835.1484685075693,False,2026-06-12T14:41:36
denominator_reconciliation_20260612_144136,ITA-Go Local,5,2023-07-26,2025-08-30,767,766,19.35950589999862,19.35950589999862,False,7751.565147600215,7751.565147600215,False,2026-06-12T14:41:36
denominator_reconciliation_20260612_144136,ITA-Go Local,6,2023-07-26,2025-09-29,797,796,24.466605080903197,24.466605080903197,False,12025.821491594344,12025.821491594344,False,2026-06-12T14:41:36
denominator_reconciliation_20260612_144136,ITA-Go Local,7,2023-07-26,2025-10-29,827,826,24.44836195932077,24.44836195932077,False,11642.245103737481,11642.245103737481,False,2026-06-12T14:41:36
denominator_reconciliation_20260612_144136,ITA-Go Local,8,2023-07-26,2025-11-28,857,856,23.84682632289597,23.84682632289597,False,11237.988657758839,11237.988657758839,False,2026-06-12T14:41:36
denominator_reconciliation_20260612_144136,ITA-Go Local,9,2023-07-26,2025-12-28,887,886,23.234655462075573,23.234655462075573,False,10859.482845434182,10859.482845434182,False,2026-06-12T14:41:36
denominator_reconciliation_20260612_144136,ITA-Go Local,10,2023-07-26,2026-01-27,917,916,22.7048267700862,22.7048267700862,False,10509.279132968994,10509.279132968994,False,2026-06-12T14:41:36
denominator_reconciliation_20260612_144136,ITA-Go Local,11,2023-07-26,2026-02-26,947,946,22.443772743550692,22.443772743550692,False,10185.34497050181,10185.34497050181,False,2026-06-12T14:41:36
denominator_reconciliation_20260612_144136,ITA-Go Local,12,2023-07-26,2026-03-28,977,976,22.032857229916974,22.032857229916974,False,9880.413853171329,9880.413853171329,False,2026-06-12T14:41:36
denominator_reconciliation_20260612_144136,JPN-Go Local,1,2019-07-01,2025-05-02,2133,2132,158.3291500827524,158.3291500827524,False,296422.27367365797,296422.27367365797,False,2026-06-12T14:41:36
denominator_reconciliation_20260612_144136,JPN-Go Local,2,2019-07-01,2025-06-01,2163,2162,159.9863115792916,159.9863115792916,False,295140.10333607753,295140.10333607753,False,2026-06-12T14:41:36
denominator_reconciliation_20260612_144136,JPN-Go Local,3,2019-07-01,2025-07-01,2193,2192,163.06305431087065,163.06305431087065,False,297146.00022253685,297146.00022253685,False,2026-06-12T14:41:36
denominator_reconciliation_20260612_144136,JPN-Go Local,4,2019-07-01,2025-07-31,2223,2222,163.76941124411718,163.76941124411718,False,294830.3110246416,294830.3110246416,False,2026-06-12T14:41:36
denominator_reconciliation_20260612_144136,JPN-Go Local,5,2019-07-01,2025-08-30,2253,2252,170.69663339051002,170.69663339051002,False,343381.55378849845,343381.55378849845,False,2026-06-12T14:41:36
denominator_reconciliation_20260612_144136,JPN-Go Local,6,2019-07-01,2025-09-29,2283,2282,175.5893277972957,175.5893277972957,False,358683.60948010156,358683.60948010156,False,2026-06-12T14:41:36
denominator_reconciliation_20260612_144136,JPN-Go Local,7,2019-07-01,2025-10-29,2313,2312,177.62294163686371,177.62294163686371,False,358163.1571752397,358163.1571752397,False,2026-06-12T14:41:36
denominator_reconciliation_20260612_144136,JPN-Go Local,8,2019-07-01,2025-11-28,2343,2342,179.81431784134452,179.81431784134452,False,356903.0068574797,356903.0068574797,False,2026-06-12T14:41:36
denominator_reconciliation_20260612_144136,JPN-Go Local,9,2019-07-01,2025-12-28,2373,2372,180.91941835768512,180.91941835768512,False,355827.0955835216,355827.0955835216,False,2026-06-12T14:41:36
denominator_reconciliation_20260612_144136,JPN-Go Local,10,2019-07-01,2026-01-27,2403,2402,181.47781954056165,181.47781954056165,False,352427.1848279515,352427.1848279515,False,2026-06-12T14:41:36
denominator_reconciliation_20260612_144136,JPN-Go Local,11,2019-07-01,2026-02-26,2433,2432,181.82422511818623,181.82422511818623,False,348792.77292418916,348792.77292418916,False,2026-06-12T14:41:36
denominator_reconciliation_20260612_144136,JPN-Go Local,12,2019-07-01,2026-03-28,2463,2462,181.99324995021485,181.99324995021485,False,345207.3500030798,345207.3500030798,False,2026-06-12T14:41:36
denominator_reconciliation_20260612_144136,KOR-Go Local,1,2019-07-01,2025-05-02,2133,2132,11.592452018653404,11.592452018653404,False,2680.975696068441,2680.975696068441,False,2026-06-12T14:41:36
denominator_reconciliation_20260612_144136,KOR-Go Local,2,2019-07-01,2025-06-01,2163,2162,11.698401611364043,11.698401611364043,False,2651.8228183052765,2651.8228183052765,False,2026-06-12T14:41:36
denominator_reconciliation_20260612_144136,KOR-Go Local,3,2019-07-01,2025-07-01,2193,2192,11.759640455642817,11.759640455642817,False,2622.254338558001,2622.254338558001,False,2026-06-12T14:41:36
denominator_reconciliation_20260612_144136,KOR-Go Local,4,2019-07-01,2025-07-31,2223,2222,11.983495556601737,11.983495556601737,False,2622.143088095728,2622.143088095728,False,2026-06-12T14:41:36
denominator_reconciliation_20260612_144136,KOR-Go Local,5,2019-07-01,2025-08-30,2253,2252,12.224388527428538,12.224388527428538,False,2639.923076149153,2639.923076149153,False,2026-06-12T14:41:36
denominator_reconciliation_20260612_144136,KOR-Go Local,6,2019-07-01,2025-09-29,2283,2282,12.41460342408811,12.41460342408811,False,2630.643213880764,2630.643213880764,False,2026-06-12T14:41:36
denominator_reconciliation_20260612_144136,KOR-Go Local,7,2019-07-01,2025-10-29,2313,2312,12.833214858464137,12.833214858464137,False,2655.7552988679145,2655.7552988679145,False,2026-06-12T14:41:36
denominator_reconciliation_20260612_144136,KOR-Go Local,8,2019-07-01,2025-11-28,2343,2342,13.071884806476978,13.071884806476978,False,2644.438265574427,2644.438265574427,False,2026-06-12T14:41:36
denominator_reconciliation_20260612_144136,KOR-Go Local,9,2019-07-01,2025-12-28,2373,2372,13.878349584641269,13.878349584641269,False,2718.1903125465187,2718.1903125465187,False,2026-06-12T14:41:36
denominator_reconciliation_20260612_144136,KOR-Go Local,10,2019-07-01,2026-01-27,2403,2402,15.838863115224436,15.838863115224436,False,3101.2017087579775,3101.2017087579775,False,2026-06-12T14:41:36
denominator_reconciliation_20260612_144136,KOR-Go Local,11,2019-07-01,2026-02-26,2433,2432,15.722800600645183,15.722800600645183,False,3078.247381273238,3078.247381273238,False,2026-06-12T14:41:36
denominator_reconciliation_20260612_144136,KOR-Go Local,12,2019-07-01,2026-03-28,2463,2462,15.531214890645444,15.531214890645444,False,3040.7382742715317,3040.7382742715317,False,2026-06-12T14:41:36
denominator_reconciliation_20260612_144136,LAM-Multitenant,1,2019-07-01,2025-05-02,2133,2132,114.99930111904266,114.99930111904266,False,169901.04366023603,169901.04366023603,False,2026-06-12T14:41:36
denominator_reconciliation_20260612_144136,LAM-Multitenant,2,2019-07-01,2025-06-01,2163,2162,114.51082153274697,114.51082153274697,False,167672.45038003696,167672.45038003696,False,2026-06-12T14:41:36
denominator_reconciliation_20260612_144136,LAM-Multitenant,3,2019-07-01,2025-07-01,2193,2192,114.61612024306524,114.61612024306524,False,165763.08740130631,165763.08740130631,False,2026-06-12T14:41:36
denominator_reconciliation_20260612_144136,LAM-Multitenant,4,2019-07-01,2025-07-31,2223,2222,114.29407647875736,114.29407647875736,False,163668.873016509,163668.873016509,False,2026-06-12T14:41:36
denominator_reconciliation_20260612_144136,LAM-Multitenant,5,2019-07-01,2025-08-30,2253,2252,126.66875260737075,126.66875260737075,False,354156.40041124227,354156.40041124227,False,2026-06-12T14:41:36
denominator_reconciliation_20260612_144136,LAM-Multitenant,6,2019-07-01,2025-09-29,2283,2282,139.4875389929005,139.4875389929005,False,441225.81921467837,441225.81921467837,False,2026-06-12T14:41:36
denominator_reconciliation_20260612_144136,LAM-Multitenant,7,2019-07-01,2025-10-29,2313,2312,139.20777471877116,139.20777471877116,False,435816.02593566803,435816.02593566803,False,2026-06-12T14:41:36
denominator_reconciliation_20260612_144136,LAM-Multitenant,8,2019-07-01,2025-11-28,2343,2342,138.5098398551661,138.5098398551661,False,430385.968880111,430385.968880111,False,2026-06-12T14:41:36
denominator_reconciliation_20260612_144136,LAM-Multitenant,9,2019-07-01,2025-12-28,2373,2372,137.88565952563192,137.88565952563192,False,425099.82694716164,425099.82694716164,False,2026-06-12T14:41:36
denominator_reconciliation_20260612_144136,LAM-Multitenant,10,2019-07-01,2026-01-27,2403,2402,137.21115278884213,137.21115278884213,False,419915.7133715496,419915.7133715496,False,2026-06-12T14:41:36
denominator_reconciliation_20260612_144136,LAM-Multitenant,11,2019-07-01,2026-02-26,2433,2432,136.9283998761508,136.9283998761508,False,414961.3044292323,414961.3044292323,False,2026-06-12T14:41:36
denominator_reconciliation_20260612_144136,LAM-Multitenant,12,2019-07-01,2026-03-28,2463,2462,136.71783116848042,136.71783116848042,False,410131.4779154041,410131.4779154041,False,2026-06-12T14:41:36
denominator_reconciliation_20260612_144136,MEX-Go Local,1,2023-07-26,2025-05-02,647,646,0.7865123359270605,0.7865123359270605,False,10.672849873567802,10.672849873567802,False,2026-06-12T14:41:36
denominator_reconciliation_20260612_144136,MEX-Go Local,2,2023-07-26,2025-06-01,677,676,0.8839915828533742,0.8839915828533742,False,11.239068536515243,11.239068536515243,False,2026-06-12T14:41:36
denominator_reconciliation_20260612_144136,MEX-Go Local,3,2023-07-26,2025-07-01,707,706,1.0584780949134294,1.0584780949134294,False,17.212418071700117,17.212418071700117,False,2026-06-12T14:41:36
denominator_reconciliation_20260612_144136,MEX-Go Local,4,2023-07-26,2025-07-31,737,736,1.1284495285446752,1.1284495285446752,False,16.958160296503742,16.958160296503742,False,2026-06-12T14:41:36
denominator_reconciliation_20260612_144136,MEX-Go Local,5,2023-07-26,2025-08-30,767,766,1.3413724765128998,1.3413724765128998,False,35.055114200284244,35.055114200284244,False,2026-06-12T14:41:36
denominator_reconciliation_20260612_144136,MEX-Go Local,6,2023-07-26,2025-09-29,797,796,1.5506010490061322,1.5506010490061322,False,41.15965510688086,41.15965510688086,False,2026-06-12T14:41:36
denominator_reconciliation_20260612_144136,MEX-Go Local,7,2023-07-26,2025-10-29,827,826,1.5599120266451345,1.5599120266451345,False,39.82981781315122,39.82981781315122,False,2026-06-12T14:41:36
denominator_reconciliation_20260612_144136,MEX-Go Local,8,2023-07-26,2025-11-28,857,856,1.6042752663655155,1.6042752663655155,False,38.83974431389941,38.83974431389941,False,2026-06-12T14:41:36
denominator_reconciliation_20260612_144136,MEX-Go Local,9,2023-07-26,2025-12-28,887,886,1.6496480959468185,1.6496480959468185,False,37.92195792524841,37.92195792524841,False,2026-06-12T14:41:36
denominator_reconciliation_20260612_144136,MEX-Go Local,10,2023-07-26,2026-01-27,917,916,1.686947294769521,1.686947294769521,False,37.064996946552874,37.064996946552874,False,2026-06-12T14:41:36
denominator_reconciliation_20260612_144136,MEX-Go Local,11,2023-07-26,2026-02-26,947,946,1.7194377526520945,1.7194377526520945,False,36.188558086095895,36.188558086095895,False,2026-06-12T14:41:36
denominator_reconciliation_20260612_144136,MEX-Go Local,12,2023-07-26,2026-03-28,977,976,1.7677377346402467,1.7677377346402467,False,35.516311986051186,35.516311986051186,False,2026-06-12T14:41:36
denominator_reconciliation_20260612_144136,NAM-Dedicated,1,2019-07-01,2025-05-02,2133,2132,56.764626829842626,56.764626829842626,False,38187.29069078407,38187.29069078407,False,2026-06-12T14:41:36
denominator_reconciliation_20260612_144136,NAM-Dedicated,2,2019-07-01,2025-06-01,2163,2162,57.26309280861448,57.26309280861448,False,37916.580902053436,37916.580902053436,False,2026-06-12T14:41:36
denominator_reconciliation_20260612_144136,NAM-Dedicated,3,2019-07-01,2025-07-01,2193,2192,58.484979201288574,58.484979201288574,False,37775.82005853013,37775.82005853013,False,2026-06-12T14:41:36
denominator_reconciliation_20260612_144136,NAM-Dedicated,4,2019-07-01,2025-07-31,2223,2222,58.737926352936334,58.737926352936334,False,37501.49698054154,37501.49698054154,False,2026-06-12T14:41:36
denominator_reconciliation_20260612_144136,NAM-Dedicated,5,2019-07-01,2025-08-30,2253,2252,63.15904853606772,63.15904853606772,False,69085.77261030838,69085.77261030838,False,2026-06-12T14:41:36
denominator_reconciliation_20260612_144136,NAM-Dedicated,6,2019-07-01,2025-09-29,2283,2282,67.160054486952,67.160054486952,False,78730.67403672951,78730.67403672951,False,2026-06-12T14:41:36
denominator_reconciliation_20260612_144136,NAM-Dedicated,7,2019-07-01,2025-10-29,2313,2312,67.06896221679257,67.06896221679257,False,77800.31618783953,77800.31618783953,False,2026-06-12T14:41:36
denominator_reconciliation_20260612_144136,NAM-Dedicated,8,2019-07-01,2025-11-28,2343,2342,67.04399998728627,67.04399998728627,False,76934.9884374899,76934.9884374899,False,2026-06-12T14:41:36
denominator_reconciliation_20260612_144136,NAM-Dedicated,9,2019-07-01,2025-12-28,2373,2372,66.71599527328178,66.71599527328178,False,75992.54572789949,75992.54572789949,False,2026-06-12T14:41:36
denominator_reconciliation_20260612_144136,NAM-Dedicated,10,2019-07-01,2026-01-27,2403,2402,66.13875291974371,66.13875291974371,False,75054.01477387753,75054.01477387753,False,2026-06-12T14:41:36
denominator_reconciliation_20260612_144136,NAM-Dedicated,11,2019-07-01,2026-02-26,2433,2432,66.31253015757584,66.31253015757584,False,74286.93681489721,74286.93681489721,False,2026-06-12T14:41:36
denominator_reconciliation_20260612_144136,NAM-Dedicated,12,2019-07-01,2026-03-28,2463,2462,66.23641491601326,66.23641491601326,False,73467.30142323252,73467.30142323252,False,2026-06-12T14:41:36
denominator_reconciliation_20260612_144136,NAM-GCC Low,1,2019-07-01,2025-05-02,2133,2132,104.93078639045203,104.93078639045203,False,150597.56903983114,150597.56903983114,False,2026-06-12T14:41:36
denominator_reconciliation_20260612_144136,NAM-GCC Low,2,2019-07-01,2025-06-01,2163,2162,104.6509638045531,104.6509638045531,False,148653.4541780314,148653.4541780314,False,2026-06-12T14:41:36
denominator_reconciliation_20260612_144136,NAM-GCC Low,3,2019-07-01,2025-07-01,2193,2192,104.3757047502025,104.3757047502025,False,146766.16634170606,146766.16634170606,False,2026-06-12T14:41:36
denominator_reconciliation_20260612_144136,NAM-GCC Low,4,2019-07-01,2025-07-31,2223,2222,104.14058964736454,104.14058964736454,False,144920.86558267815,144920.86558267815,False,2026-06-12T14:41:36
denominator_reconciliation_20260612_144136,NAM-GCC Low,5,2019-07-01,2025-08-30,2253,2252,107.73493232257727,107.73493232257727,False,172359.38937209887,172359.38937209887,False,2026-06-12T14:41:36
denominator_reconciliation_20260612_144136,NAM-GCC Low,6,2019-07-01,2025-09-29,2283,2282,111.73178033630325,111.73178033630325,False,181635.54407123342,181635.54407123342,False,2026-06-12T14:41:36
denominator_reconciliation_20260612_144136,NAM-GCC Low,7,2019-07-01,2025-10-29,2313,2312,111.52513962951728,111.52513962951728,False,179553.3805303303,179553.3805303303,False,2026-06-12T14:41:36
denominator_reconciliation_20260612_144136,NAM-GCC Low,8,2019-07-01,2025-11-28,2343,2342,111.26515649634668,111.26515649634668,False,177401.1679593097,177401.1679593097,False,2026-06-12T14:41:36
denominator_reconciliation_20260612_144136,NAM-GCC Low,9,2019-07-01,2025-12-28,2373,2372,111.83233486275049,111.83233486275049,False,176103.897496903,176103.897496903,False,2026-06-12T14:41:36
denominator_reconciliation_20260612_144136,NAM-GCC Low,10,2019-07-01,2026-01-27,2403,2402,111.38507924331557,111.38507924331557,False,174020.23165760547,174020.23165760547,False,2026-06-12T14:41:36
denominator_reconciliation_20260612_144136,NAM-GCC Low,11,2019-07-01,2026-02-26,2433,2432,111.48317189039636,111.48317189039636,False,172093.73579838502,172093.73579838502,False,2026-06-12T14:41:36
denominator_reconciliation_20260612_144136,NAM-GCC Low,12,2019-07-01,2026-03-28,2463,2462,111.59153715208937,111.59153715208937,False,170210.10178124846,170210.10178124846,False,2026-06-12T14:41:36
denominator_reconciliation_20260612_144136,NAM-ITAR DoD,1,2019-07-01,2025-05-02,2133,2132,85.25833952994942,85.25833952994942,False,353587.0977010419,353587.0977010419,False,2026-06-12T14:41:36
denominator_reconciliation_20260612_144136,NAM-ITAR DoD,2,2019-07-01,2025-06-01,2163,2162,84.9685505716245,84.9685505716245,False,349205.2746504904,349205.2746504904,False,2026-06-12T14:41:36
denominator_reconciliation_20260612_144136,NAM-ITAR DoD,3,2019-07-01,2025-07-01,2193,2192,84.50092189500556,84.50092189500556,False,344482.1770221601,344482.1770221601,False,2026-06-12T14:41:36
denominator_reconciliation_20260612_144136,NAM-ITAR DoD,4,2019-07-01,2025-07-31,2223,2222,85.05891791892539,85.05891791892539,False,341770.6204127115,341770.6204127115,False,2026-06-12T14:41:36
denominator_reconciliation_20260612_144136,NAM-ITAR DoD,5,2019-07-01,2025-08-30,2253,2252,100.18636581417357,100.18636581417357,False,909631.3016216067,909631.3016216067,False,2026-06-12T14:41:36
denominator_reconciliation_20260612_144136,NAM-ITAR DoD,6,2019-07-01,2025-09-29,2283,2282,114.89499078112132,114.89499078112132,False,1082511.8767566567,1082511.8767566567,False,2026-06-12T14:41:36
denominator_reconciliation_20260612_144136,NAM-ITAR DoD,7,2019-07-01,2025-10-29,2313,2312,113.70352461397874,113.70352461397874,False,1068475.6531664145,1068475.6531664145,False,2026-06-12T14:41:36
denominator_reconciliation_20260612_144136,NAM-ITAR DoD,8,2019-07-01,2025-11-28,2343,2342,133.70493669506925,133.70493669506925,False,1398997.327064051,1398997.327064051,False,2026-06-12T14:41:36
denominator_reconciliation_20260612_144136,NAM-ITAR DoD,9,2019-07-01,2025-12-28,2373,2372,132.3450428410001,132.3450428410001,False,1381315.4745149573,1381315.4745149573,False,2026-06-12T14:41:36
denominator_reconciliation_20260612_144136,NAM-ITAR DoD,10,2019-07-01,2026-01-27,2403,2402,130.9347506710459,130.9347506710459,False,1364073.2308152225,1364073.2308152225,False,2026-06-12T14:41:36
denominator_reconciliation_20260612_144136,NAM-ITAR DoD,11,2019-07-01,2026-02-26,2433,2432,129.57230050199516,129.57230050199516,False,1347256.1661294068,1347256.1661294068,False,2026-06-12T14:41:36
denominator_reconciliation_20260612_144136,NAM-ITAR DoD,12,2019-07-01,2026-03-28,2463,2462,128.89709977167024,128.89709977167024,False,1331031.7569317287,1331031.7569317287,False,2026-06-12T14:41:36
denominator_reconciliation_20260612_144136,NAM-ITAR GCCH,1,2019-07-01,2025-05-02,2133,2132,35.221988585549774,35.221988585549774,False,175303.0214063393,175303.0214063393,False,2026-06-12T14:41:36
denominator_reconciliation_20260612_144136,NAM-ITAR GCCH,2,2019-07-01,2025-06-01,2163,2162,35.02522361674012,35.02522361674012,False,172885.10900342948,172885.10900342948,False,2026-06-12T14:41:36
denominator_reconciliation_20260612_144136,NAM-ITAR GCCH,3,2019-07-01,2025-07-01,2193,2192,34.9468828546497,34.9468828546497,False,170536.50172798638,170536.50172798638,False,2026-06-12T14:41:36
denominator_reconciliation_20260612_144136,NAM-ITAR GCCH,4,2019-07-01,2025-07-31,2223,2222,36.12109690056653,36.12109690056653,False,170455.99858932465,170455.99858932465,False,2026-06-12T14:41:36
denominator_reconciliation_20260612_144136,NAM-ITAR GCCH,5,2019-07-01,2025-08-30,2253,2252,46.390963918394995,46.390963918394995,False,402831.3950908766,402831.3950908766,False,2026-06-12T14:41:36
denominator_reconciliation_20260612_144136,NAM-ITAR GCCH,6,2019-07-01,2025-09-29,2283,2282,56.27338136118559,56.27338136118559,False,511491.572361379,511491.572361379,False,2026-06-12T14:41:36
denominator_reconciliation_20260612_144136,NAM-ITAR GCCH,7,2019-07-01,2025-10-29,2313,2312,64.66599849966502,64.66599849966502,False,521885.4376903949,521885.4376903949,False,2026-06-12T14:41:36
denominator_reconciliation_20260612_144136,NAM-ITAR GCCH,8,2019-07-01,2025-11-28,2343,2342,86.99207666690529,86.99207666690529,False,677153.1206480254,677153.1206480254,False,2026-06-12T14:41:36
denominator_reconciliation_20260612_144136,NAM-ITAR GCCH,9,2019-07-01,2025-12-28,2373,2372,86.15200952019065,86.15200952019065,False,668598.6647265675,668598.6647265675,False,2026-06-12T14:41:36
denominator_reconciliation_20260612_144136,NAM-ITAR GCCH,10,2019-07-01,2026-01-27,2403,2402,85.27454642460124,85.27454642460124,False,660252.878150599,660252.878150599,False,2026-06-12T14:41:36
denominator_reconciliation_20260612_144136,NAM-ITAR GCCH,11,2019-07-01,2026-02-26,2433,2432,84.49405673186358,84.49405673186358,False,652115.5980802877,652115.5980802877,False,2026-06-12T14:41:36
denominator_reconciliation_20260612_144136,NAM-ITAR GCCH,12,2019-07-01,2026-03-28,2463,2462,83.76415788907077,83.76415788907077,False,644183.5639546537,644183.5639546537,False,2026-06-12T14:41:36
denominator_reconciliation_20260612_144136,NAM-MSIT,1,2019-07-01,2025-05-02,2133,2132,42.912680512757525,42.912680512757525,False,47528.68067957364,47528.68067957364,False,2026-06-12T14:41:36
denominator_reconciliation_20260612_144136,NAM-MSIT,2,2019-07-01,2025-06-01,2163,2162,42.66455377206246,42.66455377206246,False,46886.114390308925,46886.114390308925,False,2026-06-12T14:41:36
denominator_reconciliation_20260612_144136,NAM-MSIT,3,2019-07-01,2025-07-01,2193,2192,42.75454678156891,42.75454678156891,False,46420.03847396266,46420.03847396266,False,2026-06-12T14:41:36
denominator_reconciliation_20260612_144136,NAM-MSIT,4,2019-07-01,2025-07-31,2223,2222,42.8408834262822,42.8408834262822,False,45849.74441260903,45849.74441260903,False,2026-06-12T14:41:36
denominator_reconciliation_20260612_144136,NAM-MSIT,5,2019-07-01,2025-08-30,2253,2252,44.63235975275269,44.63235975275269,False,50881.05433671988,50881.05433671988,False,2026-06-12T14:41:36
denominator_reconciliation_20260612_144136,NAM-MSIT,6,2019-07-01,2025-09-29,2283,2282,44.35682795407495,44.35682795407495,False,50237.8125823618,50237.8125823618,False,2026-06-12T14:41:36
denominator_reconciliation_20260612_144136,NAM-MSIT,7,2019-07-01,2025-10-29,2313,2312,44.215435129411354,44.215435129411354,False,49635.5191259233,49635.5191259233,False,2026-06-12T14:41:36
denominator_reconciliation_20260612_144136,NAM-MSIT,8,2019-07-01,2025-11-28,2343,2342,43.880384888641785,43.880384888641785,False,49005.04725212396,49005.04725212396,False,2026-06-12T14:41:36
denominator_reconciliation_20260612_144136,NAM-MSIT,9,2019-07-01,2025-12-28,2373,2372,43.53196302664378,43.53196302664378,False,48393.816765499134,48393.816765499134,False,2026-06-12T14:41:36
denominator_reconciliation_20260612_144136,NAM-MSIT,10,2019-07-01,2026-01-27,2403,2402,43.10248408709369,43.10248408709369,False,47795.42759470935,47795.42759470935,False,2026-06-12T14:41:36
denominator_reconciliation_20260612_144136,NAM-MSIT,11,2019-07-01,2026-02-26,2433,2432,42.82104140304237,42.82104140304237,False,47213.62035461824,47213.62035461824,False,2026-06-12T14:41:36
denominator_reconciliation_20260612_144136,NAM-MSIT,12,2019-07-01,2026-03-28,2463,2462,42.632916303492706,42.632916303492706,False,46666.52327134861,46666.52327134861,False,2026-06-12T14:41:36
denominator_reconciliation_20260612_144136,NAM-Multitenant,1,2019-07-01,2025-05-02,2133,2132,2804.8699200464243,2804.8699200464243,False,116455423.29083227,116455423.29083227,False,2026-06-12T14:41:36
denominator_reconciliation_20260612_144136,NAM-Multitenant,2,2019-07-01,2025-06-01,2163,2162,2826.79094209342,2826.79094209342,False,115646786.38617383,115646786.38617383,False,2026-06-12T14:41:36
denominator_reconciliation_20260612_144136,NAM-Multitenant,3,2019-07-01,2025-07-01,2193,2192,2843.7475378279987,2843.7475378279987,False,114598614.0563789,114598614.0563789,False,2026-06-12T14:41:36
denominator_reconciliation_20260612_144136,NAM-Multitenant,4,2019-07-01,2025-07-31,2223,2222,2873.116751733112,2873.116751733112,False,113807681.41311343,113807681.41311343,False,2026-06-12T14:41:36
denominator_reconciliation_20260612_144136,NAM-Multitenant,5,2019-07-01,2025-08-30,2253,2252,3331.7021612979456,3331.7021612979456,False,314874682.58267397,314874682.58267397,False,2026-06-12T14:41:36
denominator_reconciliation_20260612_144136,NAM-Multitenant,6,2019-07-01,2025-09-29,2283,2282,3802.450978474134,3802.450978474134,False,383536593.0406437,383536593.0406437,False,2026-06-12T14:41:36
denominator_reconciliation_20260612_144136,NAM-Multitenant,7,2019-07-01,2025-10-29,2313,2312,3896.6470325635705,3896.6470325635705,False,382027655.96519613,382027655.96519613,False,2026-06-12T14:41:36
denominator_reconciliation_20260612_144136,NAM-Multitenant,8,2019-07-01,2025-11-28,2343,2342,4021.660678112286,4021.660678112286,False,382460953.3150276,382460953.3150276,False,2026-06-12T14:41:36
denominator_reconciliation_20260612_144136,NAM-Multitenant,9,2019-07-01,2025-12-28,2373,2372,4100.114549346953,4100.114549346953,False,381625304.1413201,381625304.1413201,False,2026-06-12T14:41:36
denominator_reconciliation_20260612_144136,NAM-Multitenant,10,2019-07-01,2026-01-27,2403,2402,4081.6764335024864,4081.6764335024864,False,377075129.2698438,377075129.2698438,False,2026-06-12T14:41:36
denominator_reconciliation_20260612_144136,NAM-Multitenant,11,2019-07-01,2026-02-26,2433,2432,4126.481529861008,4126.481529861008,False,373872176.36054456,373872176.36054456,False,2026-06-12T14:41:36
denominator_reconciliation_20260612_144136,NAM-Multitenant,12,2019-07-01,2026-03-28,2463,2462,4135.851737255067,4135.851737255067,False,371953720.4876428,371953720.4876428,False,2026-06-12T14:41:36
denominator_reconciliation_20260612_144136,NAM-SDF,1,2019-07-01,2025-05-02,2117,2116,79.90665050154428,79.90665050154428,False,83262.71986866907,83262.71986866907,False,2026-06-12T14:41:36
denominator_reconciliation_20260612_144136,NAM-SDF,2,2019-07-01,2025-06-01,2147,2146,78.97367406163454,78.97367406163454,False,82105.58126042255,82105.58126042255,False,2026-06-12T14:41:36
denominator_reconciliation_20260612_144136,NAM-SDF,3,2019-07-01,2025-07-01,2177,2176,78.18849280067448,78.18849280067448,False,80992.0915236433,80992.0915236433,False,2026-06-12T14:41:36
denominator_reconciliation_20260612_144136,NAM-SDF,4,2019-07-01,2025-07-31,2207,2206,78.88102127210684,78.88102127210684,False,82307.22345088464,82307.22345088464,False,2026-06-12T14:41:36
denominator_reconciliation_20260612_144136,NAM-SDF,5,2019-07-01,2025-08-30,2237,2236,79.79172591291044,79.79172591291044,False,83537.5598367906,83537.5598367906,False,2026-06-12T14:41:36
denominator_reconciliation_20260612_144136,NAM-SDF,6,2019-07-01,2025-09-29,2267,2266,78.87552885139792,78.87552885139792,False,82435.83225463697,82435.83225463697,False,2026-06-12T14:41:36
denominator_reconciliation_20260612_144136,NAM-SDF,7,2019-07-01,2025-10-29,2297,2296,79.9161114404476,79.9161114404476,False,85142.83538457433,85142.83538457433,False,2026-06-12T14:41:36
denominator_reconciliation_20260612_144136,NAM-SDF,8,2019-07-01,2025-11-28,2327,2326,79.08102574947021,79.08102574947021,False,84051.82092237791,84051.82092237791,False,2026-06-12T14:41:36
denominator_reconciliation_20260612_144136,NAM-SDF,9,2019-07-01,2025-12-28,2357,2356,80.32248589612381,80.32248589612381,False,86629.72903085998,86629.72903085998,False,2026-06-12T14:41:36
denominator_reconciliation_20260612_144136,NAM-SDF,10,2019-07-01,2026-01-27,2387,2386,79.45592219457993,79.45592219457993,False,85544.53646390549,85544.53646390549,False,2026-06-12T14:41:36
denominator_reconciliation_20260612_144136,NAM-SDF,11,2019-07-01,2026-02-26,2417,2416,80.92545852328962,80.92545852328962,False,89337.97419313306,89337.97419313306,False,2026-06-12T14:41:36
denominator_reconciliation_20260612_144136,NAM-SDF,12,2019-07-01,2026-03-28,2447,2446,80.05709739299579,80.05709739299579,False,88251.56398962247,88251.56398962247,False,2026-06-12T14:41:36
denominator_reconciliation_20260612_144136,NAM-TDF,1,2021-01-09,2025-05-02,1549,1548,0.8687586012976695,0.8687586012976695,False,24.333966518725855,24.333966518725855,False,2026-06-12T14:41:36
denominator_reconciliation_20260612_144136,NAM-TDF,2,2021-01-09,2025-06-01,1579,1578,0.8608786861906161,0.8608786861906161,False,23.91090821419574,23.91090821419574,False,2026-06-12T14:41:36
denominator_reconciliation_20260612_144136,NAM-TDF,3,2021-01-09,2025-07-01,1609,1608,0.847225220652234,0.847225220652234,False,23.465456843571257,23.465456843571257,False,2026-06-12T14:41:36
denominator_reconciliation_20260612_144136,NAM-TDF,4,2021-01-09,2025-07-31,1639,1638,0.9004731641079318,0.9004731641079318,False,26.30164673804246,26.30164673804246,False,2026-06-12T14:41:36
denominator_reconciliation_20260612_144136,NAM-TDF,5,2021-01-09,2025-08-30,1669,1668,0.9728078320196597,0.9728078320196597,False,28.414324207892466,28.414324207892466,False,2026-06-12T14:41:36
denominator_reconciliation_20260612_144136,NAM-TDF,6,2021-01-09,2025-09-29,1699,1698,0.9575791689097716,0.9575791689097716,False,27.912843217417148,27.912843217417148,False,2026-06-12T14:41:36
denominator_reconciliation_20260612_144136,NAM-TDF,7,2021-01-09,2025-10-29,1729,1728,0.995405807181014,0.995405807181014,False,29.492921117365878,29.492921117365878,False,2026-06-12T14:41:36
denominator_reconciliation_20260612_144136,NAM-TDF,8,2021-01-09,2025-11-28,1759,1758,0.9824875880596089,0.9824875880596089,False,28.992828315825477,28.992828315825477,False,2026-06-12T14:41:36
denominator_reconciliation_20260612_144136,NAM-TDF,9,2021-01-09,2025-12-28,1789,1788,1.0110262722644252,1.0110262722644252,False,29.855681369147703,29.855681369147703,False,2026-06-12T14:41:36
denominator_reconciliation_20260612_144136,NAM-TDF,10,2021-01-09,2026-01-27,1819,1818,0.9988046071555514,0.9988046071555514,False,29.367428718687666,29.367428718687666,False,2026-06-12T14:41:36
denominator_reconciliation_20260612_144136,NAM-TDF,11,2021-01-09,2026-02-26,1849,1848,1.020383569160602,1.020383569160602,False,29.733167710318266,29.733167710318266,False,2026-06-12T14:41:36
denominator_reconciliation_20260612_144136,NAM-TDF,12,2021-01-09,2026-03-28,1879,1878,1.0073480877576104,1.0073480877576104,False,29.264200807877774,29.264200807877774,False,2026-06-12T14:41:36
denominator_reconciliation_20260612_144136,NOR-Go Local,1,2020-03-08,2025-05-02,1882,1881,10.540588002815351,10.540588002815351,False,3869.302693500828,3869.302693500828,False,2026-06-12T14:41:36
denominator_reconciliation_20260612_144136,NOR-Go Local,2,2020-03-08,2025-06-01,1912,1911,10.48449368670627,10.48449368670627,False,3810.202897155294,3810.202897155294,False,2026-06-12T14:41:36
denominator_reconciliation_20260612_144136,NOR-Go Local,3,2020-03-08,2025-07-01,1942,1941,10.522197792012202,10.522197792012202,False,3759.7144241022033,3759.7144241022033,False,2026-06-12T14:41:36
denominator_reconciliation_20260612_144136,NOR-Go Local,4,2020-03-08,2025-07-31,1972,1971,10.554654251291572,10.554654251291572,False,3722.3904776285312,3722.3904776285312,False,2026-06-12T14:41:36
denominator_reconciliation_20260612_144136,NOR-Go Local,5,2020-03-08,2025-08-30,2002,2001,11.048692606344671,11.048692606344671,False,3775.3366624077767,3775.3366624077767,False,2026-06-12T14:41:36
denominator_reconciliation_20260612_144136,NOR-Go Local,6,2020-03-08,2025-09-29,2032,2031,15.372012196108166,15.372012196108166,False,5596.180491823703,5596.180491823703,False,2026-06-12T14:41:36
denominator_reconciliation_20260612_144136,NOR-Go Local,7,2020-03-08,2025-10-29,2062,2061,15.547436152981897,15.547436152981897,False,5547.773500180754,5547.773500180754,False,2026-06-12T14:41:36
denominator_reconciliation_20260612_144136,NOR-Go Local,8,2020-03-08,2025-11-28,2092,2091,15.44021372132745,15.44021372132745,False,5469.658261519652,5469.658261519652,False,2026-06-12T14:41:36
denominator_reconciliation_20260612_144136,NOR-Go Local,9,2020-03-08,2025-12-28,2122,2121,15.317397137338846,15.317397137338846,False,5393.465834262208,5393.465834262208,False,2026-06-12T14:41:36
denominator_reconciliation_20260612_144136,NOR-Go Local,10,2020-03-08,2026-01-27,2152,2151,15.165460847185354,15.165460847185354,False,5318.763696257487,5318.763696257487,False,2026-06-12T14:41:36
denominator_reconciliation_20260612_144136,NOR-Go Local,11,2020-03-08,2026-02-26,2182,2181,15.074216233056259,15.074216233056259,False,5247.358144435527,5247.358144435527,False,2026-06-12T14:41:36
denominator_reconciliation_20260612_144136,NOR-Go Local,12,2020-03-08,2026-03-28,2212,2211,14.948760445181229,14.948760445181229,False,5177.143956013893,5177.143956013893,False,2026-06-12T14:41:36
denominator_reconciliation_20260612_144136,NZL-Go Local,6,2024-09-14,2025-09-29,381,380,0.5254468736842105,0.5254468736842105,False,3.9202758858326328,3.9202758858326328,False,2026-06-12T14:41:36
denominator_reconciliation_20260612_144136,NZL-Go Local,7,2024-09-14,2025-10-29,411,410,0.533749687804878,0.533749687804878,False,3.6751075690273716,3.6751075690273716,False,2026-06-12T14:41:36
denominator_reconciliation_20260612_144136,NZL-Go Local,8,2024-09-14,2025-11-28,441,440,0.5264544045454543,0.5264544045454543,False,3.4478459050268593,3.4478459050268593,False,2026-06-12T14:41:36
denominator_reconciliation_20260612_144136,NZL-Go Local,9,2024-09-14,2025-12-28,471,470,0.5771711021276594,0.5771711021276594,False,3.7054732500929464,3.7054732500929464,False,2026-06-12T14:41:36
denominator_reconciliation_20260612_144136,NZL-Go Local,10,2024-09-14,2026-01-27,501,500,0.5921882579999999,0.5921882579999999,False,3.5327616593166793,3.5327616593166793,False,2026-06-12T14:41:36
denominator_reconciliation_20260612_144136,NZL-Go Local,11,2024-09-14,2026-02-26,531,530,0.6163595603773583,0.6163595603773583,False,3.4622880991208036,3.4622880991208036,False,2026-06-12T14:41:36
denominator_reconciliation_20260612_144136,NZL-Go Local,12,2024-09-14,2026-03-28,561,560,0.9871737803571429,0.9871737803571429,False,9.28621423226691,9.28621423226691,False,2026-06-12T14:41:36
denominator_reconciliation_20260612_144136,POL-Go Local,1,2022-12-13,2025-05-02,872,871,1.750523373327664,1.750523373327664,False,70.48440687583904,70.48440687583904,False,2026-06-12T14:41:36
denominator_reconciliation_20260612_144136,POL-Go Local,2,2022-12-13,2025-06-01,902,901,2.9550710911968876,2.9550710911968876,False,159.85568201383248,159.85568201383248,False,2026-06-12T14:41:36
denominator_reconciliation_20260612_144136,POL-Go Local,3,2022-12-13,2025-07-01,932,931,3.530257285895162,3.530257285895162,False,176.64698871780263,176.64698871780263,False,2026-06-12T14:41:36
denominator_reconciliation_20260612_144136,POL-Go Local,4,2022-12-13,2025-07-31,962,961,5.723666981444739,5.723666981444739,False,373.2392027875847,373.2392027875847,False,2026-06-12T14:41:36
denominator_reconciliation_20260612_144136,POL-Go Local,5,2022-12-13,2025-08-30,992,991,11.005887767072053,11.005887767072053,False,1921.85259307709,1921.85259307709,False,2026-06-12T14:41:36
denominator_reconciliation_20260612_144136,POL-Go Local,6,2022-12-13,2025-09-29,1022,1021,14.432552894386294,14.432552894386294,False,3263.2020430817556,3263.2020430817556,False,2026-06-12T14:41:36
denominator_reconciliation_20260612_144136,POL-Go Local,7,2022-12-13,2025-10-29,1052,1051,15.015148867905246,15.015148867905246,False,3264.8883069173044,3264.8883069173044,False,2026-06-12T14:41:36
denominator_reconciliation_20260612_144136,POL-Go Local,8,2022-12-13,2025-11-28,1082,1081,14.771111044559131,14.771111044559131,False,3184.2785229128076,3184.2785229128076,False,2026-06-12T14:41:36
denominator_reconciliation_20260612_144136,POL-Go Local,9,2022-12-13,2025-12-28,1112,1111,14.447051633814958,14.447051633814958,False,3098.717222264656,3098.717222264656,False,2026-06-12T14:41:36
denominator_reconciliation_20260612_144136,POL-Go Local,10,2022-12-13,2026-01-27,1142,1141,14.254838063250148,14.254838063250148,False,3020.0791913446565,3020.0791913446565,False,2026-06-12T14:41:36
denominator_reconciliation_20260612_144136,POL-Go Local,11,2022-12-13,2026-02-26,1172,1171,14.325483661971324,14.325483661971324,False,2955.7795627308633,2955.7795627308633,False,2026-06-12T14:41:36
denominator_reconciliation_20260612_144136,POL-Go Local,12,2022-12-13,2026-03-28,1202,1201,14.049028662088618,14.049028662088618,False,2882.48693830336,2882.48693830336,False,2026-06-12T14:41:36
denominator_reconciliation_20260612_144136,QAT-Go Local,1,2022-06-09,2025-05-02,1059,1058,6.5751268368051425,6.5751268368051425,False,730.452710233339,730.452710233339,False,2026-06-12T14:41:36
denominator_reconciliation_20260612_144136,QAT-Go Local,2,2022-06-09,2025-06-01,1089,1088,6.619864619797648,6.619864619797648,False,712.7311559296738,712.7311559296738,False,2026-06-12T14:41:36
denominator_reconciliation_20260612_144136,QAT-Go Local,3,2022-06-09,2025-07-01,1119,1118,6.733696559337962,6.733696559337962,False,701.9977133691143,701.9977133691143,False,2026-06-12T14:41:36
denominator_reconciliation_20260612_144136,QAT-Go Local,4,2022-06-09,2025-07-31,1149,1148,6.706349719808224,6.706349719808224,False,684.7717791886257,684.7717791886257,False,2026-06-12T14:41:36
denominator_reconciliation_20260612_144136,QAT-Go Local,5,2022-06-09,2025-08-30,1179,1178,7.265866906060985,7.265866906060985,False,1027.0386562709461,1027.0386562709461,False,2026-06-12T14:41:36
denominator_reconciliation_20260612_144136,QAT-Go Local,6,2022-06-09,2025-09-29,1209,1208,7.818668232069407,7.818668232069407,False,1136.564538229378,1136.564538229378,False,2026-06-12T14:41:36
denominator_reconciliation_20260612_144136,QAT-Go Local,7,2022-06-09,2025-10-29,1239,1238,7.830577890419905,7.830577890419905,False,1111.0369854330147,1111.0369854330147,False,2026-06-12T14:41:36
denominator_reconciliation_20260612_144136,QAT-Go Local,8,2022-06-09,2025-11-28,1269,1268,7.8225866792900955,7.8225866792900955,False,1086.5469519377598,1086.5469519377598,False,2026-06-12T14:41:36
denominator_reconciliation_20260612_144136,QAT-Go Local,9,2022-06-09,2025-12-28,1299,1298,7.808926434006044,7.808926434006044,False,1062.7860131584398,1062.7860131584398,False,2026-06-12T14:41:36
denominator_reconciliation_20260612_144136,QAT-Go Local,10,2022-06-09,2026-01-27,1329,1328,7.805742747996868,7.805742747996868,False,1040.406662765769,1040.406662765769,False,2026-06-12T14:41:36
denominator_reconciliation_20260612_144136,QAT-Go Local,11,2022-06-09,2026-02-26,1359,1358,7.807437984049956,7.807437984049956,False,1019.3609339411762,1019.3609339411762,False,2026-06-12T14:41:36
denominator_reconciliation_20260612_144136,QAT-Go Local,12,2022-06-09,2026-03-28,1389,1388,8.65888326753591,8.65888326753591,False,1151.8570499327802,1151.8570499327802,False,2026-06-12T14:41:36
denominator_reconciliation_20260612_144136,SGP-Go Local,1,2019-07-01,2025-05-02,2133,2132,1.00475526293128,1.00475526293128,False,9.586347295497264,9.586347295497264,False,2026-06-12T14:41:36
denominator_reconciliation_20260612_144136,SGP-Go Local,2,2019-07-01,2025-06-01,2163,2162,1.0666965270904203,1.0666965270904203,False,10.042921358590464,10.042921358590464,False,2026-06-12T14:41:36
denominator_reconciliation_20260612_144136,SGP-Go Local,3,2019-07-01,2025-07-01,2193,2192,1.1441741617561536,1.1441741617561536,False,10.731446052872737,10.731446052872737,False,2026-06-12T14:41:36
denominator_reconciliation_20260612_144136,SGP-Go Local,6,2019-07-01,2025-09-29,2279,2278,2.5810167640779147,2.5810167640779147,False,1014.0319936935059,1014.0319936935059,False,2026-06-12T14:41:36
denominator_reconciliation_20260612_144136,SGP-Go Local,7,2019-07-01,2025-10-29,2309,2308,2.662917411425255,2.662917411425255,False,1002.1028633735281,1002.1028633735281,False,2026-06-12T14:41:36
denominator_reconciliation_20260612_144136,SGP-Go Local,8,2019-07-01,2025-11-28,2339,2338,2.772149955761116,2.772149955761116,False,991.3457430679242,991.3457430679242,False,2026-06-12T14:41:36
denominator_reconciliation_20260612_144136,SGP-Go Local,9,2019-07-01,2025-12-28,2369,2368,2.846585669159413,2.846585669159413,False,980.1211452230868,980.1211452230868,False,2026-06-12T14:41:36
denominator_reconciliation_20260612_144136,SGP-Go Local,10,2019-07-01,2026-01-27,2399,2398,2.810973671630312,2.810973671630312,False,967.8594127974437,967.8594127974437,False,2026-06-12T14:41:36
denominator_reconciliation_20260612_144136,SGP-Go Local,11,2019-07-01,2026-02-26,2429,2428,2.7762417069890812,2.7762417069890812,False,955.900688586602,955.900688586602,False,2026-06-12T14:41:36
denominator_reconciliation_20260612_144136,SGP-Go Local,12,2019-07-01,2026-03-28,2459,2458,2.7423575527133806,2.7423575527133806,False,944.2338779040965,944.2338779040965,False,2026-06-12T14:41:36
denominator_reconciliation_20260612_144136,SWE-Go Local,1,2021-10-23,2025-05-02,1288,1287,23.635798934365717,23.635798934365717,False,10751.33756088974,10751.33756088974,False,2026-06-12T14:41:36
denominator_reconciliation_20260612_144136,SWE-Go Local,2,2021-10-23,2025-06-01,1318,1317,23.939917626065807,23.939917626065807,False,10615.095857472925,10615.095857472925,False,2026-06-12T14:41:36
denominator_reconciliation_20260612_144136,SWE-Go Local,3,2021-10-23,2025-07-01,1348,1347,25.37658134040733,25.37658134040733,False,11070.408577050319,11070.408577050319,False,2026-06-12T14:41:36
denominator_reconciliation_20260612_144136,SWE-Go Local,4,2021-10-23,2025-07-31,1378,1377,27.205659956084723,27.205659956084723,False,11215.161680984402,11215.161680984402,False,2026-06-12T14:41:36
denominator_reconciliation_20260612_144136,SWE-Go Local,5,2021-10-23,2025-08-30,1408,1407,33.90624909632455,33.90624909632455,False,15102.95233848655,15102.95233848655,False,2026-06-12T14:41:36
denominator_reconciliation_20260612_144136,SWE-Go Local,6,2021-10-23,2025-09-29,1438,1437,37.14273598366641,37.14273598366641,False,17528.20976055366,17528.20976055366,False,2026-06-12T14:41:36
denominator_reconciliation_20260612_144136,SWE-Go Local,7,2021-10-23,2025-10-29,1468,1467,37.68356990629082,37.68356990629082,False,17456.617764587456,17456.617764587456,False,2026-06-12T14:41:36
denominator_reconciliation_20260612_144136,SWE-Go Local,8,2021-10-23,2025-11-28,1498,1497,37.19088640917076,37.19088640917076,False,17112.29814887427,17112.29814887427,False,2026-06-12T14:41:36
denominator_reconciliation_20260612_144136,SWE-Go Local,9,2021-10-23,2025-12-28,1528,1527,36.64780232385635,36.64780232385635,False,16779.30392621784,16779.30392621784,False,2026-06-12T14:41:36
denominator_reconciliation_20260612_144136,SWE-Go Local,10,2021-10-23,2026-01-27,1558,1557,36.09685218274157,36.09685218274157,False,16458.152277662837,16458.152277662837,False,2026-06-12T14:41:36
denominator_reconciliation_20260612_144136,SWE-Go Local,11,2021-10-23,2026-02-26,1588,1587,35.86078077727072,35.86078077727072,False,16169.529628851884,16169.529628851884,False,2026-06-12T14:41:36
denominator_reconciliation_20260612_144136,SWE-Go Local,12,2021-10-23,2026-03-28,1618,1617,38.41585319327683,38.41585319327683,False,17168.351428945112,17168.351428945112,False,2026-06-12T14:41:36
denominator_reconciliation_20260612_144136,TWN-Go Local,6,2024-09-13,2025-09-29,382,381,0.8727118162729659,0.8727118162729659,False,11.33314468010047,11.33314468010047,False,2026-06-12T14:41:36
denominator_reconciliation_20260612_144136,TWN-Go Local,7,2024-09-13,2025-10-29,412,411,1.1206961849148422,1.1206961849148422,False,33.78581122781191,33.78581122781191,False,2026-06-12T14:41:36
denominator_reconciliation_20260612_144136,TWN-Go Local,8,2024-09-13,2025-11-28,442,441,1.5238404217687072,1.5238404217687072,False,52.556874735068654,52.556874735068654,False,2026-06-12T14:41:36
denominator_reconciliation_20260612_144136,TWN-Go Local,9,2024-09-13,2025-12-28,472,471,4.335181305732485,4.335181305732485,False,188.5201161016697,188.5201161016697,False,2026-06-12T14:41:36
denominator_reconciliation_20260612_144136,TWN-Go Local,10,2024-09-13,2026-01-27,502,501,4.565306137724554,4.565306137724554,False,184.06890374692856,184.06890374692856,False,2026-06-12T14:41:36
denominator_reconciliation_20260612_144136,TWN-Go Local,11,2024-09-13,2026-02-26,532,531,4.579414355932206,4.579414355932206,False,175.2793862128424,175.2793862128424,False,2026-06-12T14:41:36
denominator_reconciliation_20260612_144136,TWN-Go Local,12,2024-09-13,2026-03-28,562,561,6.706743741532979,6.706743741532979,False,484.4703538810834,484.4703538810834,False,2026-06-12T14:41:36
denominator_reconciliation_20260612_144136,ZAF-Go Local,1,2019-07-01,2025-05-02,2133,2132,32.415837600163606,32.415837600163606,False,9644.747716422426,9644.747716422426,False,2026-06-12T14:41:36
denominator_reconciliation_20260612_144136,ZAF-Go Local,2,2019-07-01,2025-06-01,2163,2162,32.43284823614651,32.43284823614651,False,9541.590900425042,9541.590900425042,False,2026-06-12T14:41:36
denominator_reconciliation_20260612_144136,ZAF-Go Local,3,2019-07-01,2025-07-01,2193,2192,32.42141899751313,32.42141899751313,False,9434.593483971861,9434.593483971861,False,2026-06-12T14:41:36
denominator_reconciliation_20260612_144136,ZAF-Go Local,6,2019-07-01,2025-09-29,2279,2278,60.964097339573655,60.964097339573655,False,753472.7087569843,753472.7087569843,False,2026-06-12T14:41:36
denominator_reconciliation_20260612_144136,ZAF-Go Local,7,2019-07-01,2025-10-29,2309,2308,60.736824832560146,60.736824832560146,False,743711.0714487405,743711.0714487405,False,2026-06-12T14:41:36
denominator_reconciliation_20260612_144136,ZAF-Go Local,8,2019-07-01,2025-11-28,2339,2338,60.15571867431511,60.15571867431511,False,734176.1629579326,734176.1629579326,False,2026-06-12T14:41:36
denominator_reconciliation_20260612_144136,ZAF-Go Local,9,2019-07-01,2025-12-28,2369,2368,59.79366009524862,59.79366009524862,False,724897.3798507919,724897.3798507919,False,2026-06-12T14:41:36
denominator_reconciliation_20260612_144136,ZAF-Go Local,10,2019-07-01,2026-01-27,2399,2398,59.4960663405124,59.4960663405124,False,715854.6777501064,715854.6777501064,False,2026-06-12T14:41:36
denominator_reconciliation_20260612_144136,ZAF-Go Local,11,2019-07-01,2026-02-26,2429,2428,59.53738438819963,59.53738438819963,False,707067.1120602482,707067.1120602482,False,2026-06-12T14:41:36
denominator_reconciliation_20260612_144136,ZAF-Go Local,12,2019-07-01,2026-03-28,2459,2458,59.4402010160898,59.4402010160898,False,698479.838299773,698479.838299773,False,2026-06-12T14:41:36
